2010-11-23 23:46:44,abby,越看越觉得自己真是老了。。。。。,4,推荐,1395,0.7031967240870607
2010-11-24 13:08:03,桃色響尾蛇,萌死我算了，男主太帅了吧！,5,力荐,6344,0.7160201810077211
2010-11-25 14:30:55,Phyllis,Flipped，怦然心动，喜欢这个翻译的片名，就像第一次看到那棵树上的美景，就像第一次看到你闪亮的眼睛，那一瞬，就莫名心动了,5,力荐,4990,0.9996830756962533
2010-11-25 23:19:20,ssxy,真好 小鹿乱撞啊,5,力荐,686,0.920881610576085
2010-11-26 14:00:57,Doublebitch,赤果果的早恋啊！在天朝肯定要被禁！,4,推荐,2001,0.2154962411544047
2010-11-28 21:09:59,❤yone.小米,篮子男孩，好萌的活动，怎么我们学校以前没有啊！,4,推荐,5184,0.998533236845672
2010-11-28 22:39:46,鹿 卡,外公说的话：有些人浅薄，有些人金玉其外败絮其中，但是总有一天，你会遇到一个绚丽的人，她让你觉得你以前遇到过的所有人都只是浮云。片尾曲Everly brothers的Let it be me很好听。,5,力荐,17283,0.4172604289036441
2010-11-29 11:39:19,yuci2,可能比山楂树还纯哦！,5,力荐,1804,0.9578015126637462
2010-11-30 13:06:25,Q。,"“I bless the day I found you.""有人或许会认为这种以独白为主和双角度的叙事表现方式会降低故事的感染力，但我却十分喜欢这种表现形式。故事虽然单薄，也很模式化，结尾也略显仓促，但看过以后是绝对不会想要给予低分的。Btw，字幕后那段钢琴曲太美妙了。★★★★☆",4,推荐,704,0.9999845084960204
2010-12-01 09:55:56,大宸,美国小清新罢了，Callan McAuliffe真是帅气...,4,推荐,76,0.9906251796616496
2010-12-01 10:33:55,TORO VAN DARKO,莱纳继《伴我同行》后再度讲述上世纪六十年代的成长故事，只是这一次是关于爱情。影片的双线旁白在最后合二为一煽情效果不俗。不过之前对两人情感纠葛过多的描述稍显拖沓。“整体和部分“不止存在于人身上更是在生活中，至于结果是谁大于谁，是由我们自己决定。一个如此萌的正太站在面前，谁不会心动？,4,推荐,39,0.9999999989386276
2010-12-01 10:49:29,熊大柚小內內,………………我能給十星嗎！,5,力荐,7283,0.1763567370606651
2010-12-02 00:36:55,UrthónaD'Mors,真好，两小无猜只是相知过晚。如果你遇到像彩虹一般的ta一定要抓住并珍惜！有些人浅薄，有些人金玉其外败絮其中，但是总有一天，你会遇到一个绚丽的人。ps片尾曲Everly bro的歌词真好，虽然我不相信永远不过如果我可以和相知的ta在一起的话，那么我希望那个人就是我。这片感觉到就够了,5,力荐,860,0.9978009687792676
2010-12-02 10:41:07,图灵莉莎,我看完后也对这女孩感触特别深，她独立而勤劳，恪守自尊但又不敏感到浑身长刺，正像邦妮另外一条说的，没有那个男孩，她也会生长得很好。对于成长电影来说，它对孩子和家长都很有教育意义，不论面对挫折还是爱，它都有非常正向的可贵的价值观。,5,力荐,15604,0.9999999999991276
2010-12-02 22:37:50,LORENZO 洛伦佐,超温馨 我也喜欢那个女孩,4,推荐,19,0.9726745439537278
2010-12-02 23:53:46,大奇特(Grinch),罗伯.莱纳强势回归！手法流畅洗练，丝毫没有落入俗套和滥情之处。对两小无猜的男孩儿/女孩儿巧妙地互动关系下，呈现出他们不同的性格、观点与差异， 旁白充满纯真、幽默和浪漫，在两者巧妙地互动关系下，也对成长有了一番细腻的描绘。男女主角很萌，一个像莱昂纳多，一个有娜塔莉波曼的气质~,5,力荐,2280,0.9999999999999998
2010-12-03 09:58:50,苏更生,什么乱七八糟的心动……小孩的幼稚你就以为是爱情了……家庭的温情和励志不就好莱坞的那些老一套嘛。。。。。。。,3,还行,550,0.983282060971162
2010-12-03 21:13:45,Esse,当你喜欢我的时候，我不喜欢你；当你爱上我的时候，我喜欢上你；当你离开我的时候，我却爱上你；是你走得太快，还是我跟不上你的脚步……,5,力荐,13511,0.9986600208204944
2010-12-05 09:16:04,桃桃林林,很喜欢《伴我同行》，罗伯·莱纳在蛰伏了差不多20年之后，终于又回到了他的童年故事。关于回忆，关于金色的美好时光。初恋的故事。那些小感动，他始终有一手。,4,推荐,476,0.9999997362567656
2010-12-05 14:44:20,影志,融入了一切我喜欢的电影元素，画风怀旧，演员超萌。60高龄的导演罗伯·莱纳在2010年奉献了一部极像是80年代电影的「两小无猜」式爱情小瘙痒，不及《伴我同行》深刻，却同样令人“怦然心动”。,5,力荐,486,0.9999989546592302
2010-12-05 20:17:37,mon babe,又一部让我痛哭流涕的片子。让我想起Melody，以及一切怀有美好情感的故事。我羡慕朱莉安娜的家庭，听到兄弟俩完美的和声，当时就落泪了；我羡慕她有一个好爸爸，为她画下心爱的梧桐树。更羡慕有一个布莱斯那样的可爱男孩，最后慢慢的意识到自己喜欢她。原本没怀有期望，可是，在童话面前，我输了,5,力荐,834,1.0
2010-12-06 11:07:40,CyberKnight电子骑士,rob reiner又回来了！不亚于stand by me的优秀之作！让拍个莎莫500天就显得很牛的人看看，老家伙玩小清新更纯属有味道。毫不刻意煽情，男孩的转变非常细腻可信，年度最温馨可爱的电影之一。,5,力荐,48,0.999984105199717
2010-12-06 23:32:10,草威,这个片子的感觉太准了，小时候喜欢一个人就是不断地找她麻烦，和她纠缠。,4,推荐,9,0.959778951789192
2010-12-07 00:25:43,胡克,某山渣树怎么好意思说自己是史上最纯？？！！！！！ 这个真打动我了。。。女孩是第二眼美女！！！！！！！！！！,4,推荐,13601,0.6241679810322716
2010-12-08 20:53:56,马赛克,尴尬肤浅的低幼小清新，这种片在你瓣也能捧上天,2,较差,88,0.1121234089704287
2010-12-09 15:29:23,米姐起飞,当他爸爸画了棵大树扛到伤心的她面前，我哭了呢~,4,推荐,367,0.999694092312168
2010-12-10 09:42:13,乌鸦火堂,青春版当莎莉遇到哈利，单纯版伴我同行，温柔版危情十日，罗布雷纳集大成之作，这才是搞对象的必看电影,5,力荐,18,0.9996747429110628
2010-12-10 19:06:19,肖浑,这算完美吗？小镇美景、帅正太、酷萝莉、家庭温情、成长点滴。。。双线结构，视角切换，细节丰富，过程明晰。。。爱就该是这样悠悠扬扬、婉婉转转、一阵冷、一阵热、一阵抽风、一阵颤抖的过程。。。睿智外公和脑残叔叔是惊喜。。。爱到最后拼的果然还是人格魅力啊。,5,力荐,2256,0.9999999998682878
2010-12-11 00:11:54,桃子,是有声书吗？旁白唠叨死了！,2,较差,13,0.8258867603946658
2010-12-11 00:52:34,眠去,像《初恋的回忆》的童年版,4,推荐,11,0.9996108893432591
2010-12-11 17:27:31,艾小柯,4.5星，年度最令人感动的电影。,4,推荐,41,0.9131137442682092
2010-12-12 16:52:05,狷介有乌青,当她在他身边蹦跶乱窜，他始终不屑一顾。当他意识到原来自己的眼神早已无法离开她时，她已优雅、自信、美丽得如同女神一般。,5,力荐,5896,0.9998721020605112
2010-12-12 21:51:41,战国客,如果当年我上学时有“篮子女孩”的活动，又会怎样？……哈哈,4,推荐,88,0.9971204299904856
2010-12-12 22:42:08,荔枝超人,干脆去电台朗读小说就好了。,2,较差,454,0.1994512578446003
2010-12-13 13:14:14,迪古桥,豆瓣上的小朋友太多了,2,较差,47,0.8977461844037692
2010-12-13 16:49:33,邓若虚,傲慢与偏见的故事。,3,还行,16,0.7111439589958233
2010-12-13 19:14:17,蚂蚁没问题,譬如说女追男然后女的放弃然后男的突然开窍了开始反追然后女的拒绝然后男的继续无所不用其极然后你来我往几个回合最后皆大欢喜在一起的情节其实隽永美好的跟灰姑娘也快差不多了，我最喜欢也不是那句好莱坞俗套一般的“有天你将遇到一个人巴拉巴拉”，而是小孩儿应该怎么正能量的长大，遇到爱情也不卑微,5,力荐,362,0.9999999614446804
2010-12-14 22:34:15,鬼腳七,所以说嘛，男人和女人永远是无法互相理解的。角度很不错，旁白有点冗长。and我不明白这片子为什么这么高分，我太不文艺了！,3,还行,5,0.9691398818960948
2010-12-16 18:40:10,刘一涵,事实证明，很多人还是喜欢绣花枕头的,3,还行,1149,0.3701676750482117
2010-12-18 12:27:04,不流ᝰ,上学的时候早恋，父母反对；上班了不恋爱，父母反对。你真是羡慕人家老外啊。,4,推荐,6284,0.9999815701527972
2010-12-18 16:39:03,浅。,"Some of us get dipped in flat, some in satin, some in gloss. But every once in a while, you find someone who's iridescent. And when you do, nothing will ever compare.有些人浅薄，有些人金玉其外而败絮其中。有天你会遇到一个彩虹般绚丽的人，当你遇到这个人后，会觉得其他人只是浮云而已。",5,力荐,4961,0.2422925915462134
2010-12-18 18:42:09,欢乐分裂,不仅是青春和爱情，还有责任和自立。,4,推荐,14,0.9989651649325744
2010-12-20 10:25:13,追风筝的人,完美的爱情片，就叙事角度和手法而言，甚至超越两小无猜,5,力荐,12,0.9992058077396668
2010-12-22 01:08:28,匡轶歌,"有的人浅薄，有的人金玉其表败絮其中。有一天 你会遇到一个彩虹般绚烂的人，当你遇到这个人后，会觉得其他人都只是浮云而已。 
　　 
",3,还行,10,0.268434125942444
2010-12-23 01:44:27,沉歌,这女孩让我想起了十几年前的老电影《小丫头》里的女主角——越看越觉得这男孩根本配不上她，好想成为这样的女孩。,5,力荐,564,0.9998637317642534
2010-12-23 08:12:18,文泽尔,"Gimme your lips for just a moment and my imagination will make that moment live. Gimme what you alone can give, a kiss to build a dream on.",4,推荐,22,0.0427829563147467
2010-12-24 15:08:29,lowdive,我想对我将来的儿子说，你可以14岁的时候就恋爱，但你喜欢的女孩一定要像Juli Baker一样。,5,力荐,745,0.9920688217030972
2010-12-26 18:10:57,阿暖,评价好高啊为毛我觉得很无聊= =而且这姑娘长得真像我一高中同学看到她我就觉得好悲剧……,3,还行,17,0.9964528454010476
2011-01-01 18:22:37,蒜 | BOY A 🌈,2011年第一部电影《怦然心动》：有些人浅薄，有些人金玉其外而败絮其中，有天你会遇到一个彩虹般绚丽的人，当你遇到这个人之后，会觉得其他人都只是浮云而已。,5,力荐,10,0.9816949954368664
2011-01-01 18:50:03,海洋小饼干🍪,“我们中有的人暗淡无光，有的色泽艳丽，有的则光彩照人，但是偶尔你也会遇到色彩斑斓的人。当你真遇到时，其他的一切都不重要了。”——《怦然心动》,5,力荐,22,0.8774426309641185
2011-01-01 22:26:23,Ms_underwater,评分这么高的点到底在哪里？,3,还行,29,0.8871523492302574
2011-01-02 00:06:26,原来是西门大嫂,吃着全家桶看完后杨巴巴说，猴子你等我我去把鸡翅种到家门口。。。,4,推荐,32,0.7047406582995337
2011-01-02 00:39:34,亵渎电影,结局过于仓促了点，但过程却是那种的清新而美妙！遇到一个对的人那种瞬间悸动被导演还原了，再次带观众清纯年轻了一次，回想那一年的怦然心动！★★★★,4,推荐,343,0.9999999987109104
2011-01-04 23:56:34,毛利,一个暗恋女苦尽甘来的故事，美式罐装心灵鸡汤，看来很多人都喝high了。,3,还行,201,0.9006102603784653
2011-01-08 13:35:31,米粒,很堅強很特別的小女孩 帥帥傻傻的小男孩 ：） 如果能再為你怦然心動一次 我甘願！,4,推荐,19,0.9907593846499404
2011-01-15 12:09:53,宋小君,美好……,5,力荐,19,0.8150694091814087
2011-01-25 10:24:38,蜉蝣,大胆又坚定的姑娘。,4,推荐,8,0.96914380974605
2011-01-26 23:57:28,shu,很动人。对于大多数人，这样的事儿在当时都是差一点儿发生或者只发生了一点儿吧，所以看到电影里的种种都像是想象和期望的延伸。 ,5,力荐,17,0.744030983381036
2011-01-31 11:53:44,Sophie  Z,有些人浅薄，有些人金玉其外而败絮其中，有天你会遇到一个彩虹般绚丽的人，当你遇到这个人之后，会觉得其他人都只是浮云而已。,5,力荐,15,0.7450601201796246
2011-02-05 10:56:16,SydneyCarton,还真的让我有一点点动心，本来觉得结尾有点煞，但现在回想下，是我觉得93分钟过得太快了。,4,推荐,7,0.9697681529371726
2011-02-12 02:16:37,抖啊抖,我想任何一段感情都是有时差的 你先注意到我把我默默看在眼里和我很久以后才确信你是唯一的最好的只想要度过一生的人 很多年后你跟我随意谈起那些我从不自知和早已遗忘的琐碎细节 我想起当时自己是如何把所有心思都花在另一个人身上而仿佛被施了障眼法 时间看似残忍却默不作声地容忍我们暂且做伴,4,推荐,355,0.9999999756961144
2011-02-18 01:53:17,艾晨,真是美好啊,5,力荐,8,0.7384279476571919
2011-03-05 15:05:14,tina,爱情是树不是花。,5,力荐,2240,0.9565705783412194
2011-03-10 18:27:18,亚比煞,很纯的故事，也许是太纯了，所以让我喜欢不起来，总让我联想到心灵鸡汤，读者之类的故事，中间有几个小波折，最后是励志的皆大欢喜的结尾。不痛不痒，也看不到新意和发人深省的东西。难道是我心理太阴暗，太挑剔？我宁愿要看血肉模糊的现实。,3,还行,283,0.9930503159051844
2011-05-15 16:09:00,袁长庚,我可以给这片子6颗星么？,5,力荐,23,0.5064606129552707
2011-05-29 21:12:56,大头绿豆,前半截会觉得过了，但，可能那样才是最合适的。”我们中有的人暗淡无光，有的平平无奇，有的则光彩照人。但是很偶尔，你才会遇到那些彩虹般绚烂的人。当你真正遇到时，其他人都不再重要了。“met&miss.”一路上的沉默胜过千言万语。“,5,力荐,24,0.999997638503056
2011-06-25 14:35:56,同志亦凡人中文站,让人怦然心动的青涩童年,5,力荐,248,0.9926453415529608
2011-07-01 18:04:49,李彬BinLee,真好看的青春片！,5,力荐,20,0.6928717835615362
2011-08-13 15:59:29,曾于里,真的会把人萌倒,5,力荐,21,0.7664676861766582
2011-08-30 22:48:08,李斯本,爱人的眼睛都会笑，其他人的眼睛都看不到。,4,推荐,53,0.1835214891756199
2011-09-13 18:52:59,伊卡洛斯,因为喜欢你所以想去去拉你的手， 所以在众目睽睽之下就去抱你， 所以给你送新鲜的鸡蛋。 你若是也喜欢我就为我种一棵树吧。,5,力荐,10,0.9944597271308016
2011-11-21 13:54:21,昏金暗玉,简单大方，返璞归真。否则Rob Reiner大可以追述小男孩的父亲为何未能改变一个既定的事实：他无法成为一个萨克斯风手，只能对家人和邻居怀着不动声息的怒火。Rob Reiner不想玩深度，他只怀念那份甜。,4,推荐,16,0.9999936899152004
2011-12-27 05:18:16,小A,9.25 转换旁白角色的时候画面会翻转，响应标题'flipped'。罗伯·莱纳真有意思，从'摇滚万万岁'开始就新奇想法不断，而且表达这些想法和使用资金一样很到位，布朗克斯人都喜欢打一枪换一个地方么。跟着思绪走的剧本行进流畅。一口气看这么多美国小甜妞有点眼晕啊。,4,推荐,6,0.9999999149274976
2012-01-19 12:34:02,司令,多一星给男主，好帅,4,推荐,9,0.586662466766194
2012-02-01 07:02:52,北欧以北,有些人浅薄，有些人金玉其外，败絮其中，有一天你会遇见一个彩虹般绚烂的人，当你遇见这个人后，会觉得其他人只是浮云而已。会发光的人，是能拯救他人的人生的。怎么都觉得男主角是绣花枕头，但有双迷人的眼睛。我总觉得是女孩挽救了他的人生，否则他是否会和他父亲一样最后从骨子里腐烂掉呢。,5,力荐,20,0.999914399460942
2012-03-01 18:31:02,淡了你就加点盐,真的理解不了了，怎么就那么高分，每天看个5分钟，看了半个月才勉强看完,2,较差,83,0.2828436160097124
2012-03-31 05:05:15,小海,导演居然是一个47年的大叔，他是多有童心啊……小男演员真的好帅……还有很遗憾的感叹，我想早恋可是TM已经晚了！！！,4,推荐,11,0.9990577505105382
2012-04-11 09:02:49,葵花卷,"有人住高楼，有人在深沟，有人光万丈，有人一身锈，世人万千种，浮云莫去求，斯人若彩虹，遇上方知有。 
",4,推荐,102,0.1388454606531797
2012-04-30 15:30:34,你看起来很美味,看完了之后我对男主角怦然心动了怎么办......,5,力荐,37,0.6716602463290331
2012-05-24 08:27:28,不良生,某段时间我们都是那个少女，某段时间我们都是那个少男。,4,推荐,158,0.9859022710926
2012-06-12 12:35:35,吃薯片的猫,非常温暖的一个片，看完心情很好,5,力荐,53,0.9909650552007596
2012-06-29 14:38:45,赫恩曼尼,学着像这个小姑娘一样有尊严地爱。不过最打动我的还是那句，总有一天，你会遇见一个如彩虹般绚烂的人；到那个时候，你会觉得之前的都是浮云。,4,推荐,522,0.9999822129061816
2012-10-10 19:35:05,哪吒男,我曾爱过一个男孩。,5,力荐,17,0.9764400105143284
2012-10-18 17:25:30,大白能喵,不喜欢这么外露的女主+优越感到天上去的男主视角，女主越变越丑一点不萌，而且有必要这么低三下四抛弃自尊去迎合有一个不喜欢你的人么= =坐在树上看风景的情节还不错。不过双重叙述好歹看出点区别来不行么。半小时都不到就看不下去了。,2,较差,20,0.9999999032578905
2012-11-07 23:31:55,Luke,puppy love. 真是令人怦然心动。,5,力荐,22,0.7741549084574646
2012-11-18 22:07:57,黄青蕉,斯人若彩虹，遇上方知有,4,推荐,3392,0.912109088790562
2012-12-27 09:37:50,刘康康,初恋的悲剧就在于跟初中女生相比初中男生就是个傻逼啊，这片儿要搁亚洲拍绝对是一悲剧结局，就像那些年或者建筑学概论，男人念叨着曾经有一份真挚的感情摆在我面前可惜我没有珍惜等到失去时才后悔莫及。双视点的运用导演控制得恰到好处，反正我作为观众没有因为相同情节讲两次而感到烦躁。女主角真美。,4,推荐,29,0.9999999999990016
2012-12-28 18:40:48,琴酒,重看真是觉得太好看了，淳朴，真挚。最好的女孩子。,5,力荐,23,0.9648587896710016
2013-02-23 10:15:30,维城乱马,看了十分钟之后我就明白了，为什么我只是在豆瓣上点一看想看就获得了几十个“赞”……有一个朱丽这样懂事和坚强的女儿或者女朋友实在太幸福了。,5,力荐,60,0.9998285264565552
2013-03-26 23:33:49,九尾黑猫,希望每个人都能遇到这样的女孩，吻醒那些腐朽的心。,4,推荐,844,0.97034424386454
2013-06-30 15:59:26,撒旦的表妹,男主好帅，julie的两个哥哥也很帅啊,5,力荐,35,0.983949452621772
2013-08-15 23:00:55,汪金卫,小清新的青春爱情童话。故事很俗套，但拍的很好。同一情景双重角度这一想法很棒。剧本很扎实，干净利落不拖沓。即使配角也对剧情各有用处。《当哈利遇上莎莉》导演罗伯·莱纳回归纯爱题材，果然手法流畅凝练。但就是觉得缺了点什么东西，能让其更完美一点，更动人一点。,4,推荐,9,1.0
2013-08-21 22:43:13,西楼尘,真希望能和更多这样美好文艺的怦然心动相遇。人设不是我喜欢的类型，但是就是恰到好处地戳中你的心坎。,5,力荐,48,0.9996904181688454
2013-11-07 12:52:36,朝暮雪,叙事手法很赞，同一件事在不同人的眼中可能截然不同。,4,推荐,192,0.9846956501584836
2013-12-13 08:39:01,🧸,觉得不太好看 为什么分这么高呢,3,还行,57,0.4138367396018989
2013-12-13 08:39:01,🧸,觉得不太好看 为什么分这么高呢,3,还行,57,0.4138367396018989
2014-02-07 01:51:41,岛上的夏奈,自己没有机会经历的话，跟着电影经历一次也算了了心愿了。,5,力荐,24,0.9986203056267948
2014-06-20 12:35:49,曼仔,叙事很好，拍的很细腻，表演也很细腻，配角也颇有可挖掘处，但是唯一的缺点就是真的只有我一个人觉得Juli长的真的不好看么……特别像电视剧手机里的牛彩云……看到她我的脑海中就盘旋着“牛三斤，牛三斤，你的媳妇叫吕桂花”然后分分钟跳tone。刚开始镜头里那个小Juli长的是真好看！Bryce长的也好看。,4,推荐,13,0.9999995196037884
2014-09-20 15:04:07,左胸上的吸盘,故事很简单，罗伯莱纳好像也不接故事复杂的活儿，其实这片子说起来，故事又简单、形式又很PPT，是没什么意思的，但是看的时候心情还算愉悦,3,还行,10,0.9994860792190532
2014-12-03 00:40:26,心生,美好得让人喘不过气。,5,力荐,19,0.6893558811036112
2015-02-01 14:09:38,闫妮,记得当年年纪小， 你爱谈天我爱笑。依然是迄今最喜欢的片子，触到心里最柔软的地方。,5,力荐,14,0.9966510114433752
2015-05-11 10:18:38,圆满金秋,你不用为谁变成他们想要的样子，你自己本来的样子就是最美好的，现在的你只是一颗种子，以后会一定开出灿烂的花朵。,4,推荐,17,0.9991954699256518
2015-06-29 12:22:29,温泽,看介绍很平庸，但其实很精彩。可惜梧桐树是假的。,5,力荐,19,0.8442812106750168
2015-08-15 08:51:21,国王KING,一个关于爱情的故事，男孩与女孩的相识的那一刻就开始怦然心动。成长的故事总是那么让人喜欢。画风怀旧，始终有明亮的暖色调。喜欢里面的叙事方式，双线交替并行推进，虽然内心独白蛮多，可是并不闷。,4,推荐,8,0.9999999989992254
2015-10-19 22:19:45,喜喜,青少年的爱情没有算计没有利用。即使他们走不了太远，但是假装计划未来的样子仍然让我门这些满脑子利益和功利的成年人羡慕不已。,5,力荐,38,0.999993344274866
2015-11-29 16:43:17,冰红深蓝,温馨感人的青春片。双重视角交替切换叙事，并将男孩女孩不同的心理活动通过旁白细腻地呈现，让这个纯真青涩的初恋故事显得新意十足又不乏代入感。影片染上了一层朦胧的暖黄色，配乐清新，对白诙谐而暗含哲理，没有俗套滥情的渲染，唯一不足是收尾稍显仓促。你送给我鸡蛋，我为你种上梧桐树。（8.5/10）,4,推荐,18,0.9999999999645774
2016-02-25 22:20:09,Alain,中国的小孩子是被迫没有初恋的。,5,力荐,10,0.9956271232727888
2016-05-01 20:48:01,ღ 狐不悔，,这大概是我看过的最最简单的故事，可它又是那么不平凡，特别到仅仅是一个眼神就能让你怦然心动。当她走出那扇门时，他看到了Chet说的色彩斑斓的人。,5,力荐,12,0.9942081595393611
2016-05-21 12:05:56,春风绿江南,一个特别简单的故事，讲得荡气回肠。,5,力荐,7,0.9874663059591708
2016-05-21 20:00:24,luna的森林,很好看(｡･ω･｡)ﾉ♡,5,力荐,22,0.8044580932155805
2016-06-07 12:48:37,韦思嘉,女主角这种类型的姑娘，以后一定会长成参天大树保护周围所有人的，男主太囊了，但是架不住皮囊太好啊，如何不喜欢。,5,力荐,374,0.9977541672655538
2016-06-29 11:02:03,Ocap,16.2.5 又是以知音式观感强侵人心的电影，罗伯·莱纳能拍出《伴我同行》和这部，想必是个情商又高记忆力又好的人。用至俗技法去回寻青春的鲜明点滴，暖人心窝又引人叹恨的记忆就这样呼之欲出了，似是而非的的鸡汤中，释放非命题的真善美。片子让我想起初恋，女主却又像极了另一个人，搞我心塞。,4,推荐,9,0.999999999996524
2016-08-05 14:32:00,贝果在唱歌,这他妈才叫青春片呢，里面发生了关于青春所有惊天动地的大事。。。,4,推荐,17,0.9877633766949712
2016-08-16 03:45:43,Vamei,educate your kids with patience,4,推荐,16,0.4476784585098667
2016-09-22 09:58:13,事儿妈,有的爱情，没有波澜壮阔，不是撕心裂肺，却仍旧叫人怦然心动。本片描述的是一对平凡的青梅竹马之间的那些看起来平凡普通的日常小事，但是却仍旧动人心弦充分体会到爱情的美妙。我想这就是本片细节描写及真诚用心的妙处。,4,推荐,34,0.9999999999976288
2016-11-04 12:42:00,默默的蘑菇,年少时的心会随着一个笑容而有变化，一件非常小的人事都会被放大再放大，所以需要被保护，有些东西来得太容易，所以才不被珍视。无论是别人对你的哪一张善意，都应该被珍视。,3,还行,44,0.9607391114900864
2016-12-30 11:50:02,大志的小耳朵,超喜欢这部电影。有些爱情发生的很早，有些爱情可能在认识之后历经多年才产生，无论如何，它发生的那一刹那，那份怦然心动都是最珍贵最美丽的情愫。愿所有美好的心灵不被辜负。,5,力荐,23,0.9999999988869376
2017-01-01 16:09:05,豆瓣酱,很小清新的一部影片，男女主角在青春年少时那样的懵懂纯真的感情，怦然心动的美好。,4,推荐,24,0.9999966715756397
2017-01-08 20:34:04,蓝色啄木鸟,偶然看到的剧，意外的好看，浓浓的美式乡村小清新纯爱剧，中英文版都看了一遍。外国小男生小女生好早熟哦，学校还安排这种与喜欢的男生独处时间的拍卖，场面蛮搞笑的！男主颜挺正，眼睛很好看！女主是童星拍了不少温情片，演技超厉害，很有灵气，期待他们的成长！,5,力荐,63,0.9999999999998423
2017-02-08 00:01:26,暴富的女孩是我,每个年轻男女心中都有那么一棵树吧，不知道还在不在，不知道还能不能再重新种下。,4,推荐,9,0.9975673579557822
2017-02-08 15:29:55,ᥫ᭡້໌,刷了至少十五遍，每次难过就刷一遍，女主刚开始不讨喜，但越看越喜欢，男主的帅气也抵挡不了女主的魅力。这部剧没有别的经典剧那种厚重压抑感，是个能让你放松开心温暖的剧。,5,力荐,62,0.9999999958940682
2017-02-09 15:02:44,去你爹的,到底哪里好了=。=,3,还行,12,0.5882885031672849
2017-02-10 19:49:05,不吵的猫,真正的幸福来自内心深处,4,推荐,14,0.9998889516757974
2017-02-11 20:44:35,昵称被占不开心,两个孩子一棵树，荡气回肠,5,力荐,40,0.9993500043497904
2017-02-11 23:23:59,呢昵喵,纯纯的爱，纯纯的味道。,4,推荐,8,0.9363668132864806
2017-02-17 22:01:38,斑斑点点,每个人心中都有一个属于自己的无花果树。,5,力荐,35,0.7274523715870149
2017-03-08 17:21:31,shield,拍的太好了，好像真的能让人怦然心动,4,推荐,45,0.7481245248598436
2017-03-08 19:44:58,花落  思量错,美式乡村早恋的小孩，体现出一个家庭的温情和素养，追求梦想的小孩，有主见的小孩。拍的真好。,4,推荐,20,0.9735111609845642
2017-03-10 15:24:20,甜椒Oli,"没有人真正的需要救赎。The higher I got, the more amazed I was by the view.",5,力荐,32,0.1631408627259479
2017-03-10 18:26:47,小川   靜,"兩小無猜~~有的人看一眼就喜歡,一眼萬年啊....單純稚嫩的心思,認定了就無法改變.鄉下好美.",5,力荐,6,0.3984437927209441
2017-03-12 22:56:46,媛木子,非常喜欢的经典电影之一，每次看完都感觉心里暖暖的，爱情总是在不经意的瞬间。,5,力荐,6,0.9999578850942552
2017-03-17 20:25:50,sharon,美式清新，在谈清纯的爱慕同时又有一些生活的哲理，动人又不是乏味,4,推荐,17,0.9855325966781044
2017-03-21 22:50:54,杨大志°,有些人浅薄，有些人金玉其外败絮其中，但是总有一天，你会遇到一个绚丽的人，她让你觉得你以前遇到过的所有人都只是浮云。,4,推荐,15,0.5105350068224909
2017-03-22 16:41:53,小森林,两小无猜，温暖美好,5,力荐,10,0.9686661676906664
2017-03-26 12:14:15,还不过来扶着朕,像少女的一个梦，女主太可爱了，男主有点讨气但幸好最后醒悟，我爱这部电影,5,力荐,8,0.9999336346665888
2017-03-27 23:03:52,大耳朵图图_,喜欢这种美丽的爱情，温暖又治愈，重点是男主我好喜欢😍😍😍😍花痴中,5,力荐,10,0.9999895924728516
2017-04-04 13:34:18,超神的我妻由乃,上个世纪的故事 电影色调很暖 故事简单但很甜 还有男主真的好帅,5,力荐,8,0.999794865570558
2017-04-06 15:26:35,卡比巴拉的海,真正的幸福是来自内心深处,3,还行,26,0.9998889516757974
2017-04-06 15:26:35,卡比巴拉的海,真正的幸福是来自内心深处,3,还行,26,0.9998889516757974
2017-04-11 14:03:40,纤纤,让你相信一见钟情确有发生，怦然心动感觉很美好。,4,推荐,10,0.9962374200565002
2017-04-27 21:00:14,美女菜kun,真正的怦然心动，好心水啊！,4,推荐,11,0.6454466361226114
2017-04-27 21:34:14,爱情海,是一部清新自然的青春年少时感情，懵懂纯真的感情，最让人怦然心动。,4,推荐,7,0.9999972024863344
2017-04-27 22:26:32,我lu不会飞,斯人若彩虹，遇上方知有，看完了真的是满满的感动,4,推荐,13,0.996542769721266
2017-04-30 14:45:34,途经一个你,斯人若彩虹，遇上方知有。真的是怦然心动。,5,力荐,8,0.973239155565242
2017-05-11 22:43:26,美神经,总有那么一次怦然心动。,4,推荐,18,0.8106219483507575
2017-05-27 11:31:55,蓝下老婆,很羡慕女主，有对自己的认知，感性和理性完美的结合,5,力荐,26,0.9999970365454218
2017-05-27 12:41:56,沧海一小生,影片把这份怦然心动的情感演绎地好美啊！,4,推荐,24,0.9994650593706716
2017-05-27 14:22:23,Giroro,听力课上看的电影，怦然心动，就只是一眼，一眼万年，初恋总是美好的,4,推荐,12,0.9999865810471744
2017-05-31 13:39:45,茹影随形,初恋的故事总是简单又动人，多么美好。我的青春呢？,5,力荐,4,0.9999766355755716
2017-06-17 17:31:33,你不喜欢文渊吗,初恋是最棒的也是最瞎的,4,推荐,13,0.9964978344259592
2017-06-30 07:38:04,榴莲妹,怦然心动，初恋的感觉挺好，其实也不是童话般的故事，但也会向往。女主很优秀独立，会值得有更好的,4,推荐,7,0.9999999767613418
2017-08-11 23:58:36,novich,平行结构，明显偏向女方。讽刺的是，被动阴柔、以色相取胜的是男性，主动、真实、勇敢的却是女性，也是此片诱人之处。女性主义色彩的青春片。,4,推荐,17,0.9999888528360156
2017-08-15 00:39:36,滚滚的麻麻,清新自然，不过我这样晚熟的人，不容易代入孩子们的小世界。,4,推荐,65,0.9939756443125852
2017-09-11 22:32:38,凉面加辣两勺半,很纯,5,力荐,10,0.8208965871223015
2017-12-20 23:56:51,荔枝蜜薄荷苏打,Juli真是满身光环，绚烂如彩虹，怎么可能不为她心动呢。,4,推荐,152,0.9967203009206206
2017-12-27 20:30:49,默,我心中最美好的一部青春电影，很喜欢。男女主都好看，演的也很好，两个人各自的角度和转变很自然，让人跟着主角的心理活动如戏。每个人青春中都有那么些自以为是和小傲娇，小心思，也许以后某刻幡然醒悟，后悔曾经那不懂事的自己，可都是美好的经历，因为当初的傻乎乎，才有那样的记忆。,5,力荐,127,0.9999999999989236
2017-12-30 23:43:45,小十三,看了三遍，每年都会拿出来看，起初觉得男女主一定要在一起，为什么男主这么别扭，到现在，觉得其实有没有在一起又如何，成长才是最重要的吧，看人不是凭一时冲动，学会全面的认识那些对自己重要的人，才是本事,4,推荐,267,0.9998787374154896
2018-01-13 00:20:20,听君一席话,还可以吧   青梅竹马    不过没有打动我,3,还行,94,0.9621764073680728
2018-01-19 22:01:08,你说呢,我最喜欢的一部电影。斯人若彩虹，遇上方可知。真好，最后他们还是在一起了，还想再看一遍😘,5,力荐,43,0.9987220448943134
2018-01-20 18:25:27,酒鬼一家小迷妹,女孩之于男孩，就是那个彩虹般绚烂的人，虽然我是女的，但是也想要个善良，真诚，有主见如女主的小青梅啊。一部处处有哲理的温情片，强烈推。,5,力荐,173,0.9999883000214494
2018-01-22 14:46:32,已注销,这是一部百看不厌的小清新电影，真的很治愈。这样美好、勇敢的朱莉·贝克，谁能不喜欢呢。最喜欢电影里的那颗高大的梧桐树，爬上它，就好像能看到全世界。,5,力荐,147,0.9999441775726596
2018-01-25 17:51:54,尽欢,在最好的年纪遇到你。电影中的场景，色彩，人物都很美。喜欢女主多一点。,4,推荐,121,0.9999471716059168
2018-01-25 17:56:20,顾盼,有趣的内心比美丽的外表更有魅力。唉，老夫的少女心…,4,推荐,185,0.9999935522074396
2018-01-25 20:45:42,苏午饭,好久好久之前看过 已经忘了具体的剧情了 只记得那段美好的感情 叫做“怦然心动”,4,推荐,77,0.9990633081794948
2018-01-31 10:48:17,七沐妹妹,一连看了两遍《怦然心动》，真的是怦然心动。一对小孩，一棵树，特别简单的故事，讲得荡气回肠。我感触最深的 一点是：女生十来岁就有超脱的自省意识，审视自己爱的人到底值不值得爱。一旦触及她的自尊，立刻决定放弃这个男生。我们文化里的“爱”，似乎都要低到尘埃 里，舍弃自尊才叫爱，犯贱当真爱,4,推荐,3063,1.0
2018-02-08 10:25:37,juvenile,是真的让人怦然心动了，高高的梧桐树上开阔的风景，我也想拥有,5,力荐,63,0.9996687510336792
2018-02-09 15:41:51,听説,喜欢这纯纯的爱，男女主从小算是青梅竹马，一起成长。这部爱情片是我最喜欢的一部。评分还不到九分，不应该啊,5,力荐,82,0.999993454308142
2018-02-09 16:04:39,向生, 最好的就是青梅竹马。那一瞬间就被打动,4,推荐,15,0.9983713015057494
2018-02-12 08:57:18,临城酒肆lz,"很经典的一部温情电影 同学一直推荐看，终于找时间看完了。 
少年时期的感情永远是那么美好，珍惜吧这最后的青春时光。",4,推荐,44,0.9999999999228316
2018-02-22 16:24:44,橐龠,看完真的很有触动，初恋原来是那个样子，而且国外人举办那个活动也好有意思，尽然可以拍卖对象。拍得真不错呀,5,力荐,101,0.9999714669744224
2018-02-27 09:48:25,grace-xhu,很纯爱的电影，两个小孩子其实从见面的第一眼就注定会喜欢对方，只不过因为性格的原因，小女孩比较主动，而小男孩后知后觉。还是很美好的。,4,推荐,65,0.9999953522038856
2018-03-24 22:45:13,bekey,今晚刚看完，分别从男女主角的视角出发将初恋的那种感觉细腻的表达了出来。女主洒脱开朗，男主内敛沉静。但是当爱前后来到时，他们都表现的很勇敢，觉得挺难得的。不喜欢的一点是男主一家太小家子气，尤其是他的爸爸，很想知道为什么对音乐有那么大的成见及希望交代一下他那么有优越感的原因。,4,推荐,89,0.9999999999706666
2018-03-26 18:18:08,👹天神的审判,这就是情窦初开的感觉吧，很美好的感觉！女孩子真的比男孩子早熟很多啊，女孩子善良，独立，有个性，真的是什么样的家庭教出什么样的孩子，很喜欢男孩子的外公，真是一个很好的长辈。,4,推荐,30,0.9999999632323446
2018-03-26 21:10:14,嘻嘻,斯人若彩虹，遇上方知有，曾经的个签，很喜欢这种青涩懵懂的感情,5,力荐,15,0.9968211880239344
2018-03-28 00:24:36,宁宁,纯纯的初恋，很甜很暖，里面的插曲也很好听，必须五星！,5,力荐,37,0.9981660795879386
2018-03-28 12:13:56,做一件事很难吗,很清新的电影 两个小孩内心的独白 可以看到美景的梧桐树 ,3,还行,11,0.998672894446628
2018-03-30 07:26:56,樱花飞舞时,青春成长过程中，初恋的美好与悸动，它会让你困惑，它会让你窃喜，它会让你难以忘记。,4,推荐,36,0.9999999519615108
2018-04-08 09:38:11,遇见彩虹🌈,分别从男女主两个视角讲述他们的成长恋爱故事。同一段经历在两个孩子眼中是那么不同。男主的父亲始终带着高人一等的偏见去看待生活窘迫的邻居，实际上却很虚荣。女主的一家虽然因为叔叔的病而拮据，偶尔也会有争执，但却很温暖。,4,推荐,28,0.9999999999927992
2018-05-21 20:18:28,奥特曼,有些人浅薄，有些人金玉其外而败絮其中。但是总有一天，你会遇到一个彩虹般绚丽的人，她让你觉得你以前遇到过的所有人都只是匆匆浮云。,5,力荐,4,0.8358345927315204
2018-05-23 17:01:59,挽梦忆笙歌,纯纯的爱恋，第一眼就是一眼万年，遇到对的人，爱情并不需要多惊心动魄,4,推荐,29,0.9983946603731512
2018-05-23 20:20:46,青山绿水,初恋可能就是当时在你眼里美好到世上除了他，你看不到其他人，而外人看着却很一般。,4,推荐,20,0.9985642633518348
2018-05-28 23:36:25,emillyhom,纯纯的，简简单单的爱最触动人心了,4,推荐,10,0.9992221609613144
2018-06-21 20:06:58,仲楚,世人千万种，浮云莫去求，斯人若彩虹，遇上方知有。,4,推荐,16,0.3585858553044535
2018-06-27 11:16:37,如是,真的是怦然心动。,5,力荐,13,0.795605973409962
2018-06-27 12:05:14,兽与面具,在绚烂人生来临前，你是否已做好怦然心动的准备？,5,力荐,9,0.999748855230258
2018-06-27 18:53:10,波波维奇,纯纯的初恋的感觉，生活的点点滴滴细水流长，喜欢这样的电影。,5,力荐,12,0.999954046879021
2018-06-27 22:38:51,花衬衫,相当喜欢这种纯粹，朦胧的感情，很美好。,4,推荐,8,0.9472751153720947
2018-07-01 00:43:55,大島,女权主义者梦想中的大会在1963年的美国已经召开,5,力荐,38,0.9960900028620244
2018-07-11 19:33:48,一蓑烟雨任平生,小女孩太可爱了，以为一直待在树上树便不会被砍掉。男孩和女孩之间的对话，我感受到了一种情窦初开的感觉。,5,力荐,8,0.9993540283965516
2018-08-03 21:56:50,刷鞋大王,校园青春片的一股清流。只是我既没怦然也没心动，不明白为什么会被捧上天,2,较差,161,0.1197668985830007
2018-12-23 01:25:46,高詩遠,堪称完美。从表现手法上看最令我惊喜的是分别以男女视角来推动剧情。一开始认为女主长大长残了，到最后才发现这是我的理想型啊，又成熟又独立！！临近片末的那个男生拍卖我也觉得特别有意思。另外这部片的每一个角色都特别有个性，也特别善良，当然包括刻薄的男主爸爸。两小无猜的感情令人羡慕，也希望拥有能够互相了解的另一半。,5,力荐,3,0.999999999999916
2019-04-03 00:27:43,寒枝雀静,D＋ / 半醉。男主也太好看了吧8。感觉有些家庭身份什么的完全可以更深入一点。,3,还行,8,0.6731877649247971
2019-08-21 15:47:26,连翘,高中时和初恋躲在墓地用他的平板看的，他很喜欢。但我很讨厌女主，不仅讨厌她的外貌也不喜欢她那种上赶着的性格，坐树那段我内心毫无波动甚至觉得矫情。论纯爱，比不上仙境之桥百分之一。现在长大了才知道，原来我那么年轻就讨厌白莲女主了哈哈哈。,3,还行,6,0.9999999964658736
2020-09-13 22:07:35,幻觉共有,从头到尾都觉得男主太讨厌了 感觉男女主的感情全靠颜值支撑 没有精神面的化学反应 无法共情,2,较差,43,0.9953362112207156
2020-11-24 01:26:29,小豆小瓣儿,清爽宜人的青春爱情片儿  仿佛吃了根脆黄瓜 清新过后一丝甜   平行蒙太奇的运用 让两主角的心思徐徐道来  真好 ,5,力荐,18,0.9999885748499068
2020-12-02 22:01:21,江户川乱语,当我们还在反对中学生早恋的时候，人家中学生在干什么？！爱不是洪水猛兽，它可以和我们一起成长。“斯人若彩虹，遇上方只有”。,5,力荐,60,0.974804072035491
2021-01-02 00:02:25,杨东,这部电影为什么能那么高分呢，不太懂，剧情不算很出彩，女主也不是我喜欢的外貌。不过男主倒挺像小李子小时候的。不错的小朋友恋爱片，但应该没那么高分。,3,还行,203,0.9999844334142044
2021-03-06 16:56:08,烂ོ桃ོ核ོ,豆瓣高分片单里这部是真的疑惑……太一般了,3,还行,164,0.979483470259737
2021-03-26 11:44:31,鳞片爪爪,我真的Get不到啊！全程看得难受。一个很棒的小女孩，喜欢上一个讨厌鬼男孩的故事。这哪里甜了，这不是一个颜控遇到混蛋的悲惨故事吗,3,还行,74,0.9997597040873908
2021-04-06 19:24:41,久久鸭脖,导演功力太深厚了！明明是再日常不过的鸡零狗碎 十几岁少男少女的小心思 却探讨了人生 成长 亲情 爱情 梦想 正义……丝毫不落俗套 扣人心弦,5,力荐,54,0.9999999998620344
2021-07-04 22:13:43,插头,再看一次还是觉得9.1分认真的吗,2,较差,100,0.3477271910597985
2021-08-09 09:30:16,丑人雷达,看完丝毫没有心动 是我的问题吗🚬,3,还行,41,0.942716182329021
2021-09-07 18:13:12,Dust N Bones.,"斯人若彩虹，遇上方知有。
“我心都要碎了，可他们却在讨论永动机。”
我暗恋她的时候，也是这样的感受。",5,力荐,74,0.9996344180432334
2021-10-05 14:36:46,伊兰月,我以为女孩看到男孩腐朽的内心，便不再迷恋，没想到还是:世间风景万千，不及绣花枕头般的男孩多看你一眼。或许我不该用大人的眼光去看待小孩纯粹的初恋。,4,推荐,48,0.9999998609901032
2021-12-18 18:20:25,月光,票房惨淡却被中国网友捧上天？果然白嫖不心疼钱，这片预算1000万美元，票房才140万，美国人民不瞎。,3,还行,66,0.699391174080533
2021-12-18 18:20:25,月光,票房惨淡却被中国网友捧上天？果然白嫖不心疼钱，这片预算1000万美元，票房才140万，美国人民不瞎。,3,还行,66,0.699391174080533
2022-02-24 14:32:10,程四夕,比起两个小主角之间的感情，家庭成员之间的相处模式，和带来的不同思考，真的不错。,5,力荐,23,0.9999977727705712
2022-02-28 00:16:56,肆食二,如果按小说来算，算作花季雨季甜宠文了，优点就是对心理描写得比较细致。在两人感情合二为一前，先虐女，再虐男，再加上若有若无的情思铺垫，最终谅解，两个主人公走向一起。对女孩儿独立自主刻画得比较好。男孩本应该还有更深度地从懦弱中走出来（和爸爸不同）获得新生的过程，但这一部分仅仅是成功走向女孩，有些遗憾。总体来说，小清新，有点儿不理解占据25的高位。,4,推荐,6,0.9999999999999998
2022-03-28 23:54:26,shininglove,如果二十岁看时没有被打动，三十岁就更不会了，电影一旦有洁癖，便很难投入共情。,3,还行,62,0.9922894427910638
2022-04-05 02:31:51,白洛猫,不理解为什么9.1分还在top250排这么靠前，感觉就是很普通的美式家庭电影……抱歉纯爱也并没有打动我。整部片完全不能共情,3,还行,107,0.966244633574962
2022-05-03 18:20:19,是我啊,"▲女生十几岁就有超脱的自省意识，审视自己爱的人到底值不值得爱。一旦触及她的自尊，立刻决定放弃这个男生。我们文化里的“爱”，似乎都要低到尘埃里舍弃自尊才叫爱，把犯贱当真爱。
▲“相爱的父母胜过富有的父母”有一对相爱的父母是孩子一生的幸福，这的确比任何东西都要重要",5,力荐,80,1.0
2022-05-16 01:07:22,🦓丢丢丢,就这。。。纯靠旁白推动故事进程的电影也能进Top250？？？,2,较差,21,0.949216602629618
2022-08-19 22:40:25,風人,"对于男生，真爱的标志是腼腆、害羞、胆怯。对于女生，真爱的标志是勇敢、奔放、直率。
因此，这部影片里面的男生显然是不合格的。而女生，已经是溢出满分了。",4,推荐,16,0.9685913479486772
2022-09-10 10:25:18,STAYREAL,"长大之后再一次看这个电影，发现这个关于初恋的电影的外沿远大于爱情。关于家庭，女主的家庭虽然拮据，但是充满了尊重，理解和快乐，父亲不抛弃智力低下的弟弟，母亲深爱坚强和热心肠的父亲，在睡觉前妈妈会贴着女儿的脸颊说她是自己最大的福气。女主并没有因为自己的家庭感到羞耻，而是相信自己有最好的父母。
对于爱情，也没有全程恋爱脑。懵懂时期的怦然心动和心智成熟后的逐渐清醒，我看到了一位独立理智的青春期女孩。在看清帅哥的“整体小于部分之和”之后，放下悸动走向平和。
双视角叙事，能让观众感知到男主其实也没有特别坏，只是很怯懦，所幸他最后终于战胜怯懦的内心，希望他能够更勇敢吧。",5,力荐,83,1.0
2022-12-13 10:07:50,王明,女孩的成熟真不是同龄男孩能招架的住的,5,力荐,29,0.9745747677648192
2023-02-19 05:53:00,席德,给三分太刻薄，给四分又太慷慨。三点五分四舍五入吧。温馨的电影，缺乏深度，老爷爷完全是被安插进来推动剧情的工具人，哈哈。,4,推荐,24,0.5402397024291928
2023-05-06 17:17:44,Treading Water,大概是豆瓣top250前50名里最过誉的一部，如果是8分左右的话可以理解，但9+真的太夸张了。不知道是已经过了年龄，还是看片情境不对（无聊的数字人文课），或是今天很心烦的缘故，总之没有看进去。两个不错的地方：导演的叙事手法不错，男女主双线独白很有创意；初恋的悸动感很真实，青春气息十足。但其他方面都很平庸，无论是故事还是表演。鉴于我评星的标准蛮高，目前为止打过的三星电影其实水准都还可以，那这部也一样吧～,3,还行,49,0.9999999999997604
2023-06-27 11:25:55,宝井惠,被邻居家的别扭丑女盯上之后各种折磨，好玩嘛？性别调换你会觉得浪漫嘛？,2,较差,12,0.8404692169442899
2023-06-30 17:31:11,比巴卜巴比,朱莉是个内心强大的女孩，说实话，这个男孩不怎么配得上她。喜欢这两个人视角的切换，挺细腻的。景色拍的很美，氛围不错，我也挺喜欢女主的那个女朋友，也是一个勇敢开朗的女孩。,5,力荐,28,0.9999999995181466
2023-07-13 15:24:52,豆友171203623,这个故事好迷人，女主角像个小精灵，她脑袋里总是有各种奇妙的风景，好有趣！现实中，像男主那么帅的人很少，但是像女主这样拥有丰富精神世界人更少，越长大，越贫瘠，希望我的另一半不是男主爸那样垃圾的成年人，希望未来的我不要成为男主爸这样垃圾的成年人！,5,力荐,30,0.9999999987576956
