2019-05-20 00:16:38,二手月季,能够搞定难缠甲方的唯一方式就是爱上他/她,3,还行,2889,0.7992680162029349
2019-05-20 00:33:16,南悠一,女性爱情版本的Call me by you name，只是变成了I will remember……连结尾都这么像，就像一个复刻版。结构和力量的控制比Call me by you name高一个等级。影片表现出的厌男倾向颇耐人寻味。3.5,4,推荐,62,0.9999779665565244
2019-05-20 00:55:27,咯咯精,篝火阿卡贝拉 人群中对望 迟来的吻 油画 无男性乌托邦的崩塌 四季四季！被一切设计精准打击 恋爱 一场热病（并且美丽女孩没有剃腋毛！fascinated ,4,推荐,3609,0.9999998604458192
2019-05-20 01:48:59,LORENZO 洛伦佐,很细腻的电影，一颦一笑皆有深意。的确和CALL ME BY YOUR NAME剧情如出一辙， 结尾还挺感动的。,4,推荐,17,0.9998649282448344
2019-05-20 06:48:17,桃桃林林,摄影真是突出，自然光和烛光的内景戏，美到不行。甚至外景也很漂亮。同时。阿黛尔的表演也很棒。故事胜在情感细腻真挚,4,推荐,1784,0.9999998920484297
2019-05-20 10:04:01,faroe.,和导演的《水仙花下》类似，对于性别视角的解读的狭隘导致了情感的无限断裂，只剩下由精心设计的摄影和室内光把控组成的无比精美的躯壳。所有的情感，观点都流露在表面，喃喃自语，动作缓慢，无节制的第一人称抒情，而不是浪漫，最后只落得一个充满了偏见的平庸的爱情故事。,2,较差,120,0.9999999999992804
2019-05-20 19:12:27,圆首的秘书,3.5 很敬佩席安玛在片中几乎排除了所有男性形象的勇气，从剧组佩戴50/50标志进入卢米埃尔的那一刻，电影本身就变成了一个宣言。不过话说回来，一部如此油光水滑的精致影像，一封导演写给自己恋人的情书，是否真的能给女性影像增添厚度，让人持怀疑态度。,4,推荐,153,0.9999988403995872
2019-05-21 08:38:41,蕭查某,#Cannes19# Celine是那位从没让我失望过的导演，看过这个彻底爱上Adele Haenel了。拍的无比的细腻，绝不是某某的女版。,5,力荐,1176,0.4104746569985977
2019-05-22 14:14:16,胤祥,#72nd Cannes# 今年戛纳的第二部满分作品，又送给了一部赛前完全没有想到的影片！影片在极小的格局里做出了令人赞叹的大文章，有着高度集中和戏剧化的结构，大部分时间仅有三个角色（画家-女孩-女仆），而且全片男性出现的时间加起来不超过两分钟。主要内容都集中在画家和女孩的关系上，写得细腻至极。阿黛拉·哈内尔贡献了极为精湛的演技。影片有着极为美妙的画意摄影，与世隔绝的孤岛上的峭壁，波涛汹涌大海，对应着人物内心的荒凉与社会环境的压抑；而室内的烛光则被以古典主义绘画的方式细腻地捕捉。影片初看就是一部古典风格的室内剧，随着故事的逐渐展开，“历史中被压抑的女性的声音与身体”这一主题浮现出来。人讨论俄尔甫斯冥府寻妻故事的那个段落可谓是中心思想。结尾处的凝视，恐怕是维瓦尔第的音乐在电影中被用得最为催人泪,5,力荐,1282,1.0
2019-05-22 15:10:44,水怪,极其精致的LES片，摄影音乐美术以及外景全方位的盛宴，其中的几场篝火戏印象至深。但可能自己过于直男，还是差了那么点感同身受的情绪。,4,推荐,69,0.9999869792181688
2019-05-26 03:52:17,comeasure,2019年度姬片，看完了久久回味余波荡漾，满脑子都是诺米梅兰特的帅美脸（划掉）其实是电影的油画质地，像看了场画展，很高级。营造这种氛围的是全片用光都是自然光和烛光，以及清晰的音效和环境音（一定要在影院看）阿戴拉哈内尔最后一场戏直接个人整崩了，在影院大哭bravo！说女版CMBYN不太懂 ，难道因为都有钢琴戏和借书戏？有人说电影有厌男情节，完全不同意，厌的难道不是包办婚姻？不就是没有男的出现吗？很多gay片也没女的。,5,力荐,3334,0.9999996647497412
2019-06-14 22:09:27,基瑞尔,非常冷静克制的电影，就像画像前后主人公彼此充满爱意的凝视和贴身贴心的无言静默。但终曲响起，所有情感和力量都被集中倾泄，愤怒、隐忍、无言…它可能比《卡罗尔》更残忍，也比CMBYN更凄绝。因为过往的记忆注定只能镌刻在画像中，留在书页之间，然后再也感觉不到曾经有过的温度。,4,推荐,580,0.999999999990856
2019-06-28 19:36:48,陀螺凡达可,拍得挺好，但就是无感惹,3,还行,550,0.9247375743895386
2019-07-24 23:34:20,如,记得看完很难过：太难了……怎么选都是错。两个人都没有注意到裙摆上的火苗，lady on fire的场景太美；但是与好像永恒的海浪岩石相比，火把与歌声都只是一瞬间；海浪与岩石凝望着这两个人就如同她们要用余生凝望着火的瞬间。作为一部电影，环境与人物与情感完美融合，但不喜欢堕胎那根线。两位主角塑造细腻，几乎完全被抽空的设定却非常可信，而且完全不脸谱化。,4,推荐,44,0.9999999999343544
2019-07-28 16:17:23,沈困,"“I felt the liberty you talked about... But I also felt your absence.” “Maybe she was the one who said, ‘Turn around.’” “Don’t regret. Remember.” 去往诗人的故事尽头。",5,力荐,273,0.1986994992025682
2019-07-28 18:46:49,同志亦凡人中文站,精致、优雅、古典美。两位女主在时间和空间的双重桎梏下爱得小心翼翼而又热烈缠绵，既有隐忍柔情也有惊涛裂岸。阿黛尔幽蓝色的裙摆在暗夜中静静燃烧的一幕真美啊，想说今年同志电影的最美画面就是它了！（从剧本到结尾镜头真的很CMBYN...）,4,推荐,1130,0.9999999999618416
2019-09-07 06:07:42,一苁二白,不要轻易观察一个人，因为太容易爱上她,4,推荐,7782,0.8842712119497428
2019-09-07 08:27:45,饮歌,这可能是《阿黛尔的生活》以后我看过最好的女同电影。每一帧画面都承载着每一次情绪的波动；古典如油画般的质地，渗透着绵绵爱意；两个精致到不可方物的主人公，即便不说话只是四目相视，都让人心里仿佛燃起一团火焰，久也无法熄灭。,5,力荐,1096,0.9999999958961268
2019-09-07 13:09:56,zy_,"当一个人盯着你看的时候，你会做的是，看回去。感觉电影就像导演/编剧Celine Sciamma写给前女友Adele Haenel的情书，或是单纯创作者写给他/她们muse的情书。
这样的设定，更大的挑战可能是how to not fall in love。
忙了一天回到家，静下来，所有后劲全都回来了。Celine最爱两位看第一幅肖像时的场景。Adele最爱sex scene。Noemie最爱海报上Lady on fire的场景。我最爱的是结尾Noemie在人群中颠簸碰撞只为看到爱人肖像的那刻神情，太令人动容。2020.12.22 重温(while high)，泪腺蹦了",5,力荐,73,0.999999999999326
2019-09-22 22:49:11,Pearciac,这片最成功的地方大概就是把一个差不多的故事用“我比你们高贵”的法式风格拍了出来，衬得【Call me by your name】廉价而且粗糙，尤其是结尾音乐会维瓦尔第《夏》响起的那场戏，跟着飙泪完了之后回想起其中的妙处，就本能地觉得另外一片结尾用口水歌煽情之低端。类似的妙处还有很多（比如那场裙角着火的戏），得益于强大的编剧功力，整个文本充满了古典小说式写法的隐喻、互文（比如“你看我时我也在看着你”）和双关（其实片名就是个双关），而且用一种高语级的文绉绉的法语呈现出来（没有字幕我已经很多地方都跟不上），加上切合剧情的纯自然光和烛光布光和古典式画面构图和运镜，整部影片的气质把握是十分精确的。然而，影片内核其实就是两位女主一次人生交集，用这么多精美高雅的包装反而减弱了代入感，也注定了它曲高和寡的命运。,5,力荐,2775,1.0
2019-09-23 19:29:32,眠去,最好不要把它当成同性爱情片，很喜欢导演加入了女仆的故事，它更是一个关乎女性命运的电影。从这个角度看，这种质感、色调、摄影、隐喻的优质法国片一大堆，但也足够难忘了。,4,推荐,54,0.9999999999367724
2019-09-26 01:43:31,你好忧愁,关于艺术家与缪斯的电影很多，但是建立两者平等关系，互相吸引，互相引诱的电影太少了。暧昧就应该这么拍才对嘛，教cmbyn做人,5,力荐,200,0.9998722295155994
2019-09-30 11:17:58,北回归线,电影似乎设置在一个真空的环境中，从头至尾有些过于依赖两位女演员面部细微的表情，和“看与被看”这个事件本身在情感中的趣味，多少欠缺些新意和锐利。整体上电影有些被其自适的节奏和端起来的气质给拖累了，大海和声浪及其对自由的指涉过于直白，逃亡和女性独立等母题也欠缺深挖，最终只剩下抒发得既克制又饱满的情感力量。篝火中歌唱那一幕很纯粹动人，这或是电影中为数不多真正闪亮的地方。 - Alice Tully Hall (9/29/2019),3,还行,7,0.9999999999999792
2019-09-30 13:27:19,千寻,最后那一幕，不就是正在影院无声流泪的自己吗。看与被看之间，皆是情欲，皆是妄念。再次印证，深情即是一场悲剧。,5,力荐,4732,0.9999943756255072
2019-10-11 22:25:01,仲夏之门,#63rdLFF#笔刷轻触纸张的柔软，恋人目光交汇间的火光四射，海浪礁石对心理试探的催化……席安玛的确很善于捕捉这些外在的、具有隐晦文学性的细节，但也总沉陷在对细节的专注刻画中。正如本片用大量时间架构了一个男性缺席的孤岛化场所，围绕画家-小姐-仆从三人微妙而又趣味丛生的关系展开，这种高纯度女性视角究竟促成了内在主题统一，还是等于情感驱动的阻滞？在油画质感绝伦的景框摆布中，影片只剩下表面怡人的风光和调度，形如工巧而无对话的艺术品，于是结尾在维瓦尔第《四季·夏》中崩泄的眼泪也失去了深层说服力。,5,力荐,9,1.0
2019-10-14 03:31:22,LeSpleen,"预定年度最佳。三个人一起读Orphée和Eurydice在冥府那一段绝佳。“Entre amour et souvenir, il choisit souvenir”, “c’est un choix poétique.” Eurydice灰飞烟灭那一刻和之后告别时关门，回头，白裙形象永远消失互文。为什么画家之前没有见过她穿白裙的形象，却能想象那若隐若现的画面？答案就是她在人工制造永远的告别、想象分离，只有带着这种痛苦欲裂的想象，爱情才到达一种不可能的顶峰，从未有过的深刻。爱的顶峰是一种燃烧和灰飞烟灭的欲望，是拉康的死亡驱力。只有永远的失去才能锁定爱情里长久渴望的“永远”。油画、节日仪式、歌剧、裸体与铜镜，为的都是——只书写诗意的爱情，绘画在这个故事里代表着logos蕴含于pathos。",5,力荐,1591,0.9999999999999968
2019-10-16 23:04:42,brennteiskalt,"""Female Gaze""是一个说起来容易拍起来难的题材。席安玛的电影把凝视这个动作拍得极富韵律感，但这一目光究竟有多女性化，这点从电影里实在看不出来。说实话，想要刻画凝视，给人画像这个题材是最显而易见的了。此外影片的剧情走向与各女性人物的设置也全部落入窠臼，用俄耳甫斯带出中心思想这一手段也尽显重手痕迹，对CMBYN的致敬也过于直白。但影片里的诗学思想却十分有趣：艺术家的目光是致命的，她必须先用凝视杀死她的爱人，才能凭借死去的记忆力画出作品。而电影标题里这幅燃烧女子的画作是怎么产生的，我们并没有看到。艺术如何才能抓住人火一般的生命力，这是电影的真正核心。因此电影的标题才富有歧义：燃烧的究竟是那女子，还是那张肖像画呢？",3,还行,51,1.0
2019-10-20 23:52:54,toska,处理得好克制，席安玛一部比一部好，可期。没有男性角色这点没啥好说的吧，故事设定就是这样，也没有刻意避免（船夫、送画人），拍战争全片没个女人倒也正常不过呀~,4,推荐,115,0.979514897952002
2019-10-23 03:45:56,OreoOlymLee,很明确地强调了“看”的动作：情欲的对视，主观的凝视（介绍Héloïse出场时，一个Marianne的跟随视角；收尾时的视线推进），甚至可以说，作画本身就是具有观看性质的，片中油画可视为“看”的具象。对于女性主义电影而言，男性视点（或男性角色）的有或无真的很重要吗？一个本不存在男性的真空的乌托邦式环境，正是本片叙事得以成立的基础，由是会以男性的突然出现昭示环境的崩塌。,4,推荐,43,0.9999998397813412
2019-10-25 07:08:42,Настя,"美丽 节制 温柔 以及非常上头
/Ленфильм ",5,力荐,130,0.9680341496518216
2019-11-02 16:11:41,大奇特(Grinch),目的不是展示18世纪女同的处境，也不是为LGBT抗争，就是关于爱情，同时拍了一段爱情的两个阶段：萌芽激情的兴奋和过去激情的忧郁——靠的是两位女演员细微的表演推动，不需太多不必要的言语，一切都在眼神、手势、肢体语言和呼吸中发挥作用。摄影很出色，每个镜头都像一幅画。,3,还行,141,0.9999999999999968
2019-11-02 16:56:28,Harrison,"首先必须说片子的镜头实在太会抓了。玛莉安的剑眉碰上埃洛伊塞前半段一直下垂的嘴角让我第一次感受到两个女性角色之间的性张力。渐入佳境应该是三人桌前读俄尔普斯寻妻故事之后，本来以为只是随口一提，直到埃洛伊塞那声turn around, 结局那幅画出现才让人一下回想起影片中段的这个伏笔。传统女性对社会的反抗贯穿全篇，但我格外喜欢小女仆，总觉得三人组里她虽是“形式最传统”的那个人，但有了她才让双女主的反抗更有力。接生和当晚画画的那场戏让观众明白埃洛伊塞的勇敢。结局音乐会埃洛伊塞的长镜头会让人想到CMBYN，但Adele的功力比甜茶强太多了，这两分钟的表现力注定了这部片子会超过女孩和阿黛尔的生活。后半段的哭点太密集，turn around, 28, 音乐会，我一次比一次哭得惨。",5,力荐,305,1.0
2019-11-02 20:34:57,Mr. Infamous,燃烧一截长裙，等一场花事了。作画是一场彼此的注视，深入，以及封箱，断送。俄耳甫斯以诗人的选择压过爱人的选择，供奉回忆当做爱恋，而玛丽安回头的刹那，恒夜里的她纯白如日。从未听过的交响乐在最后骤然大作，风追雨急，兴风作浪，某一刻滑向风眼，再没什么比失重平静。充满灵性的电影，几部短片后想的还是你。四星半。@爱酷电影周,5,力荐,89,0.9999993892491968
2019-11-02 22:06:14,亵渎电影,确实跟【请以你的呼唤我】有点像，结尾的哭泣都如出一辙，非常女性化的一个故事，讲女性意识和在当时社会所受到的压抑，细节上设计的非常精巧，情绪处理的非常克制，整体上还是匠气太强，情感上无法被触动。,3,还行,336,0.999999998836322
2019-11-02 23:11:34,seabisuit,女导演女摄影把仅有的几个女性角色的脸庞都拍得极美也呼应了片名，在展现绘画互相了解的过程中，近乎封闭的环境让同性情感自然流露，几乎无配乐但有三场用极响神秘又恐惧的声音渲染的高潮戏。梅兰特的表演比较出乎意料，完全盖过了海报上也是席安玛的前女友哈内尔。爱酷法国文化，资料馆4K二刷。,4,推荐,23,0.999999999991563
2019-11-02 23:11:34,seabisuit,女导演女摄影把仅有的几个女性角色的脸庞都拍得极美也呼应了片名，在展现绘画互相了解的过程中，近乎封闭的环境让同性情感自然流露，几乎无配乐但有三场用极响神秘又恐惧的声音渲染的高潮戏。梅兰特的表演比较出乎意料，完全盖过了海报上也是席安玛的前女友哈内尔。爱酷法国文化，资料馆4K二刷。,5,力荐,23,0.999999999991563
2019-11-15 01:05:44,双晚,A+. 将对爱与自由的渴望比作火焰并不新奇，过人之处在于能用纤细敏感的叙事与影像还原出如熊熊燃烧般的强烈冲击。故事格局极度精巧，剧本含蓄却百转千回，爱意全在两位主演的一颦一笑和相互试探中酝酿郁积，细腻至极。古希腊神话、交响乐，以及每一帧都如同油画的摄影赋予了电影浓厚的古典气质，大海和烛光的冷暖并峙既是遗世独立的孤寂之美，也是压抑世界里澎湃内心的外在象征。层层铺垫的情感不断强化，最终在临别时“诗人的选择”和结尾交响乐中的特写达到高潮——既然火一旦燃起便无法熄灭，那么她们就选择留在彼此的回忆里，永远燃烧。,5,力荐,12,1.0
2019-12-09 13:24:53,店长,毫无疑问是各个层面都非常美的电影，把所有男性排除在外的提纯乌托邦空间，海浪和木柴燃烧的背景声，俄耳甫斯故事的重新解读，笔触和帆布的质感。两个主角被放在了一定会相爱的位置上，画家终于明白原来作画过程中的观看是双向的。每一次的情动和心动都真实可感，有迹可循，即使衣裙着火也望向爱人。然而阻止这部片打动我的，一个是小女仆的支线感觉令人不太舒服，似乎想与女性命运的大主题挂上钩，但在完全剔除男性的语境下，这段剧情想表达什么就变得不够清晰。另一个是，两位主角的互动比起爱情，更像是单纯的欲望驱动，有好奇和新鲜但缺乏真挚和厚重感。如此一来，这段短暂缘分在多年后极具戏剧性的的持久影响力就显得不够有说服力。,4,推荐,59,1.0
2019-12-13 22:27:41,狂野急娃娃🌈,难得看到一部如此女性向不消费女同的女同电影，更倾向于当作一部女性电影来看，无处不在解构男性话语。女人之间的爱恋是了解、触摸、缱绻和理解，几乎不见男性凝视的处理看得太舒服了。女主赫敏本敏。,5,力荐,405,0.9999825318631268
2019-12-14 22:17:43,突然粉碎,在男性缺席的乌托邦，也不要停止对命运的反抗，28页是个暗号，代表一生的真爱，比起大开大合要死要活的《阿黛尔的生活》，更喜欢这种暗流涌动的情感,4,推荐,14,0.9997776055044568
2019-12-14 22:58:50,晚不安,强调视线和凝视（主动／被动），于是影像本身也成为一幅肖像画，一件精雕细琢的艺术品，优雅、高贵又欲念丛生、酣畅淋漓，最后化为身着白裙的幻影，消失在观众脑海。选角已经赢在起跑线：诺米·梅兰特的深邃，和阿黛拉·哈内尔的攻击性，两者构成暧昧的张力，美好的情欲在自由的肉体间奔涌不息。“在独处时，我感到自由的同时还有你的缺席。”“你体验过爱吗？那是什么滋味？”“是爱人的选择，还是诗人的选择？”比起压抑情愫、互相折磨，她们至少有过欢愉的片刻。是欧洲意义上的“发乎情，止乎礼”，第28页画满我对你触不可及的思念。你没有看见我，但我望着你望向别处的泪眼闪烁。,5,力荐,77,1.0
2019-12-15 00:30:11,无人应答,丝毫感受不到两个人的爱情涌动，她们在对视，却没有火花。摄影和打光非常出色。,3,还行,263,0.9991748604513612
2019-12-15 04:01:34,朝阳区妻夫木聪,这片子好欲，后劲好大。不知道是不是法文暖气开太足，看的过程中一度热到浑身冒汗，总是想起一个人，连呼吸都变得很急促。虽然戛纳拿了最佳编剧，但觉得最出彩的反而不是剧本。对于这样一部都情绪共振的片子，任何情节上的硬设定都会让它变得匠气，只需要跟着氛围走就行了，just go with the flow，那种美是渗透银幕直击内心的。导演真的太温柔了，看到这样一封写给前任的情书，我真的要现场表演一个猛汉落泪，这是什么神仙爱情。,4,推荐,2052,0.999999999990944
2019-12-16 08:09:13,偏时差,太美了太美了太美了每个人都跟画里走出来似的，没有男人的世界真美！ ,4,推荐,409,0.999119385283116
2019-12-17 00:06:47,嘟嘟熊之父,最美的爱情都是戛然而止的，燃烧的情欲被冰冷的海浪覆没，发乎情又止于礼。画笔是18世纪的摄影机，第一笔线条与最后一抹色彩，在反复的寻找与确认中临摹终成为创造，画作完成的一刹那，爱情也悄然逝去。最后一幕，我遥远地看着你，镜头缓缓拉近，我清晰地看见你眼眶里的热泪，因为那是深烙在我脑海中的你的样子。,4,推荐,301,0.9999999999999992
2019-12-17 12:56:33,烤芬,从第一幕Villers的绘画女孩到结尾一幕卡萨特的观剧女子（最后一个镜头和CMBYN也太呼应），影片串起鲜被书写的18/19世纪女性画家史。比较欣赏的地方是对画家/缪斯关系的重构和对奥菲斯神话的重读，画家被拉到缪斯的角度，缪斯说我也在看着你呀；欧律狄斯不再是奥菲斯欲望的牺牲者，而是由她喊出“看看我吧！”，诗人的选择由凝视者转到被凝视者手中。男性银幕时间短但绝非不存在，其他画家、未来丈夫，不要提画廊的看客和厨房里的船夫，父权叙事是穿嫁衣的幽魂，女性的孤岛是监狱而非乌托邦。炭笔划擦画布的细响简直AMSR级亲密，像把耳朵贴在画布上，感官和材料一起颤动。想起《蒙克》，不知是设备或拷贝问题还是沃特金有意为之，我听着片中作画声如在画布另一端录的，跟打电话一样，压着耳朵，隔着电波。讲这么多，爱情故事却没打动我...,4,推荐,30,0.9999999999999644
2019-12-17 16:35:53,Stiles,你是我的欧律狄刻，是火光摇曳中的容颜，是我画笔下的奇迹；你是我生命中的风暴，是第二十八页的秘密，是永远永远铭刻于心的回忆。,4,推荐,38,0.9999999918753892
2019-12-17 20:19:16,Fleurs.哼哼,片尾那265秒的特写长镜头，随着视角的推进，仿若一副逐渐勾勒晕染成型的油画；随着面部表情的微微嬗动，恰似一首默默召开追忆惘然的情诗；随着泪水和浅笑的丝丝交织，那种欲说还休的，那种无以名状的爱浓稠成一杯忘情水，彼时彼刻，她们多想以对方的名字来呼唤自己。,4,推荐,19,0.9999996467276652
2019-12-17 20:19:16,Fleurs.哼哼,片尾那265秒的特写长镜头，随着视角的推进，仿若一副逐渐勾勒晕染成型的油画；随着面部表情的微微嬗动，恰似一首默默召开追忆惘然的情诗；随着泪水和浅笑的丝丝交织，那种欲说还休的，那种无以名状的爱浓稠成一杯忘情水，彼时彼刻，她们多想以对方的名字来呼唤自己。,4,推荐,19,0.9999996467276652
2019-12-17 22:07:18,欢乐分裂,4.5；自然光+烛/火光的摄影美得惊心动魄，构图舒适，油画质感极富古典美，剧本格局虽小却满含高浓度戏剧元素，表演细致入微到屏息凝神。两大主旨：1、凝视与被凝视——视线交缠中的火花，「凝视」的主/客体发生变化，画作从僵硬流向生动，情感同步唤起；「创作者」的主/客体随之变化，在埃洛伊斯的凝视下，玛丽安成为自己被画的对象；分别后“重遇”，一次以画为介质实现，另一次结尾玛丽安/摄影机/观众三重视线的汇合，高光时刻。2、俄尔甫斯冥府寻妻的典故运用，搭建起画家/小姐/女仆的女性世界（语义丰富），俄尔甫斯会回头是缘于诗人的选择，铺陈她俩分别时的那句“请回头”，并呼应结尾俄尔甫斯与欧律狄克道别场景再次被呈现。最爱：1、两处着白衣的埃洛伊斯幻象；2、篝火聚会上的诡异配乐与裙子着火，转场到山洞后拥抱。,4,推荐,699,1.0
2019-12-18 00:09:58,翻滚吧！蛋堡,爱是你凝望我时，我望向你的目光,5,力荐,364,0.9621096570595404
2019-12-18 01:34:14,Muto,实在遗憾，越描越暗淡的艺术花火根本没有在我的眼前燃烧起来。作者大概没有意识到，围坐在《燃烧女子的肖像》面前的并非是一群懵懂无知的艺术初学者，而是一群阅历极为丰富的现代观众。尽管这张铺满同性颜料的画布上几乎没有任何异性的色彩，然而那种“非我族类”的审视目光却无处不在。不要忘了，这幅肖像可是为了取悦男人才创造的作品。整个时代的审美趣味最终是以无形的体态钻入了绘画本身的规范当中，因此两位女主角才不是平等的呢，她们之间是一种极不平等的支配与被支配、调教与被调教的关系。画家眼中只有画的艺术而没有爱的艺术，因此她需要模特给出画的批评和爱的教育。画家得到的启示是：艺术越靠近真实越接近成功。最终燃烧的怒火真的凝固在了海报上，栩栩如生，仿佛爱也真的来过一样。于是收藏家保留了那女子的肖像，而将那女子烧掉了。,2,较差,71,1.0
2019-12-18 02:22:10,hibi,我每次看女同片，都会比一般爱情片更受到伤害，我有一种因为触碰到过于美丽的情欲而产生的耻感。我醉心于她们无暇的肉体，同时又在这种灵魂相互注视产生的炽热爱欲下羞愧难当。因此美好的女同片是毒草，它照见我的缺乏，它让我因为无法感知到爱而哭泣。除此之外，它还提供一种假象，好像真正的爱是排除古典油画式的烛光、海边燃烧的篝火等等不稳定的浪漫意象后，处于前现代后现代都可以永恒的存在。,4,推荐,183,1.0
2019-12-18 03:42:23,彌張,全片没有音乐，直至夜晚阿卡贝拉的烘托，燃烧了裙角，彼此心里也着了火。如此静谧细腻，画面非常美，极简的情节与场景，作为古装片也是极少见，结尾女主的哭泣与CMBYN炉火前甜茶的哭泣异曲同工。,5,力荐,20,0.9999999929098256
2019-12-18 11:35:00,骞人,美则美矣，有形无神。除了画像——观察一场两人言语上的交锋，其他部分都看不到情感的递进。人物没有明确的最高任务，于是每一个动作的动机就会显得诡异；故事没有明确的正反贯穿，于是事件就好似莫名其妙地游离在必要的线索之外。最遗憾的是没有赋予“涂抹”和“烧”更深刻的意义，唯一的亮点大概是对于俄尔普斯故事的解读。,3,还行,82,0.999999999706148
2019-12-18 16:47:04,小枫,3.5星，这怎么可能是拉片的一番嘛，不说卡罗尔，阿黛尔都比不了。剧情比较平，这个戏的上限取决于演员表演的上限，可惜演员只是完成了角色，但缺乏灵气。最后一个长镜头效果弱了，表演层次太单一，看着捉急。看的时候满脑子都想着让鲁妮玛拉和罗南来会如何暗潮涌动又电光火石，哎，我还是活在梦里吧……,3,还行,22,0.9999527892221308
2019-12-18 19:57:07,王绛绿,美亦美，无灵魂。若没有28页和最后四分钟的四目不相对，这片实在乏味得很，就一大型油画ppt，我心中的最佳百合片还是非阿黛尔莫属。怀揣心领神会的小秘密而再无交集，反而是爱情里最动人的部分，挂怀总是好过久处生厌。,4,推荐,41,0.9999980073104584
2019-12-18 22:16:57,Aby,"海边的礁石敞开冥府之门，野宴上的草药延缓命运的时间，裙脚燃起的是我的心火，还不是见到月光下的你明眸灼灼。花谢了，继而在绣布上栩栩如生，门紧闭，掩不住幽魂轻白的纱衣。画像封箱，烛台冷掉，最后一个清晨不要遗憾吻得迟到。“又如何能怨，皆因爱人用情至深。”Non possum fugere—we cannot flee，逃脱不了就“回过头来”吧。
原来音乐和爱的滋味都是可以讲述的，多年后的米兰在完整的《四季》里，听到你说的“百虫齐鸣，蛙声鼎沸，电闪雷鸣，暴雨倾盆”，才能哭了又笑起来。120分钟画布上展开的光影，巧夺天工。",3,还行,12,0.9999999737375672
2019-12-18 23:44:45,帕拉,越是不疾不徐、风轻云淡，越是炙热，越是厚重。一段简单明了的故事，融入了情思和借以导演的呈现方式，作品就独特起来。,4,推荐,16,0.999999438055799
2019-12-19 00:12:06,哪吒男,女同电影的开始，大多源于共担苦难；男同电影的开始，大多源于分享放逐。有的人被赋权，有的人被剥权，没有人自由，在这样的世界里我们凝视惊涛骇浪，不够勇敢，蜷缩回庸常的生活，然而不自由的生活，安逸也如坐针毡。祝每一个你，你们，携手乘风破浪。,5,力荐,10741,0.9999999999874638
2019-12-19 02:43:08,有心打扰,1.她看着画中的她拿着那本画着自己裸体素描的书，还特意把手指放在那第28页，她微微一笑；2.她在剧场听着她曾经简单弹过片段的管弦乐，又哭又笑，她哭她笑，不仅仅是因为音乐本身，更是因为那个她；3.她们在离别的前一夜，躺在床上相视谈话，她们说，不要睡。她们贪恋着她们在一起的最后一个夜晚的每一分每一秒。,4,推荐,913,0.9998760840667829
2019-12-19 11:18:23,🌵🌵,表意无新意也不复杂但拍得太好看了，极简处理的外部环境中只有不停翻涌的海浪和哔剥作响的火焰搅动着人物的内心，通过（银幕内外的）注视行为（同框/不同框）进行人物关系的雕刻（超爱弹琴的一场）。男性形象的缺席实际象征着更加坚固又无形的控制力的存在（温馨时刻每每硬切至画肖像的凝重场景），画作完成的过程即“燃烧”（物化）的过程，直到结尾肖像被封装（棺材的视觉隐喻）。每一幕的情感推进丝丝入扣，最佳编剧实至名归。,4,推荐,16,0.9999999999999996
2019-12-19 20:46:29,小野,太满足了。“这是诗人的选择，不是爱人的选择。”牛逼至极。结尾《四季》响起时那种汹涌澎湃让人瞬间泪目,5,力荐,12,0.9999993002742312
2019-12-19 22:15:49,颜落寒,“我在孤独中体会到您说的自由，也体会到您对我不可或缺。”寄せては返す 波のように 激しく，来てよ その火を 飛び越えて。 ,4,推荐,20,0.9997414548405454
2019-12-20 11:44:01,丁一,淹没钢琴课的大海，也淹没燃烧女子的肖像。晚上是伦勃朗的光，白天是谁的光，音乐是一门语言，绘画是一门语言。呼啸海岸旁，不长扭曲树，却生堕胎草。小说是一门语言，歌唱是一门语言。燃烧黑夜里，不闻女叹息，自在娇莺恰恰吟。呼啸人海里，呼啸书页里，呼啸声声如裂帛里，电影是一门语言，爱是一门语言,4,推荐,51,0.9999999146100742
2019-12-20 13:50:08,伍月,【C】女性导演也没能达到那种细腻。。跟几乎所有LGBT片相同，没有几人能把控好这种情感节奏。她们在前一小时君子之交，后一小时就相拥而眠了，结尾便会爱的刻骨铭心。。这部甚至还要更差，人物完全是扁平、符号化的，她们没有自己的性格，最多给出的刻画也只是地位。于是她们的感情完全是流于表面的，只能自我感动，无法深入人心。爱情片的核心永远在“人”而非“事”，两人在银幕里爱的再激情，也只是两个纸片人罢了。最后一个镜头更是完全做不到时间凝滞的情感代入，有《请以你的名字呼唤我》和《卡罗尔》的影子却完全没有那种力量，更显冗长。仅有的优点就是精美的构图和古典气质、以及两段燃烧的高光时刻。,3,还行,159,0.9999999999999836
2019-12-21 06:27:11,朗姐🌈,4.5，得补一个长评回头再说。但求各位能不能别再说“交响乐”了？《夏》是个协奏曲。,5,力荐,37,0.5792541109213825
2019-12-21 14:21:24,小A,非常精致的古装爱情戏。前半段层层递进克制有力非常精彩，让我觉得应该选它申奥；后半段沦为《阿黛尔》式的情欲展示，除了埋梗挖梗（花、奥菲欧、28页）之外，将近一小时故事没有推进。所幸28页和维瓦尔第的梗埋得好，结尾有力度。有3个小法语梗值得留意：开场不久mourir和courir的谐音（还差一个nourrir就齐活了哈哈）；故意用savoir faire知道某事和会做某事的双关语表现二人沟通不畅；全片只有3处没用敬语：妈妈让女儿像小时候说再见，Marianne叫Héloïse不要睡着；Héloïse叫Marianne回头看，颇为精妙。,4,推荐,36,0.999999999998304
2019-12-21 16:47:04,朝暮雪,"最痛苦的事莫过于相爱却不能在一起。
更痛苦的事莫过于亲手将爱人送到别人的手里。
她们拥有过一切，也失去了一切，只留下泪水，以及第28页的画像。",4,推荐,140,0.9999251728005916
2019-12-21 21:36:25,LOOK,反抗、觉醒、铭心刻骨这些同性电影的常规套路外就没觉得还有什么了,3,还行,28,0.9375821871840524
2019-12-22 04:06:53,影志,“并不是所有事物都转瞬即逝，比如一往情深” 如此缓慢、纯粹，却又如此撩拨、醉人。“当你注视画中人，我又注视着谁？” 对白如诗、情义如画，深情就是自己被火焰吞噬，而眼里全是你。篝火短短那一幕，便值5星。这个年代还能出现这么一眼万年、优雅复古的爱情，那是连《阿黛尔的生活》《卡罗尔》可能都无法企及的高度。“你可记得爱人滋味？我会回答，记得，而且从未是过去时…”,5,力荐,432,0.9999999999999908
2019-12-22 17:53:38,马可new仔,跟《以你的名字呼唤我》、《卡罗尔》、《阿黛尔的生活》一起加入了我的二星无聊文艺LGBT四部曲套餐…人物之间的化学反应很莫名其妙，完全不如《爱，简单》和《断背山》这样的好片,2,较差,34,0.9999911828908392
2019-12-22 20:20:06,思路乐,【A+】通过“画像”去展现一种主观凝视与客观窥视的关系，而电影本身对于视线与视角的对立呈现也大抵如此。就这样，两种媒介，三方视角（画家、小姐和观众）的情感链条又一次被这种影像主体所不断延伸。在海浪与火焰的澎湃中，情欲疯狂生长；凝视者与被凝视者，在某个瞬间，主与客的地位转变，随后变成了平等的对望，两人的爱意也终于融为一体，主与客的界限不再存在，观众与银幕的距离也不断消融。至于男性视角的消失，更是让这种灵魂间的透视显得愈发纯净，也正是如此，电影里的凝视才能被赋予隐秘的触觉。最后一幕简直就是《卡罗尔》的反面：不同的两个主观窥视镜头，却从未交集。在近乎凝滞的漫长凝视里，精神上的对望在无尽的隐忍中被放弃，在极度的悲悯下被铭记。最终只剩下了银幕之外还未抽离的观众，在影像世界内所滞留。,5,力荐,45,1.0
2019-12-24 17:54:48,火娃,6/10。片名所指显然包含多重意义，既是礼服燃烧的对望，也犹如最后肖像画般的特写凝视，海洛薇兹听着音乐风暴的同时经历了一场情感风暴，然而导演创造力和标题不匹配，缺乏一种爱火无法压制的野性能量。尽管海洛薇兹难掩外出的兴奋，跑向陡峭的悬崖和汹涌的大海，似乎想借孤绝的自然展现整个大环境的压抑，却从未创造出强大的情感流动空间。价值立场也保守得很，停留在去阶级化的母系同盟，表达身份限制、主客体转化更是陈词滥调，尝试绘画创作的海洛薇兹脱离了被观赏的地位，而玛丽安虽然享有经济上的自由却只能以父亲的名义发表，用奥菲斯回头的瞬间诠释爱的隐忍。情欲戏的拍摄有意回避男性观众的窥视权，包括画裸体时用一面小镜子挡住阴部，床戏没有肢体动作就只盯着对方干聊天，然而这些长时间的互相凝视中，丝毫感受不到两人之间存在任何吸引。,5,力荐,41,1.0
2019-12-24 19:19:54,彼得潘耶夫斯基,女性同性恋性欲望在镜头中的流动，被画家对被画者的书写所主导，一种劳拉·穆尔维的凝视，但是性欲望的完成，恰恰是通过凝视的深入程度实现的，可以说，不仅欲望即凝视，而且欲望本身就来自凝视，通过逐层加深、细化、复沓的凝视，欲望被召唤出来。燃烧是欲望的白热化、液态化，也是潜意识的显影化，一次是玛莉安点燃，一次是女人唱歌跳舞的聚会中艾洛伊兹自己走入火中，都是无意识的“情不自禁”。她们读俄耳甫斯与欧律狄刻故事时，辩论俄耳甫斯转过身来看他妻子的真正原因，艾洛伊兹解释是因为俄耳甫斯是个诗人，其次才是妻子的“情人”，因此他想留住妻子的回忆，而不是她的真人，再次成为“画与真”的象喻。,4,推荐,17,1.0
2019-12-24 20:11:52,Momo June,Marianne弹大键琴的时候 Heloise一直盯着她看 眼神特别亮 我猜那就是她第一次想吻M的时候,5,力荐,313,0.9864318617570024
2019-12-25 22:13:54,肖浑,比“你名呼我”好看，缓慢精致的美。拉拉的爱情故事总是比gay要细腻些的，情先于欲。又或者是我不带入肉欲目光所以可以更耐心冷静地凝视。篝火晚会那场的女性大合唱惊到了。,5,力荐,49,0.9999999997358966
2019-12-31 00:31:44,。,没白等，不看枉活，顺便取关几个影评人。在这样的电影面前，实在羞于说自己是做艺术的。,3,还行,25,0.9281054007315914
2020-01-02 20:01:58,不良生,最汹涌炽烈的，最静寂如海。她们再也不能目光交会，因她们余生眼中皆尽是彼此的影。,3,还行,36,0.9995245259323992
2020-01-02 20:05:34,李濛Lemon,玛莉安毁掉原来的作品，承诺五日之内画出一幅新的肖像。她摒弃了男性的目光，凝视的主客体发生了变化。当她注视着埃洛伊丝时，埃洛伊丝也将目光投向了她。平视的视角，为双方提供了深入沟通与了解的可能，如果前一阶段两人之间擦出的只是欲念，那么平等交流中燎起的则是爱情之火。,5,力荐,24,0.9999999982222818
2020-01-07 13:31:51,匡轶歌,对不起走错片场了。我撤退。你们继续。恕没看出来“情感细腻真挚”，只觉得这里面没有真人，都是导演的摆拍道具和象征符号。,3,还行,345,0.9998283464577404
2020-01-08 09:22:58,内陆飞鱼,三星半，怯懦女画家，强势二小姐，从互相观察到相爱，从相爱到分离的故事，剧情蛮通俗易懂，从家中到海滩场景也很简单，人物也少，除了两女主你来我往，就只剩陪衬的母亲和女仆。以为要反抗封建包办婚姻，一起携手去私奔，却也没反抗；以为妹妹会步姐姐的后尘，以死相争，宁为玉碎，也没有；主要是画面美、人美，带着羞涩的诺米·梅兰特显然比轮廓硬朗的阿黛尔要演得好一些。,4,推荐,16,0.9999999999999998
2020-01-08 09:22:58,内陆飞鱼,三星半，怯懦女画家，强势二小姐，从互相观察到相爱，从相爱到分离的故事，剧情蛮通俗易懂，从家中到海滩场景也很简单，人物也少，除了两女主你来我往，就只剩陪衬的母亲和女仆。以为要反抗封建包办婚姻，一起携手去私奔，却也没反抗；以为妹妹会步姐姐的后尘，以死相争，宁为玉碎，也没有；主要是画面美、人美，带着羞涩的诺米·梅兰特显然比轮廓硬朗的阿黛尔要演得好一些。,4,推荐,16,0.9999999999999998
2020-01-12 00:52:29,木卫二,大银幕观影，印象最深的反而是声音——这不仅造成结尾那场让不少朋友击掌的表演事实存在（铿锵渐强的乐章有如心声），也让我在篝火晚会出戏，不仅室内就连室外原野，都完全没有鸟叫虫鸣的环境音效。这造成了电影异常静谧，似乎只依赖作画的相互观察观看，还有一笔一画混合油彩的标记28。女同题材的世界潮流，似乎造成了片中必须用花式土法堕胎的方式来做一个回应，可是，我并没有感觉两个人在一起有多强烈的必要性（或者不能相见之痛苦）。最关键的，还是本质上的冲动吸引，太过于形式主义,4,推荐,139,1.0
2020-01-12 19:42:59,王清欢,有高级感和艺术感，但也恰恰是这些，让我出戏。,4,推荐,17,0.9984685121573934
2020-01-15 23:13:48,饿霸地煮,大多女同电影都难逃男性注视的目光，只要有怜悯、有猎奇、有崇高，这种目光就刹那间杀死了爱情。如何剥离这种目光，难度无异于创世。作者不逃避，直接从画入手，让注视本身成为目的，男性的目光竟然在爱情博弈中退场。在互相凝视中，女人开始燃烧，她们不再被雕刻成收藏品。虽然只有短短的五日。,5,力荐,13,0.999999999999992
2020-01-16 13:42:15,寒枝雀静,C / 精致的剧作概念（而非视觉概念）统领下是诸多不协调。开头过于冷峻，与之后的强度差异太大，以至于没有一个可坠入的情感点。后半段逐渐晕染开后表演又出了问题：哈内尔的许多微表情和肩部动作一眼就是套着戏服的现代人。动与静之间好像切出了一条过于分明的界线，情感和身体只在两个同等僵硬的状态间切换。好在时而还是有一些凝滞得足够深入又能释出速度的细腻时刻，比如开头的奔跑，比如海报一段，比如女仆的“分娩”。但整体依然是过于粗线条的，和《卡罗尔》等差很远。,4,推荐,53,0.9999999992125576
2020-01-16 22:26:02,何倩彤,在意這個的只有我嗎⋯⋯ 只是拉一塊布簾又怎會聞不到油彩和松節油的味道？,4,推荐,48,0.0129173617983808
2020-01-28 18:51:08,柏邦妮,一部清秀，有锐气的电影。写两个女人的爱情，写得并不温柔缠绵，是两个勃勃生机的生命，宥于时代给女子的禁锢，不可抑制的要生发壮大。她们是两个闪闪发亮的晶体，坦诚严肃的碰撞与研磨。这部电影里没有一个重要的男性角色，男性被屏蔽在电影之外，只作为威胁存在。这一点，我不喜欢。哪怕是一部同性恋电影，特别是一部同性恋电影，异性的书写尤见价值观。,4,推荐,38,0.9999999999988158
2020-01-28 22:29:15,卫西谛,“在爱人的凝视中成为不朽”,5,力荐,32,0.973981130521398
2020-02-04 00:27:16,Ocap,4.5。走得太远了！不是拉版《请以你的名字呼唤我》（但依旧值得对标，方向上，一部在真空环境下把同性标识化，一部在保留传统外力的情况下把同性元素化，但对“身体”和性别内部的敏感却是共通的），而是《神奇女侠》之重书与《无主之作》之高配。唤起了很多小时候画画会有的感触，关键时刻的体验是在拿电影和美术音乐竞赛。,4,推荐,11,0.9999999999934108
2020-02-05 19:52:38,chaosmiao,正是那个没有相机的年代，得以让目光在爱人脸上久久停留,5,力荐,18,0.990940594162216
2020-02-13 11:41:57,冰红深蓝,1.由女画家的追逐偷瞄起始，到看与画的主动权，及至被追逐、被要求、被凝视，看/被看关系及行动主体/客体的轮转，最终彼此触融，蚀魂荡魄，开启平等的情爱关系。2.与世隔绝的女性孤岛也抵不住父权话语的网罗，男性始终作为缺席的在场者，不仅充当着整场作画仪轨的发出者与接收者，还经由女画家之口反复现身（女性没有将男性当成凝视客体入画的权力&女性只能“因父之名”在画作旁隐没自己的名字）。3.非常精美的油画式摄影，长镜头，室内的烛光与暗夜里的噼啪篝火，还有荒原海岸，蓝空夕霞的剪影。4.几无配乐，将维瓦尔第[夏]用在了刀刃上。5.白裙女子的幻象，恍如黑暗中的天启。6.两股间的小圆镜契同于[普通女人]。7.对俄耳甫斯与欧律狄刻的新诠释：男性的记忆与艺术vs.女性的情感喷涌。8.坚定凝望，不顾火烧裙裾；不再回头，却已泪流满面。（8.5/10）,4,推荐,300,1.0
2020-02-15 05:09:31,栞,555太好看了QAQ 一个穷画家给小姐画像，两人相爱，但小姐最终要嫁给有钱人的传统直男故事，可以拍成这样！打破爱情中的（性别、知识、阶级）权力关系，封闭的空间是一个小小的平等的乌托邦。但乌托邦的外面是极大的对女性的压抑，而且这个压抑也一直在侵蚀这个女性同盟的空间的每个人，所以这也不是什么真的乌托邦，只是在极其压抑的社会下一次意外（如电影中的爱情），一种可能性。导演说这个电影关于政治但更重要是关于电影。这是一种全新的视觉，女性的gaze对传统男性gaze的解构（被画对象，画家本人）。全片压抑的感情全部释放在最后一个镜头，令人落泪。,5,力荐,7,0.9999999999999998
2020-02-22 22:22:26,老晃,既完成了爱情叙事，也完成了女性叙事，了不起！两处音乐的大胆运用，拥有截然不同的震撼力量。,3,还行,15,0.9998981835265104
2020-02-22 22:22:26,老晃,既完成了爱情叙事，也完成了女性叙事，了不起！两处音乐的大胆运用，拥有截然不同的震撼力量。,4,推荐,15,0.9998981835265104
2020-02-29 19:01:42,不住胡同的小胡,如果只用“爱情”形容玛莉安与艾洛伊兹之间的情感觉得还是有些清浅。人的情感应该不是如此泾渭分明，能放置在标着不同标签的篮子里，而往往是掺杂着不同情分的暧昧。这部电影中，除了爱，还有两个缺少自由的少女之间的理解、信任和共鸣，可能是只有女性才能共情的一种很微妙的情愫。,5,力荐,86,0.9999999989980416
2020-03-03 17:05:09,Chloe,非常好看的画面，非常辣鸡的对白，非常莫名的感情,1,很差,65,0.9234480025264392
2020-03-08 22:24:51,🌞娘卷卷🌙,最后一个summer中的凝望哭抽抽了。了不起。😭😭😭😭😭😭😭 中间乡间女性的阿卡贝拉也很感动。有几处省略动作的剪辑印象也非常深。演员都特别好。哈内尔的白眼🙄咬唇法令纹和眉间纹都非常好。还有腋毛。对了，看你们的评论，觉得是个多么严肃的电影。看的感觉是挺萌的。两个人之间可可爱爱的互动让我最终吃下了这个没啥新意的故事。工整刻意也就不是缺点了。,5,力荐,13,0.9999999999960414
2020-03-15 09:16:11,谢飞导演,一座古堡，两位主角，四个人物，非常单纯而简单的电影，却唯美、细腻、引人。“人性里总有一些说不出的欲望，人生中都会有一些永远不会说出来的秘密。” 一个小众“拉拉”电影，说出了大众的真相。,4,推荐,286,0.9999999974681708
2020-03-28 19:12:41,祝羽捷,喜欢两个女人之间的凝视，这种凝视多么平等，聚焦，尊重，充满爱意，相互确认，心无旁骛。,5,力荐,27,0.9985794941599808
2020-04-05 20:43:47,Alain,私处放置的镜子乃反射自我之像的欲望渊薮，毁灭性的燃烧危险却展现瞬间的生命力，俄耳甫斯必须回头才能艺术地把握永恒时间。结尾稍拖沓了，停在画廊处刚刚好。,4,推荐,18,0.9999999992488864
2020-04-05 20:43:47,Alain,私处放置的镜子乃反射自我之像的欲望渊薮，毁灭性的燃烧危险却展现瞬间的生命力，俄耳甫斯必须回头才能艺术地把握永恒时间。结尾稍拖沓了，停在画廊处刚刚好。,4,推荐,18,0.9999999992488864
2020-04-21 00:50:27,起床，吃饭,<爱情万岁>,4,推荐,34,0.8665780620460153
2020-05-09 09:55:24,Cory,性别分离主义的设定，并不许诺某种全然豁免于“男性凝视”的“女性凝视”，何况“为待嫁少女画像”本就内嵌了另一性别的视角。影片通过凝视的交互来探索女性的能动性，但更有趣的是在被凝视者回以凝视后，影片的叙述依然延续了拉康所谓的“眼睛与凝视的分裂”，而非轻言sexual sameness足以缝合这道裂隙，这或许是Sciamma比同性恋女性主义走得更远的地方。,3,还行,20,0.9999999997204804
2020-05-09 16:46:39,墨卿風,"穿着大裙子往水里跳？

感觉有点装，故意搞得很慢很沉郁，其实也没啥……

还专门找人来陪她散步？……

不能端坐画画，只能观察，好评。

把旧画烧了，不错。

居然不去救她，也是有点厉害。

俩人真的一点火花都无……

40多分钟实在太无聊了，看不进去了，还是放过自己吧……",2,较差,12,0.0015750758571347
2020-05-14 18:38:46,西楼尘,何时停下画笔，怎样形容管弦，何处记住肖像，如何描述爱？当我们相互爱抚，拍岸波涛仿若海啸；当我们彼此凝视，裙角烈火可以燎原。爱和音乐一样虚浮，画同感情一起戛然。我跨过禁忌阴关，渡过礼教冥河，拯救中蛇毒的你。没有你时自由，有了你后遗憾，若不能与你新生，便独自坠入深渊，唤你回头记住爱。,4,推荐,138,0.9999999999999962
2020-06-22 01:34:34,Blavatsky,年初看第一遍时，觉得这一年真是有个绝妙开始。半年过去了，结果是再没有更值得一提的电影和现实。,3,还行,42,0.9989981682032364
2020-09-19 13:53:10,阿暖,法国LGBT电影似乎总是有很强的力量感和抗争性。但不同于gay片试图撬动社会，les片所指向的总是自身：做一个拥有自由意志的、独立于男性凝视的女性，已经如此困难。,4,推荐,86,0.9999999991264256
2020-11-07 20:06:29,零点场,我认为现在同性片有一个问题，就是相爱部分只有逻辑通顺而无感性可信度，异性恋可不太敢这样偷懒，爱情片好歹得努力让人信服这对男女如何走到一起，不然大家还有那么多选择是吧。但同性相爱好像天经地义，构建个封闭环境，观众你们有义务自己脑补，我们直接开始描摹后续场景就行了,3,还行,181,0.999319164020546
2020-12-26 18:35:52,censored dump,真棒啊，观看作为职业技术，和作为爱欲的媒介，汇流成了迷人的情感漩涡，透过“你看我时我也看你”的调情，绘画的现场带来一种双向的主体性，在“目光的交织”中，手艺的规训同时也在承受欲望的调教，俄耳甫斯神话的引入，将主题带入更悠久的传统，诗人而非情人的选择，就是要用创造（等同于古希腊的诗），来完成Eros对永恒的奔赴，如同会饮篇说的，创造留下完美的形象，以一瞬千古的回忆，补偿此世不可能的结合。如果说CMBYN恢复了雅典式的少年爱，那这部则用对等的镜头强度，划出了主宰审美话语的女性强音，洞穴一吻，流产弄娃，腋毛飞叶，篝火合唱，乃至回忆之“夏”，种种“自助”的仪式，不仅走出男性阴影，也以摄影机的自反宣示凝视的主权，画家走入景框两人共看——就像福尔摩斯二世或假面，电影在邀请我们的观看，共同完成对美的奔赴。,5,力荐,14,1.0
2021-01-29 01:09:21,黄岛,第2884-最后听音乐时的哭泣，是在回忆过往，还是因为她知道有人在看而不敢回头，怕像俄尔普斯一样令妻子陷入地狱？,4,推荐,66,0.9940132261724492
2021-01-29 01:09:21,黄岛,第2884-最后听音乐时的哭泣，是在回忆过往，还是因为她知道有人在看而不敢回头，怕像俄尔普斯一样令妻子陷入地狱？,3,还行,66,0.9940132261724492
2021-05-18 15:33:55,马马,即使知道会万劫不复 只要你在背后喊回头吧 我还是要看向你.....太诗意了,5,力荐,31,0.9823726334131
2021-08-14 03:22:23,酒馆儿,"这可能是一个你只看十分钟片头就知道结局的故事，即便如此，你还是会忍不住看下去，并在看见女子的手指停留在书本28页时忍不住跟着旋即而来的、揉杂着暴风雨、惊起的虫鸣、喧哗与躁动的乐声哭泣，像电影里随时陷入“相爱吧终有一散的人们”这一状态的主角们一样。除了根本不缺夸赞的音乐和美术性，这部片子太懂解构主义狂热者了，女子冲向悬崖，停驻于海岸，一直想如此，不是为死亡，而是为奔跑。烛火里油画布上静谧的脸，白色褥热罩床上安然睡去的脸，多年后我再让别人画我，我仍沉默，平白，摆出我第一次画你时，你的姿势。
我肯定这部作品绝对是一部最让人舒服的女性电影，有评论大意说“单纯靠没有男角色定义出的女性电影概念太过于浅白”，这样的人既不懂女性，也不懂电影。女性是一种状态，一种风格，一种诗歌和爱，不是男性的反义词。",5,力荐,159,1.0
2022-02-10 12:51:39,Eric,看不出来情侣感，好像两个没表情忽然相爱了。。。。,3,还行,121,0.9162396435760832
2022-03-11 21:07:55,朝颜,"我心里希望你反抗，可我不敢说出口。
",4,推荐,26,0.0959480243826386
2022-04-03 23:19:19,最爱夏天利物浦,你瞧，没有男人的世界是多么美好。男人的出现，只会带来割裂、痛苦、庸俗。女人们多么温婉，画油画、绣花、玩牌、海边奔跑、每一次亲吻、白色裙纱、篝火，深情地追寻最纯粹的爱情。,3,还行,63,0.999648146157772
2022-04-05 11:46:15,載洱,她胸口起伏的幅度越来越大，呼吸逐渐变得急促，泪光在聚集。不是因为管弦乐的激昂，而是因为这次不期而遇的重逢中，我也看见了你。,5,力荐,114,0.9959978401478544
2022-04-20 18:21:23,Raramente.,"不要入眠。
我们最后一次亲密无间，最后一次用手指拂过对方的眉骨和脊梁。画室里针锋相对咄咄逼人，我们曾经浪费了那么久。
临别前心脏在胸衣下是什么节拍，以至于不能完成一个完整的拥抱。可是她叫住了我，Orpheus不能抵抗。
当我回头，便是诀别。
真的没看到吗，手指拨起的书页，僵直的脖颈，全身落力才能止住自己看向过往。那泊碧蓝的湖水涟漪波荡，是为了音乐厅的回声吗？当金发女孩问起母亲28页的肖像，我会告诉她，那是我曾经最亲密的朋友。
",3,还行,57,0.98120632305746
2022-06-01 07:08:30,莉莉玛莲,梗埋得好，画展上看到肖像的一幕尤其精妙。小姐在画上的笑容几乎同画家初次凭想象为她作的那幅失败品一样，然而就在那端庄却毫无生机的笑之下藏着只有她们看过的28页书角，那是她的爱人唯一所能做的秘密反抗，正如那本书的主角用回头一瞥向永恒献祭他不屈的爱。,5,力荐,21,0.9999999496547946
2022-06-01 07:08:30,莉莉玛莲,梗埋得好，画展上看到肖像的一幕尤其精妙。小姐在画上的笑容几乎同画家初次凭想象为她作的那幅失败品一样，然而就在那端庄却毫无生机的笑之下藏着只有她们看过的28页书角，那是她的爱人唯一所能做的秘密反抗，正如那本书的主角用回头一瞥向永恒献祭他不屈的爱。,4,推荐,21,0.9999999496547946
2022-06-05 01:58:36,阿塌树,片尾画展，女人肖像里，书翻在第28页，简直绝了…爱的讯息，总有办法传递。,5,力荐,89,0.0383422102237717
2022-07-06 09:32:57,姜鲤。,说真的，这电影，要是把同性恋换成异性恋，你们连四星都不会给。什么东西一沾上LGBTQ就成“艺术”了。,5,力荐,46,0.1326495596163664
2022-07-08 13:07:23,Aphrodisia,电影画面每一帧都是油画，衣服造型红蓝白绿，人物对称构图，节奏慢到把每一丝细腻的情感都表现出来了，很明显感觉出应该是个女性导演拍的，没有浓墨重彩的情色场景，直男导演拍的《阿黛尔的生活日》《小姐》《菊石》长时间的情色描述如同男性对他们的集体意淫。特别是在讲俄耳普斯的故事时，一直在问为什么他会回头，无论他是因为什么回头欧律狄刻都一定会死，这不就是男性凝视杀死了她吗，也许欧律狄刻根本不想离开。哭的稀里哗啦是影片最后维瓦尔第《四季.夏》太熟悉了，放在这里，他们的回忆涌来，两个人的情感层次变化到每个细微的动作都是心痛。真的好爱，好爱这种百合电影，她们没有因为男性而展开的雌竞，而是从相互欣赏到欲望的生长，之前没有坚持看完，现在后悔死，差点错过真好的电影。,5,力荐,49,1.0
2022-07-24 18:49:15,兔球波,评论都说和cmbyn类似，笑，类似的地方就是两对主角之间都无化学反应...再精致古典的画面也救不了这个致命伤,4,推荐,21,0.8341149125528688
2022-08-24 23:46:57,言之,就让火焰在裙摆燃烧，在画像燃烧，在心脏燃烧，烧毁理智与教条，灼烧情欲与妄念，即便最终无声落泪。,5,力荐,21,0.9999196564826266
2022-12-26 23:38:06,F17,看得好乏味啊……就是完全没有那种，互相吸引的磁场的感觉,4,推荐,29,0.8401040800124897
2022-12-29 16:36:30,陌上柳随风,"最为纯粹的女性主义电影，极尽所能将画、诗、燃烧的火焰与爱融为一体。
浪花席卷，涛声掩盖了私语的爱意。
火苗吞吐，烛光映射出彼此的心灵。
双唇依偎，那是发自内心深处的震撼。
若你问，何为爱，无关性别，跨越时空，爱藏在肖像中，更藏在书间的扉页里。
那始终不曾回头的眼眸，将那段记忆封存，永远铭记。",5,力荐,30,0.999999999999819
2023-02-12 17:12:34,momo,我独处时感受到了你说的自由，却也感受到了你不在我身边,5,力荐,99,0.988443664587728
2023-02-21 23:37:10,rungirlrunrun,“你希望我反抗吗？”“是”“你要求我这样做吗？”“不是” 我和她们在爱中存在同样的困境。,4,推荐,77,0.9995557181192394
2023-05-16 16:35:41,worm🏳‍🌈,虽然不想说一句话破坏气氛，但是这真的比call me好看很多（说出这话的我竟然还是call me脑残粉..）。看到评论里的弯男竟然打了低分因为自己不能get，真的很悲伤，女同电影中讲的女性困境男人确实理解不了......,5,力荐,100,0.9989283200427314
2023-06-27 17:57:12,阿暄儿,"关于女性/les的电影还是太少，商业片里多多少少充斥着各种各样的男性凝视，而这个电影里，小岛是一个美丽的乌托邦，女仆有堕胎的权利，画家和小姐有相恋的自由；女仆小姐画家分割相同大小的画幅，画家看向小姐时小姐也望着画家。
画家回头时惜别的是她的爱人，是那段无忧无虑的日子，更是岛上的自由平等。
最后的交响乐《夏》响起时，这段刻骨的温柔爱恋与她们对自由平等的向往连同着夏日美好的海边和篝火一同揉进了我的心里，成为我最难以忘怀的故事。
心中最佳，但希望能被超越。",5,力荐,56,1.0
2023-07-15 22:05:30,猛犸象牙🐘,颤人心弦的电影。与古希腊神话的典故互文甚至解构太好了：因为她做了爱人的选择，所以她呼唤着她回头；因为她做了诗人的选择，所以她远远地看着她。一切都是隐忍的，但暴风雨和管弦乐出卖了一切。,5,力荐,52,0.9999445957094362
2023-07-22 19:43:05,如筠,脱胎于《变形记》，古典、克制、细腻的女性爱情。小姐站在楼梯上喊：回头吧。画家回头了，于是小姐熄灭了。画家在幻影中数次见到小姐熄灭的那一瞬，原来是因为她自己关上了离去的门。结尾的长镜头，是画家凝视的眼神，我在心中很小声地说：回头吧。,4,推荐,28,0.9999999396485668
2023-07-22 19:43:05,如筠,脱胎于《变形记》，古典、克制、细腻的女性爱情。小姐站在楼梯上喊：回头吧。画家回头了，于是小姐熄灭了。画家在幻影中数次见到小姐熄灭的那一瞬，原来是因为她自己关上了离去的门。结尾的长镜头，是画家凝视的眼神，我在心中很小声地说：回头吧。,3,还行,28,0.9999999396485668
2023-10-16 00:38:50,hurtbyrain,看了一圈评价，想法是男的还是不要来评价女性向电影了，你脑子里大便的臭味通过网线熏到我了,3,还行,56,0.0062392430298634
