2007-11-28 13:09:41,思考的猫,比利怀尔德的电影总是那么好看，老律师的一言一行都充满了喜感，法庭场面非常精彩，整个过程中的一些阴暗交易和最好的反转，有让影片有了一丝黑色电影的气质，力荐！,5,力荐,400,0.999999516386309
2009-01-24 11:59:21,大奇特(Grinch),查尔斯劳顿简直是戏精！比利怀德的电影和阿加莎克里斯蒂的小说都是在结尾峰回路转，此片简直是两位大师珠联璧合的杰作！,5,力荐,2759,0.9999775348861316
2009-11-29 18:35:27,芹泽虾饺菌,查尔斯·劳顿居然跟希区柯克有几分神似，于是拍[牙买加旅馆]的时候，老希不玩cameo了也无所谓~比比果然还是适合拍这种讽刺人性的电影啊~第一次看黛德丽的片子，她很英俊~这个故事也适合改成话剧的吧~,4,推荐,1,0.9978737926890424
2009-11-30 09:10:01,丁一,律师三寸舌，妇人宫心计，两者皆不敌，最坏男人心，花心郎算尽太聪明，反算了戚戚性命,4,推荐,4685,0.9965410906109788
2010-02-22 01:22:58,般若死火,好片遇上好字幕~爽,5,力荐,5128,0.8184809018671996
2010-04-07 10:52:03,庄常飞,太经典了！！！本来我以为我法庭剧看了这么多，看这种50年前的片子应该小菜一碟，没想到居然这么好，太低估怀尔德和阿加莎了。另外台词极佳，节奏也好。这些老牌演员真是太好了，三位主角都是光芒四射。另外字幕很详细，有很多背景资料，赞一个。,5,力荐,2,0.99999639479851
2010-05-12 23:01:47,小A,在原作基础上增删角色，修饰情节对于编剧来说是技术活，本片完成得还不错。演员的表演都很好，其中配角的卖力发挥值得赞赏。对白很值得回味。结尾稍显仓促。,5,力荐,6,0.99999999999637
2010-06-18 20:27:23,XA™,五星级结局，难以置信这是1958年的黑白电影！,5,力荐,4774,0.9981180369163872
2010-06-22 10:31:06,LORENZO 洛伦佐,老电影还挺有味道 铺垫相对啰嗦 揭秘还算痛快 悬疑程度较弱 于今日审美已有区别 然而还是不失佳作风采,5,力荐,19,0.9999998930451016
2010-08-11 17:12:15,花儿果果,又是让我尖叫打滚的经典佳片！绅士又纯青的表演，奇妙而精巧的情节推进，幽默且风趣的细节，当然还有巧夺天工的结局！尽管后来的电影常常窥见模仿此处环节之处，但查尔斯劳顿、玛德琳黛德丽和比利怀尔德终究是无法复制的！,5,力荐,2235,0.9999999985286834
2010-10-24 14:12:19,HurryShit,雖然拍法稍嫌四平八穩，但這群不可思議的戲精，扎實且片尾爆點超大的劇本（顛覆也玩弄二戰後觀眾心中英德形象，嘻嘻），推理緊張感與幽默可愛，融合得如此緊密，令人大呼過癮！,4,推荐,9,0.9999340585175936
2010-11-06 13:31:28,刘小黛,真是一个不同寻常的女人啊。不要以为你已经猜到了谁是凶手，这机遇就像一个溺水的人抓住个胡子刀片。结尾完全出人意料！,5,力荐,904,0.9994221832103852
2011-01-30 19:57:14,xīn,人物塑造的成功到了一个惊人的地步，无论是律师还是犯人妻子。情节峰回路转、完全自洽、悬念叠生，每一个环节都紧张而充实，没有任何缺漏，结尾也太漂亮了。完美、经典到叹为观止。,5,力荐,19,0.9999938491681568
2011-04-05 13:21:04,芦哲峰,实在不喜欢庭审片，但这个结局很给力。,4,推荐,8,0.9585964779314214
2011-05-14 23:46:11,Laputa,看到证人作证时，我产生了一个邪恶的想法，没想到结果真的如此。这是心理操纵术的转移注意力的技巧。,5,力荐,7,0.9997818968042692
2011-05-16 22:51:18,放开那个浪味仙,看的第三部怀德的电影…甚是喜欢。他对于故事的编排和设计不愧是故事片之王。我想，无论过程怎样迂回，真正的事实最终将会明了。影片结尾的逆转真是太过精彩！好喜欢这个胖胖的律师~~,5,力荐,1,0.9999999404921558
2011-05-23 23:35:41,周鱼,阿加莎和怀尔德的完美结合 一群戏骨的完美演绎 意外而又意料的主线、熠熠生辉的细节向世人证明：小说和电影的结合能达到如何的高度 要是需要我用一句话来评价我的douban NO.1500部电影 那只能是：此曲只应天上有，人间难得几回闻,5,力荐,634,0.9999829557268008
2011-07-10 11:36:22,桃桃林林,阿加莎·克里斯蒂的精妙情节配上比利·怀德的风趣对白，以及查尔斯·劳顿、玛琳·黛德丽、泰隆·鲍华等人的精彩表演，几近完美的电影。不老的玛琳·黛德丽，又被感动了，真棒。,5,力荐,2393,0.999999124017521
2011-07-10 14:00:28,蚂蚁没问题,演的不错，但是结局也没有说的那么玄乎吧？多读几本阿婆的书，这样的结局还不是手到擒来。 ,4,推荐,1009,0.9998816063406464
2011-07-10 22:55:56,Q。,"无论是剧本、导演还是个人表演，几乎都无可挑剔。机智的台词和精彩的法庭辩论，十足精彩！即便在结局前猜到了最终结果也并不会让电影在精彩程度上有丝毫削减。btw,电影最后提示请勿剧透我还真是头一会见。★★★★☆",4,推荐,4091,0.9999999953216026
2011-08-22 12:05:20,方枪枪,烂番茄电影都是一样的，伟大的电影却各有各的讲故事方式，本片就是一个完美的悬疑法庭电影，成功归功于阿加莎•克里斯蒂，一个擅长设计故事悬念和冲突来引人入胜的作家。悬念设置和矛盾冲突都设置的恰到好处，山穷水尽之时总会柳暗花明••• ••• 五星力荐,5,力荐,39,0.9999999940890878
2011-08-30 23:07:50,狄飞惊,剧情抽丝剥茧，台词绵里藏针，表演炉火纯青，结局出人意料，编剧、导演、演员尽皆一流成就的完美！,5,力荐,4,0.9999999998409804
2011-12-04 01:58:37,石墙,最后剧情的不断反转就像是导演在出牌，出到哪一张这个牌局都很精彩，但直到最后我们才发现整个布局的惊艳（男人出轨到女人出轨再到男人出轨的回环）。也正是因为这个剧情的反转，整部电影的焦点出乎意料地由老律师（查尔斯·劳顿的表演真是精彩绝伦）转移到了这个敢爱敢恨的女人身上。,5,力荐,1,0.9999999987182272
2011-12-25 00:38:19,有心打扰,情不自禁便爱上了这个老胖子。爵士和护士之间的拌嘴太可爱的。即使是到影片的最后10分钟，剧情、谜团仍旧一波三折，确实不能剧透，你猜不到凶手也猜不到过程，永远不要以为你是对的，至今看过的最强大、最有趣的推理影片。她不是杀了他，而是处决了他，一个不同寻常的女人。永远不要背叛真爱。,5,力荐,169,0.9999757752754056
2012-01-10 00:33:54,吉云,诙谐的对白，严谨的思路，一心要把观众往沟里带的情节。ps:我觉得那个女仆的表演也很不错！,5,力荐,2072,0.999918105645574
2012-02-07 10:46:48,握不住的灵魂,巧夺天工,5,力荐,13,0.7499999999999999
2012-02-08 13:29:42,沉歌,男人贪心，女人贪爱,5,力荐,10678,0.8841803077038101
2012-03-05 10:46:16,CyberKnight电子骑士,超好！怀尔德的剧本和把握棒极了，角色各个出彩！情节在不动声色中波澜起伏。,5,力荐,7,0.9999999494848938
2012-04-13 11:45:29,米粒,满分！无法形容的精彩！怀德和阿加莎的完美结合，猜了几次凶手都没中，我还真是。。。马琳黛德丽已经56岁的人了还那么美，果然是remarkable。演员都极其出色。太精彩！,5,力荐,801,0.9999824933783692
2012-05-12 05:02:39,托尼·王大拿,强大到无以复加的反转，这才叫实打实的观影乐趣，小瑕疵什么的完全可以忽略，正所谓一俊遮百丑；怀尔德着实好好地摆了观众一道！,5,力荐,49,0.9976254147140636
2012-05-12 13:39:50,大旗虎皮,推荐一部老片。阿加莎·克里斯蒂的故事，比利·怀德导演，不会差的，况且还有查尔斯·劳顿、玛琳·黛德丽主演。剧中那个护士是劳顿真实生活中的老婆，两个人你来我往唇枪舌剑非常好看。影片塑造主人公用不同的方法，律师性格出场迅速确立，奠定了动机，女主人公则神秘莫测，到结尾才明白。,5,力荐,6,0.9999999999410418
2012-06-20 15:52:05,阿巴厮,法庭戏真是太精彩太好看了，更不要说最后十分钟的反转！比利·怀尔德真是精品多多啊！,5,力荐,4,0.9450260605929434
2012-06-30 19:10:55,一只麦麦,护士监督的诙谐情节为义正言辞的审理过程增添谐趣，怀尔德通过爵士的饱满性格塑造将美式幽默发扬得淋漓尽致。最为人称道的是结局数次反转，感谢字幕制作者在片尾介绍演员背景，幕后故事和影片剧情同样精彩,4,推荐,19,0.9999989239587392
2012-06-30 19:10:55,一只麦麦,护士监督的诙谐情节为义正言辞的审理过程增添谐趣，怀尔德通过爵士的饱满性格塑造将美式幽默发扬得淋漓尽致。最为人称道的是结局数次反转，感谢字幕制作者在片尾介绍演员背景，幕后故事和影片剧情同样精彩,4,推荐,19,0.9999989239587392
2012-07-09 15:28:01,欢乐分裂,各种人物角色高度风格化，各种对白火花四溅，各种构图之精美；峰回路转柳暗花明，终猜不透结局；Marlene依旧冷艳，结尾的迸发说明再强大气场的女神也无法逃过爱的魔掌。,5,力荐,144,0.9999999999774236
2012-07-15 13:23:42,白日美人_S,精彩到流泪啊啊啊。。。,5,力荐,9,0.9498844048445738
2012-10-08 10:53:35,mumudancing,比利怀尔德要是活到现在得秒杀多少傻逼导演啊！！！！（不好意思我猜到了结局，减一星）,4,推荐,19,0.9961162117531136
2012-10-08 10:53:35,mumudancing,比利怀尔德要是活到现在得秒杀多少傻逼导演啊！！！！（不好意思我猜到了结局，减一星）,4,推荐,19,0.9961162117531136
2012-10-14 20:06:10,刘康康,比利·怀尔德和阿婆联手，果然不同凡响，这片子很好地解决了@水刀子 的疑问，如何让大明星出演凶手又让观众大呼意外？,5,力荐,5,0.9997649744259094
2012-10-21 08:29:00,陀螺凡达可,阿加莎的故事太精彩了，以至于后世不断模仿早已失去趣味。但这部1957年的电影经由怀尔德之手至今风采依旧引人入胜。,5,力荐,271,0.99850768506225
2012-10-27 17:39:49,Kirsten,心目中的完美电影之一！（片尾说请不要剧透好有爱~）,5,力荐,2,0.9735856857764296
2012-11-09 01:14:31,胤祥,其实我真想因为阿加莎的百年不变烂俗化装桥段扣一星的……不过这部片子竟然是个喜剧！它竟然是个喜剧！而且台词写的实在是太好了。感谢TLF字幕组的注释。影片结尾那个“不要剧透”的提示实在太可爱了！,5,力荐,163,0.9854617848485574
2012-11-18 14:46:18,大島,如果它不是满分，没有电影可以配得上五颗星。,5,力荐,419,0.6821132505248143
2013-01-13 11:08:19,长胡子的心脏,Billy Wilder拍蛇蝎美人题材得心应手啊。前后总共4个大场景，却织出这么有趣味的故事。男星泰隆鲍华58年因心脏病死于片场，爵士同护士是夫妻双双奥斯卡提名，护士拿了金球女配。而其中的“蛇蝎美人”参演的时候已经56岁了……,5,力荐,24,0.99399493643421
2013-02-10 17:08:51,匡轶歌,本期待着一个传说中的“神展开”，憋着没去提前翻答案给自己泄底，谁知后半段玛琳.黛德丽被作为检方证人传唤时，一下看透悬念，猜中结尾，泄气了不少。故事全部在内景中展开，叙事层层铺垫极具耐心，各出场人物、对手戏间火花迸溅，台词的机智与机锋暗涌…可谓庭辩戏的经典模板。,4,推荐,91,0.9999999998807914
2013-05-06 15:25:13,影志,抱着对法庭题材的偏见去看，没想到竟是一部够回味好几天的片子，不仅仅因为惊艳的结尾，整部戏就像让观者身临其境一样，思其所思、忧其所忧，黑洞一样的剧情吸引着人，最后把你完全裹住、迅速吞噬。演技、导演、编剧真是惊为天人。第一部怀德片。,5,力荐,1930,0.9999999243487324
2013-08-11 21:15:59,火娃,9.0/10。剧情精湛，台词精湛，演员精湛，结尾值五星！奸妇和爱夫瞬间转换了位置，这等峰回路转令人拍案叫绝！如果这片不给五星，那么其它法庭片也不用给了。,5,力荐,4,0.9999996850544948
2013-08-14 12:17:36,U 兔,爽片！开篇有条不紊让故事一步步推进，而且居然大多是靠台词，闪回极少（这对这样的犯罪悬疑片真是极大挑战，能够以此吸引人太难了）法庭戏精彩有条理，每个人物都很立体。结尾有惊人之处，只是觉得处理得有点草率再细致点更好。黛德丽的调调拿捏得很好，劳顿的表演也很出彩。幽默的小细节让影片增色。,5,力荐,2,0.9999999998819276
2013-09-22 01:16:29,朝暮雪,正义的天平有时会有偏差，但终将回归正义。,5,力荐,416,0.9994815175596504
2013-10-03 14:55:05,内陆飞鱼,当结尾旁白说“影院友情提示，为了保证您没有看过这部电影的朋友，有机会获得更大观影乐趣，请您不要像任何人透露这部电影的结局”时，真爽，这个电影真是骗足了同情心，飚足了演技，压足了节奏，然后唰唰大释放。一场英国男人和德国女人之间爱情与欺骗的故事，现在才看，对不起比利·怀尔德老人家。,5,力荐,6839,0.9999999999831028
2013-10-04 12:27:09,河原宏,精彩是精彩 但“编”味有点浓  怕被剧透的电影难有持久的魅力 流于一次性 比利·怀尔德最伟大的还是《日落大道》,4,推荐,2,0.8125595632786834
2013-11-09 14:36:35,zhang 2nd,1.56岁的玛琳·黛德丽依然漂亮有气质；2.胖律师和护士小姐在现实生活中是夫妻；3.看片过程一直感叹玛琳·黛德丽和查尔斯·劳顿的演技，觉得剧本比较好，但是没到传说中神的程度；4，影片出现“THE END”后，才明白本片剧本简直太神了，是最大的亮点！,5,力荐,1,0.9999970339572336
2013-11-24 13:19:41,吞火海峡,据说希胖曾宣称这片神似他的作品，哥感觉这是影坛野史无稽之谈：要是让希胖来拍也许会出现喜剧风采，但绝对不是怀尔德式的温婉雅致，而影片的结尾也不会是“戏剧”式的舞台冲突（坦白说这种处理对于电影而言稍显仓促），强有力的表现镜头将为影片划上浓墨重彩的结尾。【9】,5,力荐,9,0.9999999979216552
2013-12-11 02:27:17,贝果在唱歌,当我翻看古代先贤们的著作的时候，我就已经意识到了，今天文明所达到的高度只是积累的结果，但从智力而言，这几千年来，人类其实没有什么变化。同样的道理，抛开所有技术的更新，从智力的层面看，这部六十多年前的电影，仍然是登峰造极的作品啊。。。,5,力荐,850,0.9999999901438044
2013-12-13 02:29:43,小米=qdmimi,伟大的剧本加强悍的表演加一山巨星及其周边，亮闪闪的五星。泰隆·鲍华最后一部完成影片，次年他因心脏病突发倒于片场；五十六岁的玛琳·黛德丽依然鬼魅；几年后胖劳顿也因脑溢血离世，不过他和劳顿太太的表现实在值回本钱。原作那个短篇？忽略它吧……,5,力荐,24,0.9999998470879724
2014-01-18 15:51:14,danyboy,牛逼。我猜到了第一层结局，也及时预料到了第二层结局，但是没有猜到最终的结果。《胜者正义》的编剧一定看过这个电影。,5,力荐,134,0.999992695176538
2014-01-23 15:06:28,掉线,【B+】结局让这片质量拔高不少，豆瓣分高得吓人,5,力荐,11,0.9226751012193942
2014-02-20 21:55:38,远子,这结局没法不让人给好评。但我忍不住会想，这样的大逆转真的好么？,4,推荐,22,0.8171057357335906
2014-02-20 22:52:49,吴松张,我要改掉我记不住外国人的名字而不去看女王小说的坏习惯,5,力荐,65,0.8093406708789488
2014-03-01 22:19:51,十一伏特,可爱的胖胖老律师，借助自动滑行椅、偷着抽雪茄、反光单片镜三个道具就撑起了第一幕四十分钟，原本应该枯燥的案情叙述被老律师的行动抢戏，好几次我都听不全大段文字，只是笑得不停。然后，正式入戏。阿婆和怀尔德的伟大合作，案情反转与幽默细胞的完美结合。,5,力荐,1,0.9999490995376388
2014-03-04 22:03:40,小馁诺娃,相比之下，更喜欢【十二怒汉】，但作为1957年的电影，要评为满分都不为过。临近结束时猜到结尾。男主角律师的演技令人赞叹。从此记下了这个可爱的胖子。【我总觉得一切都太顺利了点】之后大概用到了很多影视剧里，例如【LEGAL HIGH】。,4,推荐,3,0.9999990653369244
2014-04-02 21:54:23,汪金卫,片子可分为三部分：40分钟的人物性格展示与案情介绍、1小时的法庭唇枪舌战与8分钟的反转。每部分都精彩而流畅。正义而可爱的胖律师形象非常生动，就连控方律师、法官等配角也十分有戏。56岁的玛琳·黛德丽居然能演如此美貌蛇蝎的妇人，真是惊为天人！//20170708资料馆大银幕。依旧五星,5,力荐,99,0.9999999983703576
2014-04-09 19:55:43,断肠人在刷牙,女人最大的弱点是爱上一个人不顾一切，男人最大的弱点是永远在追求新鲜和刺激！,5,力荐,11,0.9991852213053224
2014-04-21 17:14:41,荞麦,老电影真好看！徳黛丽当时已经56岁却还气场十足，特别适合这个角色，但有一段崩溃戏不喜欢，不像她。作为阿加莎的老牌读者当然一下子就猜透结尾了但完全不妨碍……每个人的表演都精彩，细节做得特别足。……比喻一如既往的好“就像溺水的人抓住剃须刀片……”,4,推荐,313,0.9999999987375574
2014-04-30 06:55:49,Ocap,黑白片启蒙。句句成金的台词，丝毫没有遗存老片气息的自然表演，还有一个不能更可爱的胖子。如果没人告诉我结尾会反转的话，我不会点开一部1957年的老电影；如果没有坚守到最后十分钟的连环颠覆的话，你就不会爱上怀尔德。没有玩叙事结构却如此大快人心，史无前例的前例。,5,力荐,27,0.999999999875578
2014-05-15 19:27:04,怂囧小赫,这真的是57年的电影吗？太赞了！我猜到了开头， 却没有猜到结局！英国人真的是双子座的国度，一半海水一半火焰，幼稚也成熟！而德国人更像是摩羯座，古板保守，一往情深。每一个细节处理的都很匠心独运，令我观影目不暇接，哪怕一秒都不能落下！真的是大师级的律政神片！,5,力荐,4,0.999999997165398
2014-05-17 20:03:34,文泽尔,并不特别喜欢蓝天使 却无法否认两者间以玛琳·黛德丽勾连的互文性 唯一的遗憾在于时光 当时三十好年景 控方证人时却已年近六十 世上本没有不老的传说 厚脂粉和以假发拉紧脸部皮肤的传闻 导致每次看时都有些难受 好在爵士演出、阿婆剧本皆无愧经典 尽管是出于掩饰性格导致信息缺失的反转 也应考虑时代性,5,力荐,14,0.9999476968467468
2014-06-25 10:50:49,白发生,经典之中的经典，完美以上的完美。在这样一部作品面前，任何评论都显得苍白无力。既然说了也是废话，索性说点题外话。那些纵横豆瓣，喜欢横眉冷对各种名作的指手划脚帝们，若连如此雅俗共赏的作品都难入阁下的法眼，那看电影真的不适合你，不要在它身上浪费你宝贵的生命了，找点别的事干吧。,5,力荐,333,0.9941730260928404
2014-06-29 15:25:48,小油飞,每一个演员每一句台词都堪称完美～,5,力荐,11,0.9994452101314631
2014-10-13 22:25:19,Panda的影音,1.虽然电影的故事讲得十分精彩，但还是觉得豆瓣评分偏高了，IMDb评分比较接近我的观感；2.终究还是觉得太戏剧/舞台化了，这点上，比利·怀尔德和希区柯克挺像；3.结尾--影院友情提示：为保证您还没有看过这部电影的朋友有机会获得更大的观影乐趣，请您不要向任何人透露《控方证人》这部电影的结局；…… —— 2020.02.19：和《十二怒汉》一样在二刷时收获更佳观感，这次比起IMDb评分反而与豆瓣评分更贴合。剧情虽淡忘，但在知晓故事反转下，注意到好些初次看片时疏忽的巧妙情节细节和精彩台词，因此更惊叹于编导的出色创作。锦上添花的字幕也贡献些许功劳：1.银幕上是1939年的经典影片《荡寇志》主人公杰西·詹姆斯的扮演者即伦纳德·沃尔“本人”泰隆·鲍华；2.德国女星玛琳·黛德丽影片发行当年已满56岁；3.“爵士”和“护士”是生活中的夫妻；……,5,力荐,4,1.0
2014-10-22 21:38:43,Se7en丶小七,正所谓强者自救，圣者渡人。在这场斗智斗勇的角逐中，Leonard利用了Christine对他的爱和Sir Wilfrid的正义不屈，毫无疑问是游戏的大玩家、胜利者。但请记住正义的天平也许偶有偏差，但终将回归正义！,5,力荐,2,0.9999999980429372
2015-02-01 23:15:00,麦兜,聪明人解聪明人的谜，注定会是一场势均力敌、火花四溅的拉锯战，拥有着不断引人入胜的魔力。加上导演塑造人物性格的绝妙手法，伴随始终的合理而有趣的生动细节，每位演员精彩绝伦的演出，意料之外的反转结局，合力让这部影片毫无半点冷场，从头赞到尾！,5,力荐,2,0.9999999999999718
2015-02-09 10:39:25,支离疏,阿加莎·克里斯蒂的故事，对话太精彩了，英式的幽默（也有人很烦）。我爱比利·怀尔德，喜剧太赞。,5,力荐,6,0.9986348485266292
2015-03-10 00:08:08,柴斯卡,结尾真是后劲十足的感人啊。一切细节服务人物，写人物的极致。各条线索汇聚一点，结构美而富有力度。药丸、推车、心脏病、蓝纸片。人格魅力与忠心耿耿。雪茄威士忌、正义天平、查资料与execution。黛德丽的一条腿，值得动用一百多个群众演员。神女、圣女、烈女，冰与火的真正交融。,5,力荐,335,0.9999999999998306
2015-04-17 17:02:17,vivi,好看到说不出一句话来。悬疑、犯罪、爱情、雄辩、理性，神故事、神导演、神演技。2015.5.2.重看.REMARKABLE. 最后一段真是百看不厌。,5,力荐,5,0.9999924578342838
2015-05-13 17:14:41,雾港,神反转构成一道叙事螺旋线，神演技撑起每处细节几无破绽。即使身为阿婆迷的我猜中了第一层反转，依然被接下来的峰回路转给惊到了。有的电影的好在哪里，众人莫衷一是，而本片的好看绝对是硬通货级别的！,5,力荐,11,0.9999813782311424
2015-05-19 18:16:16,Clyde,国产片烂片遍地，他们若不是那么懒，多看看比利·怀尔德的作品，必定能够学到不少讲故事的路数。比利·怀尔德绝对是好莱坞黄金时代首屈一指的戏剧/叙事大师，他的作品从来都雅俗共赏，故事、人物、细节都准确而到位，很多时候，他拍出来的就是最圆满的版本，所有的重拍或改编都不能超越之。,5,力荐,61,0.9999999986470868
2015-08-03 19:10:07,Metoπymy,法庭戏简直教科书的镜头语言和场面调度，虽然看前知道故事有反转，但还是没想到会是这样。五十年代的化妆水平，根本认不出那个妇女就是赫尔姆！怀尔德把幽默元素在悬疑故事中融合得恰到好处，佳作！,5,力荐,2,0.9999971345369246
2015-08-26 15:50:52,冰红深蓝,阿加莎·克里斯蒂的精彩剧本、比利·怀尔德精心设计的风趣对白、张弛有度的节奏把控，以及查尔斯·劳顿、泰隆·鲍华、玛琳·黛德丽等人炉火纯青的表演，一部无可挑剔的经典电影。怀尔德将喜剧、悬疑与法庭戏共冶一炉，几近完美。结尾的多重反转让人震悚不已，56岁的黛德丽的不老容颜啊。（9.5/10）,5,力荐,50,0.9999999999950298
2015-09-24 12:54:04,巴喆,杀人男走了欧美陪审团案例法的漏洞，只能说女演员爱的很天真。法庭控辩双方的辩论精彩至极。剧本无可挑剔，几度反转的剧情，严谨的逻辑思辨，非常人性的司法过程。伟大的电影！9.4,5,力荐,16,0.9999999933185052
2015-12-06 22:21:09,玄辂Hyunlu,喜欢的是那些火花四溅的对白和为了展现人物性格设置的种种桥段。故事主线很容易就能猜中。玛琳黛德丽56岁依然风情万种让人倾倒,4,推荐,3,0.9999992328568402
2016-01-11 16:43:46,起床，吃饭,太牛了，不看可惜啊！,5,力荐,45,0.397891910433318
2016-02-17 20:08:09,恶魔的步调,阿婆原作。戏里戏外都挺精彩。最后的（其中一个）逆转不知道对爱德华·诺顿处女秀《一级恐惧》有没有过一定影响。,5,力荐,29,0.999954298200772
2016-02-27 11:18:39,寒枝雀静,酣畅淋漓，就说一下自认为的缺点甚至不算缺点。1、确实有刻意增强的戏剧感，但并不违和。2、人物性格过于扁平，但是本片需要的又刚好是扁平的角色。3、性别角色的刻板印象鲜明，但是又完全恰到好处。,5,力荐,21,0.9999999413761832
2016-02-29 12:45:05,沁云,看的第四部Billy Wilder，精彩的类型片，主要演员都奉献了教科书级的演技。但故事本身不会令人有太多回味，反而叫人感觉一味求奇，而缺少一些社会和历史内涵。,4,推荐,5,0.9999924515387276
2016-04-08 03:38:11,寒莓根,非常典型的阿婆故事 不追求完全的逻辑缜密而追求反转 很像圣诞探案记那个狗血案子 比利怀尔德有才 台词和人物塑造充实又聪明 按我的了解都不是阿婆的风格 演员演得太好了 Charles Laughton是那种把戏吃到骨子里又像平常人一样表现出来的演员 现在都没有几个了 扣一星还是在于它更像个话剧吧,4,推荐,2,0.9999999943899012
2016-04-15 00:26:42,[己注销],（９／１０）名不虚传。玛琳·黛德勒的气场太强大了，看了她几部作品，每次都那么耀眼夺人眼球。男主演技也很牛逼，从屌丝脸到贱人脸只需几分钟就能完成转换。当然，爵士也演得不错，爵士和护士也是现实中的夫妻。,4,推荐,87,0.999999538661977
2016-05-15 08:48:37,淡水无香,剧情布局十分巧妙，台词风趣，当年的大腕级明星表演炉火纯青，是一流的推理片。,5,力荐,4,0.9999999438387256
2016-05-31 16:17:32,易老邪,原本一向对这片不以为然，但鉴于这是少有的所谓零差评高分经典，恐有误判，因此慎重起见，今儿又重温了一遍，结果观感更差了，只好维持原判：本片编、导、演阵容强大，但全片毫无亮点可言，只是一部肉麻无聊、矫情浮夸、无理取闹、逻辑混乱并乱中取胜的廉价庭审闹剧。终审判决1星半，不得上诉。,2,较差,128,0.0046243594654512
2016-06-06 08:54:25,又烧包小队长,这片最大的反转不是影片末尾的谜底揭晓，而是看完影片后我查到女主角拍摄时已经五十六岁了。昏迷。,5,力荐,5963,0.9811939504363936
2016-06-29 17:02:30,康报虹,"在黑白电影时代，没有过多的色彩和精妙的配乐，连剪辑也不精妙，全靠故事和演员的人格魅力。
比尔怀德风趣对白加上萌萌的爵士和护士造就了完美的《控方证人》。
""The truth，the whole truth and nothing but the truth.""
P.S.在悬疑推理电影刚刚兴起的年代，结尾提醒不要剧透的话太有意义了！",5,力荐,5,0.9999999999999616
2016-07-18 18:18:07,==,太可惜了，看过上话吕凉那版的话剧，反转对我无效了……编导演都厉害，台词紧凑有趣，场景集中确实非常适合改话剧，每一场戏都很有张力，又有许多有趣的细节，律师事务所的护士秘书们好可爱，演员无论主角还是配角选的都绝了。最近要把BillyWilder的电影补完啊。PS官方提醒不要剧透太贴心了,5,力荐,1,0.9999999999998072
2016-08-13 23:30:57,Lies and lies,始终无法进入Billy Wilder的世界：人物塑造太机械，完美节奏带来的是快速遗忘。,2,较差,16,0.9962246828309288
2016-08-20 09:34:52,巨米雨,我的天啊，剧情跌宕起伏，台词睿智幽默，逻辑严谨缜密，演员演技精湛，翻花绳一样的结尾回味无穷，法庭上的对峙简直是语言与智慧的最佳体现，太服了，这才是我心里真正的电影嘛，太出色了，无可挑剔的完美影片范本。,5,力荐,9,0.9999999993330564
2016-08-28 00:19:56,西楼尘,由辩方证人成为控方证人的巧妙反转，从律师跟管家护士打嘴炮开始就奠定了令人会心一笑的喜剧氛围。讲故事的高手就是能让你眼球牢牢盯紧故事不敢走神，更加不敢剧透。这部经典遗憾的是为了反转和耍聪明牺牲掉了人类真实的情感，那让天花板都震碎的感情说推翻就推翻，使得角色成了为剧情而牺牲掉的空壳。,4,推荐,172,0.9999998734023734
2016-09-19 08:17:17,洛伦兹不变换,其实不断地强调会有反转这一点就是一种剧透，因为在始终牢记这一点的情况下观影，我竟然猜到了第一个反转，于是，尽管还有反转，但那种痛快淋漓的观影体验已经消失不见了。,5,力荐,7,0.7974997637073642
2016-10-04 22:31:50,喻鸣,阿婆的精妙设计+怀尔德的节奏把握，好一出悬疑又幽默的攻心计，台词让人佩服得五体投地。黑白片就是不易显老，玛琳黛德丽56岁风韵犹在。片中辩方律师和护士拌嘴戏太可爱，两位戏骨现实中是夫妻哟。,5,力荐,10,0.9999999906657736
2016-10-15 17:25:26,臭屁月,讲实话，不好看。本片最大的亮点在于演员精湛的演技，不论是沃尔夫妇还是神探，哪怕配角都演的活灵活现。遗憾的是，推理在本片中几乎没有，所以在剧情上略有拖沓，而且少了一些出乎意料。结尾结的不好，太过突兀，又生硬，像是刻意为了洗白女主而设计的。,2,较差,41,0.9999975234903618
2016-10-20 23:18:51,张苑希,结局真的是高能反转，叹为观止，真是很久没看到这么情节流畅、风格幽默、辩论精妙、一气呵成的律政片了。每个出场人物都层次丰满、几场法庭辩论堪称经典，结局更是神来之笔，让人回味无穷。最让人印象深刻的莫过于编剧对于人性的挖掘，犀利直白，一针见血。女人啊，在爱情里往往都是盲目的。,5,力荐,83,0.9999999999985584
2016-12-24 22:08:17,不规则动词,猜到了他们的计策 却没有猜到他们的结局,5,力荐,22,0.8195950879916025
2016-12-25 15:11:15,叫我张球王,有意思的小片，不是冷硬派的侦探小说而是站在律师的角度上讲这跟独特，反转剧情在那个时代也显得尤为特别和难得，威尔弗雷德的扮演者演的太棒了。同时这也告诉我们暴狼互踩是多么容易获得平民的选票。,5,力荐,2,0.9999999933808724
2016-12-28 01:35:56,da,我就猜到一个反转，就是他妻子可能故意做假证，结果最后十分钟又反转了一下，而且和之前的那些真正的证词全部对应起来了，从那个年轻女子坐在旁听席上哭起来说自己第一次碰到这种庭审，结果那个年轻女子果然和被告有一腿，结果正当我在想法律可能结果不了一个畜生了，这时候他妻子爽快的给了一刀。,5,力荐,1410,0.9815742454622182
2016-12-28 15:27:32,清炒黎蒿,最后十分钟，一个接一个的反转，包袱抖到眼花缭乱，却不见生硬稚拙，只觉精巧。审判结果尘埃落定时妻子趴在门外看过来的那一眼，回味起来真是难受得心里发慌。剧本，台词，镜头，表演，节奏，无一不好，很难相信这是六十年前的作品。,5,力荐,178,0.9998776086991304
2016-12-28 23:47:21,Lycidas,看新版前回顾，倒与豆瓣今日相映成趣。语言虽轻，其力万钧。剧作与演技令人叹为观止。,5,力荐,4,0.9993412296709326
2016-12-29 10:14:02,马文,1957年的黑白电影作品啊，我如同尊敬福尔摩斯侦探全集一般尊敬它。,5,力荐,6,0.999927455052546
2016-12-30 08:55:43,英恩,Charles Laughton的演技只应天上有，连脸上的嘟嘟肉都全是戏！最后看到字幕提示Marlene演这部片时已经56岁时惊呆了，高冷和优雅范儿太完美了。结局倒是没大家评论的那么精彩，几场法庭辩论，快速交叉询问的节奏感才是最棒的啊。,5,力荐,26,0.9999750791084884
2016-12-30 13:02:26,momo,那个时代的口音都那样吗……即使是在伦敦。辩方控方的对弈之精彩！十分流畅紧凑，推理层层递进，在证词中互相找漏洞看的好爽，还伴随一点时不时的戏剧化的表演和小幽默。妻子做控方证人这个桥段设计的非常好，小高潮不断，最后十分钟反转不断，把本片推向了五星的大高潮。妻子和丈夫的演技真的骗过了我,5,力荐,3,0.9999999999236484
2016-12-31 22:33:52,Fleurs.哼哼,经典到不想60年后再看还是如此经典。比利怀德阿加莎真是一种龙舌兰加琴酒的烈性甘醇,5,力荐,7,0.8370807330862475
2017-01-15 13:40:09,朱欢尘,虽然这种傲娇毒舌大律师人设现在已经比较常用了，但本片作为首创还是很厉害的。几位主演演技非常好，女主气质极佳，真不敢相信56了…最可爱的是片尾的旁白：希望大家考虑到更多还没观看本片的观众，不要透露剧情。这样郑重其事的嘱托好萌！,5,力荐,30,0.9999996557691468
2017-01-20 14:43:24,撒旦的表妹,太好看了！对白有趣剧情精彩，神结局，神演员。,5,力荐,14,0.9998976002486852
2017-01-23 17:26:53,老袁,剧本太好了，关键是每个演员都在给电影加分。再厉害的剧本没有好演员也是不行的……,5,力荐,66,0.9990298870897032
2017-02-26 13:35:04,思路乐,【A】前半段风趣幽默，毒舌，傲娇而又充满英式幽默的高级对话，一下子就抓住了观众的心；中间法庭辩论戏充分显示了阿加莎·克里斯蒂的高级台词功底；最后15分钟反转一个接一个的展开，但翻到最后那层时还是不禁让我大呼“卧槽”。地球上这么会诞生出阿婆这样变态级的编剧！！！,5,力荐,6,0.999699327825642
2017-03-06 07:04:21,一期一会,家境贫寒的男孩Ali（Amir Farrokh Hashemian）帮妹妹Zahra（Bahare Seddiqi）取修补好的鞋子时，不慎将鞋子弄丢，为了不被父（Mohammad Amir Naji）、母（Fereshte Sarabandi...展开,4,推荐,17,0.98712903754972
2017-03-11 10:36:52,亚比煞,人生如戏，全靠演技。,5,力荐,124,0.9858500305774828
2017-03-27 10:23:01,水木丁,对于读过阿加莎克里斯蒂大多数作品的人来说，因为对阿婆的套路比较了解，看到阿婆的名字本身就等于剧透了。,5,力荐,21,0.9982695291815322
2017-04-05 10:42:33,余小岛,一部近乎完美的电影。最后的防剧透提醒真是体贴。。。,4,推荐,28,0.9740618912782492
2017-04-26 22:23:35,黄青蕉,比利怀德真的是各种意义上的领先时代五十年，连防剧透声明都领先了,5,力荐,3256,0.957980372888244
2017-06-22 23:19:14,sosovipp,会提醒观众别剧透的片子，挺少见的。,4,推荐,9,0.9988907654752044
2017-07-08 18:20:59,穿山,#资料馆#二刷，这次注意的是示爱、出轨和报复的对称翻转，假作真时真亦假；劳顿夫妻档对手戏妙趣横生(处处厌女和生活中的性取向形成呼应)，羡慕嫉妒恨的希胖电影里如此人情味大概会截然不同；对道具的运用(雪茄、单镜片、尖刀)非常电影化，黛德丽的长裤和丝袜都被扯破；人生如戏，全靠演技！,5,力荐,6,0.999999999958478
2017-07-08 19:07:30,SleepWalker,2017.7.8资料馆。首次在大银幕观赏如此完美的一部影片，激动万分，满足不已。将本片列为影史第一悬疑片也毫不为过。情节设计、人物塑造、反转桥段均无懈可击！难以想象的是这部杰作是整整六十年前拍出来的！牛逼的莎婆，牛逼的比利怀德，牛逼的查尔斯劳顿！还有影片最后的防剧透提示，太逗了！,5,力荐,5,0.9999975642673042
2017-07-08 19:53:08,神仙鱼,剧作上的多重陷阱确保观众上钩，然后用也许是影史最佳之一的结尾，在几分钟内令人性、伦理和真相，明灭反复摇移，造就强烈心理冲击。而反转又不流于表面，不仅蕴含了法律正义宿命般的疏而不漏，还有令人唏嘘喟叹的凄美爱情观。另外怀德再次证明了自己用喜剧手法强化文本以及立体人物的惊人才能。,5,力荐,1,0.9999999978968168
2017-07-09 01:00:46,seabisuit,第一次看这部，豆瓣超高评分得益于阿加莎原著比利怀德改编导演的强大剧作，节奏幽默紧张，就是觉得最后反转难免嚣张过于戏剧化。演员都很强，各种表演型人格的展现。结尾有不能剧透的字幕，但旁边的小伙以知道结局为资本泡姑娘卖关子，虽然没说透但那提示的样子真是烦人。资料馆。,4,推荐,46,0.9999999809118596
2017-08-03 12:23:53,艾晨,"虽然给了五星，不过我还是更喜欢《十二怒汉》。最喜欢护士，其次女管家。
素材备注:电影里在电影院看电影",5,力荐,17,0.999770266412185
2017-08-06 22:11:56,阿树,形式就算保守一點倒也無可指責，畢竟有這麼好的原著小說打底，拍得也足夠好看呀，對白寫得是真妙,5,力荐,2,0.5011056640817559
2017-08-20 19:29:51,MR.Charles,完美演绎阿加莎的剧本 真正把悬念埋藏到最后 在结尾升华爆发 法庭戏也十分精彩,5,力荐,2,0.9999978613528384
2017-09-12 20:37:07,ChrisKirk,凶手不在场证明。固定场景下的稳态叙事，层层剥落现实皮囊，串出男女前世今生不相尽同的欲念企图，贪爱恋财玩新鲜；比利怀德和阿加莎联袂贡献最意外完美的反转，同时对法律与人情做出现实的考量，强大的剧情张力下拉扯到每段以彼此为生的卑微爱情，让人唏嘘不已；几位主演同样奉献出精湛演技。,5,力荐,1,0.9999999999999968
2017-09-20 19:51:39,杨迪,谁能想到这是1957年的电影，一点儿也不拖泥带水。以为猜中了结局，还是会有猜不到的地方出现，真的很精彩。,5,力荐,247,0.9990548719543136
2017-10-08 22:45:45,严箫玉,1. 除了稍微有点舞台感，从剧本到节奏到表演到制作几乎全方位无懈可击。2. 和女演员拍拖要谨慎，和男演员拍拖更要谨慎。3. 剧透死全家，这片子在60年前就已经教育我们了。,5,力荐,4,0.999950716503284
2017-10-18 21:16:20,风间隼,资料馆看过，忘标了。最后的大反转不知影响了多少后来者，难怪一开始就出字幕“看完请不要剧透”。。。,5,力荐,16,0.0960515365789128
2017-12-31 01:23:10,晚不安,比利·怀尔德的巅峰之作，把叙事艺术发挥到极致。也是一部官宣的剧透死全家的电影，法庭戏拍得张弛有度，紧张又不失趣味。故事原来出自阿加莎，真是强强联手啊。情节反转接二连三，人性的复杂不断超乎想象，正义的天平在结尾几经摇摆。众人的演技也都出神入化，律师和护士的搭档让人不禁莞尔。,5,力荐,7,0.9999999999999962
2018-02-09 01:14:06,左胸上的吸盘,最好的环节是表演，查尔斯·劳顿的表演近乎入魂，老牌律师的敬业虚弱尖利偶尔的童心，以及收尾的正义感，都不落力的就牵动观者扼腕发笑还是惊讶。配戏的两口子也不弱，女一号还挺美。用光也很考究，景别的节奏感也控制得好（比如男二提监拍照一节）。剧本的悬念给的不多，最后几次猛烈反转拉升的太匆忙,3,还行,36,0.9999999433793456
2018-03-17 07:33:10,红辣椒,真的好看，情节各种出乎意料，本来一直在感叹女主很酷很聪明，临近结尾了发现她就是个傻蛋，但最后结局她还是很酷的。律师这个角色塑造得很成功，又肥又老，但却很有魅力！女主拍这个电影的时候竟然已经五十六岁了！,5,力荐,2,0.999999999993693
2018-03-31 22:05:28,Alain,不喜欢最后两次反转，第一次基本猜到，第二次因处理仓促而显突兀，且都经不起剧透；法庭雄辩非常好看，辩方对控方证人一次次攻破瓦解，为后世律政片创下太多可供模仿的典范（所有技巧都可见诸后来者如《傲骨贤妻》）；最喜欢开始的部分，交代案情与塑造人物不急不缓地并行丝毫不显沉闷枯燥，足见功力。,4,推荐,11,0.9999126254364532
2018-06-03 21:05:33,Gao,"“正义的天平也许偶有偏差但终将回归正义”
三次反转，令人惊艳的结尾，泰隆•鲍华 真是飚足了演技，仿佛20世纪的《看不见的客人》，都是在结尾峰回路转，令人措手不及，以及女版的《嫌疑人X的献身》虽然是黑白的，但丝毫不感觉无聊，影片代入感极强，犹如黑洞一般把你牢牢吸住。
友情提示，为保证没有看过这部电影的朋友有机会获得更大的观影乐趣，请不要向任何人透露《控方证人》的结局。",5,力荐,3,0.9999999999998356
2018-07-19 00:55:47,大象姐姐KK,"你相信他是无罪的吗？你相信吗？从现在起这个案子我来负责！给我一根火柴！

胜利即是正义，你无权假定或者内心怀疑你的当事人是有罪的。否则你就没有为他辩护的资格。威尔爵士是一个可爱较真儿的英国老头，标配一个忠诚的管家和一个唠叨的护士，而这个演护士的女人又是他生活中真实的夫人。

热爱1957年胜过1994年，可能是个巧合。《控方证人》，《十二怒汉》都是1957年的电影。重头戏都是庭辩。和诙谐幽默的台词。

大多数的人都喜欢结尾的反转，个人不爱，律师没有探究真相的义务和职责；愚蠢的人才会在没有出法庭就暴露一切；被背叛的女人是疯狂的，当事人那么一个会玩弄女性的男人怎么会不了解；helm是不值得威尔欣赏辩护的。对于一直赢的律师来说，这会是一场失败的辩护。

最后威尔搭上了护士的肩膀，这个小动作很棒。",5,力荐,2,0.9999999999998704
2018-08-13 18:56:06,啊么吸溜,被片尾的“请勿向未看过本片的朋友透露结尾”萌到了！防火防盗防剧透！PS：祝自己生日快乐鸭。,5,力荐,5,0.99130100960952
2018-09-16 02:25:21,brennteiskalt,阿加莎一类探案故事的最大弱点是它们铺陈环节与最终揭秘之间的断裂。情节上对信息的隐藏尚可看做是战略性的抖包袱，人物性格上的不连贯则毫无原谅的余地。怀尔德这部充满俗套的法庭戏用尽全部力气，说尽全部俏皮话，只为把观众导入最后15分钟的反转反转反转再反转，毕竟这里是这出戏存在的唯一目的。一连串炸弹炸过之后，观众们从中获得了娱乐而不是思考。经典好莱坞的叙事结构在本片里展现出它的陈旧：它已抓不住一个故事里真正“人”的东西了。,2,较差,24,0.9999848800719112
2018-11-06 04:36:01,雲水,"classical却不cliche 
多么神奇，当她冰冷如霜地站在律师事务所和法庭上，自信满满地编故事时，她是高高在上的女神，甚至当她被占领军撕烂裤子，在一地狼藉中寻找自己的手风琴时也毫无狼狈之感，可是当她爱上一个男人，周身的女神光辉瞬间散尽了，成为人群中一个最普通最不起眼的女人，甚至不及女护士的光彩，直到她亲手刀尖插入男人的胸腹，那层光辉又回来了，她又是女神黛德丽了",5,力荐,5,0.999999999845206
2019-03-24 19:29:27,连城易脆,不愧是侦探小说女王，最后结局瞬间的双重大反转实在太刺激了。六十多年前的庭审片竟然可以如此精彩，令人叹为观止。而且字幕也是非常良心啊，结尾居然还有防剧透提醒，真是有意思。,5,力荐,14,0.9999995136130944
2019-06-05 04:53:29,阿依达,很棒的庭审片了，而且里面的evidence rules运用得相当自如！看庭审情节然后嚷嚷着这个证据admissible那个证据inadmissible，这个问题是个leading questions的时刻大概也是我少有的觉得在法学院真的学到了知识的时候吧。再次感叹法学院对我来说最有用的课可能就是civil procedure和evidence了，学完之后对各种律政庭审剧的享受程度提升一大截。我有个特别爱看影视剧的小伙伴，每天闲暇时间基本都是在看电视中度过，本片看到一大半，这位小伙伴就猜出了真相。我还说，“Well thought，但是这也脑洞太开了吧，我觉得编剧不会整出这么扭曲的情节的。”没想到结尾啪啪打脸。后来发现是阿婆编剧的，登时不意外了，想到了雷蒙德钱德勒对阿婆小说的评价（可是我还是爱,5,力荐,6,0.9999999999764796
2019-07-24 22:22:24,蔕,大概刑侦类看太多了，所以这个故事一开始，当嫌烦说出他的妻子是一名演员而很快他的妻子冷静的出现在辩护律师面前的时候，就猜到这是一场自导自演的反转骗局了。当你没有证人的时候，我为你制造一名证人。因为猜到了，所以故事后续的走向就没有任何惊艳，就像是，你是导演，非常清楚下一步是什么。剧本很扎实，虽然演员的表演风格有些刻意，但作为57年的作品是相当不错了。结局对观众很善良，但也失去了一些震撼。要说同时代同类型电影，我更喜欢57版的12怒汉，现在看来，也的确如此,5,力荐,8,0.9999999999999998
2019-08-10 00:04:53,小楼吹彻钰笙寒,各位……你们不觉得反转得过于生硬且突然了嘛？看好多人在夸结局，但我觉得结局并不理想，有些极速转弯勉强没出车祸的感觉。影片对人物的刻画极佳，尤其是对辩护律师的刻画，几乎把每个细节都做到位了，这让我有种在读小说、欣赏文学人物的感觉。但结尾是真的有些突兀了，没有过渡感，而是突然抛出一个“惊喜”。确实会让人眼前一亮，心中一震，但片刻后就散去了快感，连余韵都没了。,3,还行,5,0.9999999999992776
2019-09-12 21:43:33,mate,结局大逆转的古典法庭推理，辩护律师的形象（老、胖、爱雪茄、机智幽默、顽皮）应该是来自丘吉尔吧？非常讨人喜欢，可惜没拍成系列剧主角。难以想象Marlene Dietrich拍此片时已经55岁。,4,推荐,2,0.999994668684669
2019-10-31 22:52:32,巴伐利亞酒神,怀尔德旷世巨作，从叙事到节奏到台词都挑不出任何瑕疵；豆瓣9.6，100多个友邻评分也是9.6；查尔斯劳顿饰演了一个刻薄、狡猾又心善的威佛列爵士，简直就一翻版丘吉尔；德国传奇女演员玛琳黛德丽演这片时已经56岁了，这甚至比结局都令人不可思议；如果你目不转睛地看这部片子，会发现所谓的反转并不存在。,5,力荐,24,0.999999999604986
2019-12-05 15:22:20,高歌,"我的妈，比利怀德是什么神仙手！！全程享受极致丝滑的曲折剧情就算了，最后两分钟还能高潮迭起！（打个比方，就像麦迪在NBA比赛的最后35秒还拿了13分逆转比赛）
PS：玛琳黛德丽啊，美得让人叹息。她就是那种在疾风中依然挺拔的白杨，但也会被细雨打动迷失自我。",5,力荐,6,0.9999999928400972
2019-12-09 00:25:28,小斑,看悬疑片的心情好比看魔术，总想识破其中机巧，但最开心的是最后被骗到。律师和护士在这场秀里担当了“魔术师助理”的角色，每当有关键信息泄出，他们精彩的互动总是吸引眼球，让人忘了分析刚才发生的事情，心甘情愿被牵着鼻子走。编剧导演步步为营，可以说是教学式演出。PS：我不明白为什么字幕要强调玛琳的年纪，泰隆当时也40好几了，so？PSS：在一个没有犯罪心理学理论的时空，阿婆居然活写出如此典型的反社会凶手……,5,力荐,6,0.9999998078664516
2020-03-10 22:58:05,奥利,怀德最差之一吧，这和当下的那些高分悬疑片本质上都是快餐，光是看他的叙事策略就可以明显感受到这点了，这样的闪回和那样的结尾反转安排在一块真的不知道在看什么甚至只是提供了欺骗性，可以说是毫无人味，这反而使得一些被他塑造得有些意思的人物就像在对着空气自嗨一样了，他们感到震惊谁又不是呢。,2,较差,9,0.451435052097749
2020-03-21 12:28:25,阿德,拖到现在才看，是那种看到结尾喊卧槽然后迫不及待想推荐给别人的电影，看此片前一定不要看任何评论，观感才最完整。ps：比利·怀德可以列入最爱导演之列了，本片可以列入个人十佳之列了。,4,推荐,9,0.99572848366164
2020-03-24 19:58:55,法外之徒,①阿婆大多数小说都是一群人找凶手 往往进程缓慢且烟雾弹废笔很多 控方证人则只证明一个人是否有罪 节奏紧凑且笑料可爱②阿婆给予了女性极大的同情 她们无法上庭提供自己丈夫的不利证据 遭受家暴无法指控丈夫罪行只能把仇恨转嫁到另一个女人身上 只要表现得理性、冷漠就会被整个陪审团仇视 但恰恰是女性迸发出全片最耀眼的智慧和人性光辉,5,力荐,2,0.9999999752885488
2020-04-12 00:32:37,双晚,A+. 不敢想象如此极致的叙事完成度竟然属于六十多年前。每句台词，每个神态都值得反复品味。原来天才们早就写好了我们一直模仿却仍难以超越的教科书。,5,力荐,4,0.974497118090188
2020-08-04 13:26:56,大头绿豆,六星！虽然很遗憾地猜中了结局，但绝不会影响我将这部从台词（尤其是台词）到表演（包括各路群演）到剧情（包括最后成功地让观众爽利）都几近完美的电影列为神作。难怪夏洛特·钱德勒的介绍里，会把为比利·怀德写过自传当作一个重要成就。,5,力荐,10,0.9999999999899124
2020-08-17 03:52:35,同志亦凡人中文站,作为一个法律出身的人，大致能猜到故事走向，然而结尾在短短五分钟内还能反转四次，真的很了不起。比利·怀德的电影永远是对话为王，密集得如同子弹喷射的台词带动跌宕起伏，让过程比结果更加惊心。 女主虽然站在正义的对立面，但依然是一位伟大女性~！,5,力荐,232,0.999999999992985
2020-09-15 17:59:58,高詩遠,太牛了吧，这是悬疑片界的一个高峰了吧。虽然反转的套路现在被用烂了，可是这片子对我依然很震撼。结局不停反转，人性的险恶与诡计也一一浮现，最后虽然很诡异但是却是意料之中。我也不小心明白了一个道理，舔狗真没好下场。,5,力荐,2,0.9999890554528812
2020-10-12 16:10:37,沉舟侧畔大熊猫,最后Christine精准打击渣男一刀致命，真是比那些只知道揍小三然后原谅渣男的女人高了不知道多少级👊,5,力荐,927,0.8507107009272812
2021-03-25 11:35:03,菠椰,女主很有气质，聪明又果决，故意当反方证人的计谋真是绝妙，结尾反转太快太惊讶了，毫不犹豫捅死渣男是个狠人。大律师和护士的对手戏增添喜剧色彩。,5,力荐,10,0.9996395290373168
2021-07-17 21:25:23,本格推理の喵,"七年后重看。
古典至极，纯粹至极。不必等到一个月后、一年后还是十年后，我现在就可以断言，这就是我的悬疑推理影史前三，一点问题也没有。
有个有趣的事，本作和希区某部作品，可以说是极为不同又极为相似的，任何角度来说，都是。",5,力荐,2,0.999590462780549
2021-07-31 08:08:29,gift,电影结束我回想了一下，全程女主竟然没有做过一句伪证。然后去查询了女主的生平，心情只有结尾大律师的一句话可以概括：“What a remarkable woman!”,5,力荐,396,0.9682679440601738
2021-08-02 00:40:07,woodyfalchion,如果有一百颗星，我愿意打一万颗星。看过这样的经典名作，你才能深刻体会什么是好电影，什么叫好剧本。最后10分钟的反转其实是刻意的，但又印证了“正义会迟到但从不缺席”的真理，这种表面上走向downfall实际上带你攀上有一座故事巅峰的反转手法实在经典。伟大的查尔斯劳顿和玛莲黛德丽的一颦一笑都是教科书级别的表演。影片的对白内涵丰富到要多次回看才能细致品味，那种特有的英式优雅与幽默真是太精彩了，比利怀德的绝世经典，看完后我马上修改了我的人生十佳。,5,力荐,28,0.9999999999798546
2021-08-06 20:39:00,CyberPenguin,目瞪口呆，1957年至今，没有任何“反转”剧情可以超越这部电影,5,力荐,70,0.9858937391575716
2021-08-31 09:08:53,谢飞导演,       补看美国老导演比利.怀尔德的这部经典法庭悬疑电影，改编自女作家阿.克里斯蒂的悬念小说。IMDBTop250排行64，评分8.4（115，565人次）；豆瓣排行竟然达到25，评分9.6（391，428人次）。除了再次欣赏老派的黑白好莱坞戏剧式经典外，该片的亮点主要是剧作中漂亮的反转接反转；二是老演员查尔斯.劳顿及德国早期明星玛琳.黛德丽，过去电影史课时看过他们在《战舰喋血记》与《蓝天使》里的经典表演。本片1957年在奥斯卡比赛中获多项提名，但均败在《桂河大桥》手下；而今Imdb排行上却领先于《桂》，后者排在84位，而且连排进中国豆瓣top250的资格都没有，可见悬疑样式类型片的观赏生命力，要强于战争正剧。,5,力荐,196,1.0
2021-09-20 17:18:25,潮汐,我万万没想到一部黑白电影我能看的如此津津有味，太优秀了真的，优秀的电影再过七十年也是优秀的电影！,5,力荐,26,0.9999813108748576
2021-11-13 14:55:20,SilenceMontage,「公眾更願相信浪蕩的婊子說謊，而不願相信賢惠的妻子為丈夫作證」控方證人最大的諷刺與立意，在頂尖的律師，也難逃人性中對眼見高傲的制約。最高級的古典，嚴肅中游刃有餘的幽默，看似無傷大雅，實則冷嘲熱諷，效率地隱含大量訊息；開場搞笑迎接律師，從配角完全彰顯角色背景與特質，懷德編導大師，用細節與道具加強戲劇性、呼應、人物關係轉變、核心立意，超越經典原作；雪茄、電梯、護士、保溫瓶、排列的藥丸減半，表述審判過了許久；充滿以物會意的高超鏡語。鏡片測試讚、搭電梯背影笑死、反轉太經典心臟漏拍，自以為猜到，片尾防劇透提示，遙想寄生俊昊懇請不劇透，簡直可笑。結局太狗血八點檔不夠細膩。勞頓是首位出演白羅的演員，護士是他現實中的妻子。希區考克：「控方證人好得就像是我拍的。」真的好看。,5,力荐,75,0.9978480421474548
2022-01-09 20:05:52,DR邬梦雨,反转不难，难在逻辑和情感上都能让观众立刻接受这个反转。,4,推荐,11,0.9943202531411354
2022-03-05 23:07:59,I死Queen,美女倒霉从心疼男人开始！！！！！！！！！！！！！！！！！！,5,力荐,64,0.2274213828087818
2022-03-20 15:42:15,小柒,嗯，我一个字也不会透露的,5,力荐,19,0.5660709273830169
2022-03-20 17:43:18,落日之后看星星,难以想象这是65年前的电影！从人物性格 演技 剧情 都无懈可击 太精彩了～辩护律师毒舌 诙谐 专业 有道德，最后几分钟反转连着反转——她处决了他,5,力荐,27,0.9947831716692735
2022-04-15 23:04:15,shininglove,如果把结局反转比作跳水运动，那么比利·怀尔德是电影史上唯一跳出三周的选手，技术难度之最，至今无人打破。,4,推荐,4,0.9770035045331978
2022-04-26 06:16:18,木由,这是一件艺术品，请悬疑推理迷们务必看一下这个版本的控方证人。就算看了十遍原著再看这部电影还是会被卷进故事中。虽然是黑白电影，却比彩色电影更扣人心弦，每个演员都熠熠生辉，尤其爵士和德国妻子。爵士偷雪茄藏酒什么的太可爱了，后期法庭的针锋相对也非常精彩。而德国妻子前期的恐怖氛围和后期的深情对比太过强烈了，女演员拍电影时已经56岁了却完全看不出来。阿婆的故事总是围绕着“爱”展开。爱是救赎也是地狱，激情杀人的控方证人，是恶魔也是天使。没有看过阿婆原著和电影的友邻请尽快去看，这部电影值得。,5,力荐,6,1.0
2022-04-27 13:42:24,Adieudusk,演得非常非常好了，情节也好了，都让我没能分心一边读书一边看电影。但是结局揭露的故事太残忍了！！！只有陷落的女性被拯救——被欺骗——再被拯救的这种男性想象可以编出这样的故事。如果是现实世界这样的故事，男主角会暴露各种各样的弱点，不会演得那么完美。所以这样的故事只能是在一种男性对女性的规范中设计。看完非常不愉快，非常非常难受。,4,推荐,4,0.9999999998780283
2022-06-02 16:34:55,吃饱饱没烦恼,She executed him.,5,力荐,145,0.4476784585098667
2022-06-18 20:02:53,小祖,太好看了，黑白电影还怕自己看不惯，全员演技真的绝了自然而然就代入了，好看好看,5,力荐,19,0.9950058930015716
2022-07-01 09:53:01,秀了个咻,甩现在的辣鸡10条街。每位演员都在飙演技，台词尤其出色，角色鲜明，反转精彩。,5,力荐,17,0.9999189182254312
2022-07-02 23:28:17,赫克托尔,这是一部谁跟你剧透你直接可以翻脸的电影,5,力荐,37,0.6622035634449464
2022-08-04 13:57:06,仿真男孩哪吒,比利怀德不愧是导演中的导演，但是没有提最佳改编剧本真是太奇怪了！唇枪舌战不仅是法庭戏，前十分钟的伉俪拌嘴和后十分钟的反转都同样精彩。虽然一贯不喜欢被欧洲古典推理在线索的提供和剧情的反转上牵着鼻子走，但比利怀德在一部悬疑推理中仅通过台词和人物的小动作就达到的喜剧效果真是让我甘之如饴。,4,推荐,1,0.999999999629313
2022-08-14 14:43:18,whó,真担心律师在法庭上心脏病发,5,力荐,45,0.9178723879019276
2022-08-16 18:53:14,酣睡小熊R,两个小时的电影不仅讲好了悬疑部分，也在人物的探讨上下了许多功夫👍🏻,5,力荐,15,0.9988416554908246
2022-08-17 16:49:20,殺死金毛玲,她杀了他 不 她处决了他,3,还行,56,0.3219368415787866
2022-09-11 23:09:31,momo,"玛琳从出现第一幕就既禁欲又欲，我一个女生被她迷的五迷三道的～从前的导演对美的把控这一块拿捏得死死的。
说回剧情的感受，一个女人为了爱情，可以有多么机智，勇敢，演技爆表，不顾一切，而一个男的能有多无情，花心，残忍，自私…男人的演技只为自己，女人的演技为了男人，七十年前的电影就已经把男人说透了。",5,力荐,28,0.9999999999755088
2022-09-18 13:39:59,Berber巫,“为了那些没有看过这部电影的观众的观影体验，请不要透露本电影结局。”好的。,5,力荐,14,0.9999991536451348
2022-10-04 14:51:18,蒋之恒,神作之所以为神作啊！小老头和护士的互动太可爱了！全片的完成度百分之八十都聚焦在台词上，言辞里的机锋，快速对白的节奏，行云流水，叹为观止，总算知道为什么这部电影能载入影史了，它值得吹一辈子！,5,力荐,20,0.9807700851080824
2022-10-06 18:15:08,芥末...,疫情的第三年，竟然被半个多世纪前的一部电影惊艳到。剧情的改编、反转的设计、丰满人物的一个个细节、精彩的微表情和语言表演，韧带重建的日子里这样打发2个小时的时间，我之幸。,5,力荐,18,0.9999890306817034
2022-10-06 23:36:23,七月,"她杀了他 不 她处决了他
精妙绝伦！利用同情心",5,力荐,15,0.970372154942853
2022-10-11 17:12:42,momo,爱人的信任不如被拆穿的仇人证词更值得采信！,5,力荐,14,0.2486953838237852
2022-12-27 00:04:50,L'aquoiboniste,好酷！65年过去了！我真的没有被剧透一点点哈哈哈哈哈哈哈结尾的提醒太可爱了！,5,力荐,85,0.9997114010967352
2022-12-31 16:21:20,Adventurer,"我隐约在怀疑男主是不是凶手
但是……他和女主的演技真的把我骗到
没想到是以这样的方式反转
女主从冷酷坏女人一下变成深情且把律师陪审团耍得团团转的迷人角色
最后手刃男主还是深得人心
有趣的对白 精彩的辩论
经典悬疑电影👏🏻👏🏻",5,力荐,34,0.9999984719041
2023-01-20 15:34:59,blade runner,"“she killed him?”
“no，she executed him”",4,推荐,60,0.3716516246167168
2023-01-30 22:21:33,雾谷人,哇….完全被骗到了。所有人的演技叹为观止。,5,力荐,22,0.1484676041343178
2023-04-06 23:46:27,潘晓婷,我真爱那个年代朴实无华的电影表达，密集的台词太过瘾了。是的，我是一个台词控。,5,力荐,32,0.9993381280685564
2023-04-14 18:51:45,noon,“一位深爱丈夫的妻子的证词，没有多少说服力。”,5,力荐,50,0.9966912961537164
2023-07-03 22:37:47,罐装冰块,他甚至不愿意再装一会,5,力荐,108,0.1804739545560519
2023-07-30 18:04:24,无眠珍珠,“她处决了他”,5,力荐,48,0.5
2023-08-30 15:44:40,妖小木,仔细想，女主居然没有作一句伪证。,4,推荐,53,0.5710753731821518
2023-10-12 16:56:36,余生有假期,最开始还蛮抗拒年代那么久远的电影，但看完之后只想说，不愧是经典！在那个年代有这种现在看都不过时的反转，实在是很厉害。片中恰到好处的英式幽默好有意思，很多细节也让人觉得铺垫的很巧妙，好的悬疑片果然是到了最后一刻才恍然大悟但又让人一直回味，牛啊！,5,力荐,7,0.9999999999993414
2023-11-02 12:27:33,唐天豪,优酷上的片源异常清晰，演员表演的细节在小屏幕上也一览无遗。影片是典型的剧本（阿婆的短篇不一般）见长，情节取胜。黑白片时代，演员们都还带着舞台剧的演绎方式，但也正是那个时代电影的特点，让人看得津津有味。整个剧本基本可以直接拿到话剧舞台上演绎，情节的推动绝大部分靠台词，演员在关键节点的准确把握使得剧情推动十分流畅。一波三折的悬疑设定，信任与背叛在夫妻间、委托人和被委托人之间不断反覆，说实话真没看出来提供关键证据的女子和作伪证的妻子是同一个人演的，那时候化妆技术就已经了得了。五十年代好莱坞电影虽然充斥着脸谱化的表达，但是价值观也更单纯，传递着天真的美好。彩蛋是影片结尾字幕特别有提示观众不要回去剧透，以免影响没有看过的观众的体验。,5,力荐,9,1.0
2023-11-24 18:14:22,TouMing柜子,+  法庭戏开始前的家庭戏部分是不错的神经喜剧，如此精炼的对话与人物出场编排，正彰显了在如今的主流电影中业已绝迹的黄金好莱坞叙事美德，女仆与律师二人的关系性touch与回环也构成本片糟糕的推理框架中析出的宝贵晶状物。封神的最后十分钟确实展示了教科书级别的“高效”翻牌手法（同时也背叛了那段优美的爱情戏，作为戏弄观众之手段），大概是后世无数痴迷于反转的剧本杀电影的精神先驱，的确值得载入史册作为电影学院经典教材供学生反复学习。糟糕的电影观百世流传，而黄金时代的笔触只能埋没于历史——此片至少还拥有后者,2,较差,2,1.0
2023-12-27 23:06:20,四木九（已故）,不炫技，不依赖血腥和性爱，将邪恶所占篇幅降低到最小，老老实实叙事。我怀念那个电影时代。,5,力荐,33,0.999954260401933
2024-01-21 23:22:15,Risshine,强烈建议豆瓣官方app在首页还是不要搞什么“高分反转电影榜”这样的推荐，一旦看见，整部片子里就不由自主地去寻找哪里会反转……快到最后时，也看到“结果”不可能反转了，就会想着“过程”哪里会反转，也就很容易猜到了……当然，还有“结局”的一再变化。另外也挺好奇，影片的故事，尽管未必真就是小说原作者想要反映的，但这种二战之后的英美占领军，在德国，也可以是日本或者意大利，甚至再过几年的韩国、越南之类，军人把当地想要改变个人命运的女性带回自己国家，后面引发一些家庭与社会矛盾，这些现实也是有些耐人寻味。,4,推荐,5,0.9999999999999802
2024-01-21 23:22:15,Risshine,强烈建议豆瓣官方app在首页还是不要搞什么“高分反转电影榜”这样的推荐，一旦看见，整部片子里就不由自主地去寻找哪里会反转……快到最后时，也看到“结果”不可能反转了，就会想着“过程”哪里会反转，也就很容易猜到了……当然，还有“结局”的一再变化。另外也挺好奇，影片的故事，尽管未必真就是小说原作者想要反映的，但这种二战之后的英美占领军，在德国，也可以是日本或者意大利，甚至再过几年的韩国、越南之类，军人把当地想要改变个人命运的女性带回自己国家，后面引发一些家庭与社会矛盾，这些现实也是有些耐人寻味。,4,推荐,5,0.9999999999999802
