2008-07-04 16:09:58,è‰¾å°æŸ¯,å°ç“¦åŠ›ï¼Œå¤§äººç”Ÿ,4,æŽ¨è,965,0.8441050414389282
2008-07-10 11:35:55,çœ¼è§’çš„èŠ±æœµ,äººç±»åœ¨è¿™ä¸ªç‰‡å­é‡Œé¢æ˜¯å¤„äºŽå®Œå…¨è¢«å˜²ç¬‘çš„ä½ç½®ã€‚ï¼ˆå…¶å®žåº”è¯¥è¯´ç¾Žå›½äººï¼Ÿï¼‰ç‰‡ä¸­çš„è¶…å¤§åž‹è¿žé”ä¼ä¸šBNLåœ¨æœªæ¥å·²ç»ç»Ÿä¸€äº†æ‰€æœ‰çš„å•†ä¸šé¢†åŸŸã€‚è€Œäººç±»å •è½æˆå®Œå…¨ä¾é ç”µè„‘çš„å¸®åŠ©æ‰èƒ½åƒå–æ‹‰æ’’çš„èƒ–å­ä»¬ã€‚è€Œä¸”ä»Žå°å°±æŽ¥å—ç”µè„‘çš„æ•™è‚²è¦æ¶ˆè´¹æ¶ˆè´¹å†å¿«ç‚¹æ¶ˆè´¹ã€‚è¿™ä¸ªä¸–ç•Œè™½ç„¶æ²¡æœ‰Matrixçš„ç°æš—ï¼Œä½†æ˜¯å…¶å®žç›¸å·®ä¸è¿œã€‚å¥½åœ¨äººç±»å¹¶éžä¸§å¤±äº†æœ¬æ€§ï¼Œåªæ˜¯â€œé—å¿˜â€äº†è€Œå·²ã€‚è€ŒWall Eå’ŒEvaçš„å‡ºçŽ°å°±æé†’äº†ä»–ä»¬è¿˜æœ‰ä¸€ä¸ªâ€œå®¶â€ï¼Œè™½ç„¶å·²ç»æ»¡ç›®ç–®ç—ï¼Œåœ¨ç­‰å¾…ç€ä»–ä»¬çš„å›žå½’ã€‚,4,æŽ¨è,1730,0.9999999975986708
2008-07-28 15:54:27,æ¶é­”çš„æ­¥è°ƒ,åå­—ç›¸åçš„æžç¬‘äºŒäººç»„ã€‚åˆä¸€ä¸ªä¹Œæ‰˜é‚¦ï¼Œèƒ–å­ä¹Œæ‰˜é‚¦ã€‚æœ€åŽé‚£æ®µå¥¥å¾·èµ›å¼çš„é…ä¹å®žåœ¨æ˜¯â€¦â€¦éš¾é“è¿˜æ˜¯è¿™äº›æ²¡ç”Ÿå‘½çš„ä¸œè¥¿è®©äººæ„ŸåŠ¨å—ï¼Ÿ,5,åŠ›è,31,0.973603627055324
2008-07-30 16:03:59,æˆ‘åæ•…æˆ‘åœ¨,walleå¾ˆå‚»å¾ˆå¯çˆ±ï¼Œevaå¾ˆé…·ã€‚,5,åŠ›è,465,0.9730851785961506
2008-08-29 13:40:35,Connie,æ©Ÿå™¨äººè«‡æˆ€æ„›ä¹Ÿé¿å…ä¸äº†ç”·å¥³æ­é…çš„çª è‡¼(å«Evaå€’æœ‰å¤ è«·åˆº)ï¼Œå°±æ›´ä¸ç”¨èª¬äº™å¤ä¸è®Šçš„é›™çœ¼é›™æ‰‹æ“¬äººé€ åž‹...äººé¡žçš„æƒ³è±¡åŠ›å…¶å¯¦å¾ˆè²§ç˜ ,3,è¿˜è¡Œ,911,0.2104779744034656
2008-09-07 16:30:48,è–‡ç¾…å°¼å¡,çˆ±æƒ…è®©æ¯ä¸ªâ€œäººâ€å“å°”ä¸ç¾¤,4,æŽ¨è,63,0.7459150311217373
2008-09-12 09:37:55,lenlen,æˆ‘çœ‹å“­äº†ã€‚ã€‚ã€‚,5,åŠ›è,3701,0.7214945771599282
2008-09-13 15:02:35,Chris  ä¸€åˆ‡ç”±æ— èŠå¼€å§‹,"å®Œå…¨ä¸ç¬¦åˆç§‘å­¦é€»è¾‘çš„æœºå™¨äººç”µå½±ï¼Œæˆ‘æ€Žä¹ˆçœ‹æ€Žä¹ˆåˆ«æ‰­ã€‚åˆä¸èƒ½ç®—æ˜¯ç«¥è¯ã€‚æœ‰äº›ç»†èŠ‚æ¯”è¾ƒæ³¨æ„ï¼Œä½†æ˜¯åŸºæœ¬æ²¡ä»€ä¹ˆæ„æ€ï¼Œåªèƒ½ç®—é—¹å‰§ã€‚å¦‚æžœè¯´ç¨å¾®æœ‰ç‚¹å¥½çš„è¯ï¼Œåº”è¯¥ç®—æ˜¯åœ¨æˆå‰§å†²çªæƒ…èŠ‚æŽ¨è¿›æ–¹é¢çš„å¨´ç†Ÿï¼Œä½†ä¹Ÿåªèƒ½ç®—æŠ€æœ¯å±‚é¢ï¼Œå¥½èŽ±åžç”µå½±åœ¨è¿™æ–¹é¢ä¸€å‘ä¸é”™,æ‰€ä»¥è¿™ä¸èƒ½ç®—æ˜¯çªå‡ºçš„ä¼˜ç‚¹ã€‚ç…½æƒ…æ–¹é¢ä¹Ÿæ¯”è¾ƒä¿—ï¼Œéƒ½æ˜¯äº›ç™¾è¯•ç™¾",2,è¾ƒå·®,10,0.9999999792992142
2008-09-14 06:32:56,æ¡ƒæ¡ƒæž—æž—,å¾ˆå¯çˆ±,4,æŽ¨è,155,0.8870327624538059
2008-09-15 16:46:41,junepig,æ¸…çº¯ä¹¡ä¸‹å°‘ç”·ä¸Žå‰å«æš´åŠ›å†°ç¾Žäººçš„çˆ±æƒ…æ•…äº‹å•Šï½žxixi,4,æŽ¨è,1641,0.9774329327387588
2008-09-16 11:26:11,é˜¿åŒ—,å‡†å¤‡çœ‹ç¬¬äºŒé,5,åŠ›è,1090,0.713295380169537
2008-09-28 23:11:49,æœ¨å¶,å½“ä¸–ç•Œæ¯ç­ï¼Œæˆ‘ä»¬è‡³å°‘è¿˜æœ‰çˆ±,5,åŠ›è,17,0.9957917270011188
2008-10-05 07:18:56,å¤§å¤´ç»¿è±†,å¦‚æžœçœ‹çš„æ˜¯DVDï¼Œç”»é¢åº”è¯¥å¾ˆå¥½ã€‚æ•…äº‹ä¸åƒæˆ‘æƒ³è±¡çš„é‚£ä¹ˆå¥½ï¼Œç»†èŠ‚æ¯”æˆ‘æƒ³è±¡çš„è¦å¥½ã€‚,5,åŠ›è,37,0.9882189701058456
2008-10-13 10:33:15,æµªå‘³ä»™,Just need someone who will look after you,5,åŠ›è,376,0.5
2008-10-28 02:52:41,Doublebitch,é™ˆå¥•è¿…éƒ½ä¸ºä½ å”±æ­Œäº†,5,åŠ›è,2175,0.7385059337150831
2008-11-02 20:59:11,ä¹å°¾é»‘çŒ«,en...å¥½ä¹…æ²¡æœ‰è¿™ä¹ˆå¥½çœ‹çš„åŠ¨ç”»ç‰‡é¸Ÿ~>_<~,5,åŠ›è,9,0.7899383284377886
2008-11-02 23:44:56,æš–é±¼,ç‰µæ‰‹,4,æŽ¨è,200,0.567010878097331
2008-11-03 08:21:09,çœ åŽ»,æ²¡æœ‰å¼•è¿›çœŸæ˜¯å¤ªé—æ†¾äº†ã€‚,4,æŽ¨è,1767,0.5779290920279754
2008-11-05 20:48:57,åŽŸæ¥æ˜¯è¥¿é—¨å¤§å«‚,å¹¸ç¦çš„å°å®‡å®™å¼ºå¤§çš„çˆ†å‘å•¦çˆ†å‘å•¦ï¼å•Šå•Šå•Š~~~,5,åŠ›è,13,0.9998900709913908
2008-11-14 22:54:45,mon babe,å¾ˆä¹…æ²¡çœ‹è¿‡è¿™ä¹ˆå¯çˆ±çš„åŠ¨ç”»ç‰‡äº†ã€‚ç“¦åŠ›ä»€ä¹ˆéƒ½ä¸ä¼šè¯´ï¼Œé™¤äº†é‚£ä¸€å£°å£°æ‰§æ‹—çš„ï¼šEveï¼ä»–ä»¬åœ¨æ˜Ÿç©ºç”»å‡ºç¾Žä¸½çš„å¼§çº¿ï¼Œä»–ä»¬æ— æ„é—´å®ˆå€™äº†ä¸€ä»½çœŸæ­£çš„çˆ±æƒ…ã€‚,5,åŠ›è,4886,0.9999873812853668
2008-11-16 00:30:29,å½±å¿—,å†ä¹Ÿæ²¡æœ‰æ¯”ã€Šç“¦åŠ›ã€‹æ›´ç¾Žçš„åŠ¨ç”»ç‰‡äº†ï¼è°ˆåˆ°WallÂ·Eçš„æ¥æºï¼Œå¯¼æ¼”å®‰å¾·é²Â·æ–¯å¦é¡¿å¦è®¤äº†â€œETâ€æˆ–è€…â€œéœ¹é›³äº”å·â€çš„è¯´æ³•ï¼ˆå°½ç®¡å¤–å½¢å¾ˆåƒï¼‰ï¼Œä»–åªæ‰¿è®¤è‡ªå·±åˆ›é€ WallÂ·Eå—åˆ°äº†â€œå°å°ç¯â€ï¼ˆLuxoï¼‰ã€åŒç­’æœ›è¿œé•œã€R2-D2ã€è¿ªå£«å°¼ä¹å›­â€œæ˜Ÿç©ºä¹‹æ—…â€çš„æœºå™¨äººã€å“åˆ«æž—ä»¥åŠä¼è¿ªÂ·è‰¾ä¼¦çš„å½±å“ã€‚,5,åŠ›è,2466,0.9997710401103278
2008-12-27 22:33:27,å¾å°èŠ±,æŠŠæ‰€æœ‰çš„å¥½ä¸œè¥¿éƒ½ç»™eva,5,åŠ›è,7647,0.6569490878906021
2009-01-23 15:00:46,Ragdollâ„¢,ä¹¡ä¸‹æ–‡è‰ºå°ä¼™å„¿è¿½æ±‚éƒ½å¸‚å¥³ç²¾è‹±çš„æ•…äº‹â€¦â€¦ä»¥åŠâ€¦â€¦,4,æŽ¨è,5085,0.9994941460012589
2009-02-01 00:15:49,ç¾Žä¸½æ–°ä¸–ç•Œ,åœ°çƒä¸Šæœ€åŽä¸€å€‹æ”¶ç´æ­¸é¡žç‹‚walleæ‡‰è©²æ˜¯å·¨èŸ¹åº§å§ã€‚ã€‚,4,æŽ¨è,951,0.0739823924731795
2009-02-18 20:11:12,æˆ‘çš„è‹¦é›£å²30å¤©30å¤œä¹Ÿè¬›ä¸å®Œ,é‚£å°çœ¼ç¥žå¤ªå¯çˆ±äº†ï½ž,5,åŠ›è,203,0.8764216670798289
2009-07-29 23:24:26,ç§äº«å²,æŠ€æœ¯ä¸Šä¼¼ä¹Žæ²¡æœ‰æ¯”Ratatouilleæ›´å‡ºå½©ï¼Œè™½ç„¶æœ‰ILMçš„å¸®å¿™ã€‚å°è¯ä¸€ç›´æ˜¯Pixarçš„å¼ºé¡¹ï¼Œè¿™å›žæƒ³å‘é»˜ç‰‡å«æ¿ï¼Ÿæ•…äº‹æœ¬èº«å¤ªç®€å•ï¼Œæ²¡å°è¯ç‚¹ç¼€å°±æœ‰äº›å¯’ç¢œäº†å§ã€‚ç‰‡å°¾ç§€ä¸€æŠŠ2DåŠ¨ç”»æœ‰ç‚¹å‘ç¾Žæœ¯è‡´æ•¬çš„å‘³é“ã€‚æœ¬ç‰‡ä¸€é¡¹å®‰å°¼å¥–éƒ½æ²¡æ‹¿åˆ°ï¼ŒRatatouilleå½“å¹´å¯æ˜¯æ¨ªæ‰«ä¹é¡¹ï¼Œè¿˜æ˜¯Remyæ›´æœ‰çˆ±å“ˆï½ž,4,æŽ¨è,60,0.9999998156035036
2009-08-29 19:09:10,æ±ªé‡‘å«,20160619ã€ä¸Šæµ·ç”µå½±èŠ‚å±•æ˜ ã€‘ç»ˆäºŽçœ‹äº†å¤§é“¶å¹•å·¨å¹•ç‰ˆã€‚æˆ‘çŸ¥é“æˆ‘ä¼šå“­ä½†æ²¡æƒ³åˆ°ä¼šæ–­æ–­ç»­ç»­å“­äº†20å¤šåˆ†é’Ÿï¼Œç—›å“­æµæ¶•é‚£ç§ã€‚ç“¦åŠ›ä¸Žä¼Šå¨ƒçš„æ„Ÿæƒ…çœŸçš„ç›´å‡»æˆ‘å¿ƒã€‚ç“¦åŠ›çš„æ‰§ç€å¯çˆ±çœŸæ˜¯å¤ªèŒã€‚å¤§é“¶å¹•çœ‹åˆ°å¾ˆå¤šå®¹æ˜“å¿½è§†çš„ç»†èŠ‚ã€‚å¯¹2001çš„è‡´æ•¬ä¹Ÿæ›´æ˜Žæ™°ã€‚æ€»ä¹‹ï¼Œä¸–ç•Œä¸Šèƒ½æœ‰è¿™ä¹ˆä¸€éƒ¨åŠ¨ç”»ç‰‡ï¼ŒçœŸæ˜¯å¤ªç¾Žå¥½äº†ã€‚å…­æ˜Ÿç¥žä½œ,5,åŠ›è,25,0.9999999997649252
2009-09-09 12:58:02,æœ¨é±¼æ°´å¿ƒ,å‡ å¹´æ¥æœ€å¥½çœ‹çš„åŠ¨ç”»ç‰‡ï¼Œå…¼å…·æ—¥æœ¬åŠ¨ç”»å’Œç¾Žå¼åŠ¨ç”»çš„å¥½çœ‹ä¹‹å¤„ã€‚,5,åŠ›è,69,0.9982551963459154
2009-09-24 11:57:54,[å·±æ³¨é”€],"ä¸€èˆ¬ï¼Œä¸åƒå¾ˆå¤šäººæ§çš„é‚£ä¹ˆé«˜ï¼Œä¹Ÿæ²¡æœ‰æŸäº›äººè´¬çš„é‚£ä¹ˆä½Žï¼Œä¸‰æ˜ŸåŠäº§å“ã€‚

å‰§æƒ…å¾ˆè€å¥—ï¼Œè¿™ç§ç±»åž‹çœ‹å¾—å¤ªå¤šå®žåœ¨æœ‰å¤ŸåŽŒå€¦",3,è¿˜è¡Œ,18,0.2511976605736987
2009-10-06 01:47:54,æœˆå‘€ä¹ˆ,wall-e: é™¤äº†ä½ çš„åå­—ä»€ä¹ˆéƒ½ä¸å¿…è¯´,5,åŠ›è,140,0.4867497667062865
2009-12-17 01:24:16,æ¨è¿ª,èŒæ­»  ,5,åŠ›è,30,0.5916856594820065
2010-03-28 15:27:20,bamboo,ä½ ä¸çŸ¥é“æˆ‘æœ‰å¤šå–œæ¬¢è¿™éƒ¨æ€»å…±åŠ èµ·æ¥è¿˜æ²¡æœ‰å‡ å¥å°è¯çš„åŠ¨ç”»ç‰‡,5,åŠ›è,923,0.8468043834564564
2010-06-09 19:24:49,é’ç®€,çˆ±ä¸Žç”Ÿå‘½æ— å…³,4,æŽ¨è,81,0.9594665526552402
2011-01-01 22:58:06,æœ‰å¿ƒæ‰“æ‰°,ä¸ç®¡ä½ åŽ»äº†å“ªé‡Œï¼Œæˆ‘éƒ½è¦æ‰¾åˆ°ä½ ï¼Œç„¶åŽç‰µç€ä½ çš„æ‰‹ï¼Œæœ€åŽè·Ÿä½ åœ¨ä¸€èµ·ã€‚,5,åŠ›è,19,0.6287536784348468
2011-07-28 23:02:45,sharon,æœ€å–œæ¬¢çš„åŠ¨ç”»ç”µå½±ä¹‹ä¸€ï¼Œæ²¡æœ‰è¿‡å¤šçš„å°è¯ï¼Œå´å¾ˆå¸å¼•äººã€‚ç“¦åŠ›å’Œä¼Šå¨ƒåœ¨å¤ªç©ºé‡Œçš„é‚£ä¸€æ®µç”»é¢å¤ªç¾Žäº†!,5,åŠ›è,13,0.9999766592865216
2011-08-04 09:59:06,Pandaçš„å½±éŸ³,å–œæ¬¢ç“¦åŠ›çš„æ‰§ç€ï¼Œä¸ºäº†çˆ±æƒ…ï¼Œå‹‡å¾€ç›´å‰ï¼Œä¸æ›¾é€€ç¼©ï¼â€”â€” æœ€çˆ±çš„ï¼ˆçš®å…‹æ–¯/åŠ¨ç”»ï¼‰ç”µå½±ä¹‹ä¸€ï¼Œå·²ç»ä¸æ™“å¾—è‡ªå·±çœ‹è¿‡å‡ éäº†ï¼ˆå¾ˆå¹¸è¿åœ°åœ¨2014å¹´äºŽå½±é™¢å¤§é“¶å¹•åˆåˆ·äº†2éï¼‰ï¼Œé‡æ¸©æ—¶ä¾ç„¶æœ‰ç¬‘æœ‰æ³ªã€‚â€”â€”ã€ç“¦åŠ›ã€‘çš„å•çº¯å‘†èŒï¼Œã€ä¼ŠèŠ™ã€‘çš„èªæ…§å¥‰çŒ®ï¼Œã€Moã€‘çš„å°½èŒå°½è´£ï¼Œâ€¦â€¦ï¼›æ±¡æŸ“çš„åœ°çƒï¼Œæ¢¦å¹»çš„æ˜Ÿç©ºï¼Œç»å¦™çš„èˆžè¹ˆï¼Œâ€¦â€¦ã€‚,5,åŠ›è,12,1.0
2011-08-04 21:52:20,æ›¾äºŽé‡Œ,23å¹´æ¥çœ‹è¿‡çš„ç¬¬ä¸€éƒ¨åŠ¨ç”»é•¿ç‰‡ã€‚wall e å¤ªæœ‰çˆ±äº†ã€‚,5,åŠ›è,19,0.5027339200293237
2011-12-12 21:12:15,CharlesChou,æ€»åŠ¨å‘˜ä½ å¤§çˆ·ï¼ï¼ï¼ï¼ï¼ï¼,5,åŠ›è,42,0.082619264095188
2011-12-28 05:12:35,é™€èžºå‡¡è¾¾å¯,å ªç§°å®Œç¾Žçš„åŠ¨ç”»ä½œå“ã€‚,5,åŠ›è,1085,0.998210150875534
2012-05-14 21:11:58,å°æµ·,ä¸€éƒ¨ä¹ååˆ†é’Ÿçš„åŠ¨æ¼«ï¼Œè®²äº†ä¸€ä¸ªæœ‰å…³å‹è°Šï¼Œå­¤ç‹¬ï¼Œçˆ±æƒ…ï¼Œå†’é™©ï¼Œè‹±é›„ï¼ŒåæŠ—çš„æ•…äº‹ï¼Œå®£æ‰¬äº†çŽ¯ä¿çš„ç†å¿µï¼Œæ’­æ’’ç€ç†æƒ³ä¸»ä¹‰çš„ç»¿è‰²ç§å­ï¼Œç«¥çœŸè€Œç¾Žå¥½ï¼ŒæƒŠé™©åˆæµªæ¼«ã€‚ä¸å¾—ä¸è¯´ï¼Œè¿™éƒ¨ç”µå½±ä¹‹ä¸‹çš„çƒ­åœŸå­•è‚²äº†å®ƒçš„æˆé•¿ã€‚PS.ç‰‡å°¾æ›²ä¸¤åˆ†é’Ÿçš„ç®€ç¬”æ¼«ç”»ä¹Ÿå¾ˆæœ‰çœ‹å¤´ï¼,5,åŠ›è,100,0.9999999999311108
2012-07-20 20:13:21,åŒå¿—äº¦å‡¡äººä¸­æ–‡ç«™,å‘ƒï¼Œèƒ½åå¥æ§½å—...å‰§æƒ…ï¼Œå¥½å¼±...,4,æŽ¨è,763,0.3536673029188387
2012-08-07 15:43:34,æœæš®é›ª,å†å‘å¾®ä¹Ÿå¯ä»¥æ‹¥æœ‰çˆ±æƒ…ã€‚,4,æŽ¨è,124,0.9565807612902876
2012-10-02 14:36:21,å°æ˜Ÿæ˜Ÿ,æœ‰é‚£ä¹ˆä¸€ä¸æ„Ÿäººï¼Œä½†åœ¨çš®å…‹æ–¯é‡Œä¸ç®—æœ€ç²¾å½©çš„ï¼Œæ˜¯å±žäºŽé‚£ç§èƒŒæ™¯æ·±åˆ»å‰§æƒ…ç®€å•çš„ç‰‡å­ã€‚ä½†æ˜¯è±†ç“£å’‹èƒ½æœ‰é‚£ä¹ˆé«˜çš„åˆ†- -ã€‚,4,æŽ¨è,590,0.9999736144564062
2012-10-05 23:59:09,è¡Œ,æ¯ä¸ªäººæ„ŸåŠ¨çš„åœ°æ–¹æ˜¯ä¸ä¸€æ ·çš„ã€‚å½“æˆ‘çœ‹åˆ°ç“¦åŠ›è®¤è®¤çœŸçœŸæ‹¾æŽ‡ä»–é‚£äº›å®è´â€”â€”æ— éžç“¶ç“¶ç½ç½ä¸€æ¬¡æ€§å‰å­ç­‰ç­‰ä¸€èˆ¬äººçœ¼ä¸­çš„åºŸå“â€”â€”çš„æ—¶å€™ï¼Œå°±ç‰¹åˆ«çš„æ„ŸåŠ¨ã€‚æ˜¯å§ï¼Œå¦‚æžœæ¯ä¸ªäººéƒ½æ‡‚å¾—çæƒœï¼Œè¿™ä¸ªä¸–ç•Œè¯¥å¤šä¹ˆç¾Žå¥½ï¼Œæ— è®ºç‰©è´¨çš„è¿˜æ˜¯æƒ…æ„Ÿç²¾ç¥žçš„ã€‚é‡åˆ°çæƒœä½ çš„äººï¼Œæ— è®ºç‰©è¿˜æ˜¯äººï¼Œéƒ½æ˜¯å¹¸ç¦çš„ã€‚,5,åŠ›è,89,0.999999998714274
2012-10-08 23:40:20,SWX,è¿™æ˜¯ä¸€åªå®‰å“å’Œè‹¹æžœçš„æ•…äº‹ä¹ˆã€‚ã€‚,5,åŠ›è,12086,0.9889758668144608
2013-05-12 13:12:28,å¾è‹¥é£Ž,çš®å…‹æ–¯æœ€å¥½çš„åŠ¨ç”»ç”µå½±ã€‚,5,åŠ›è,151,0.9853096889388634
2013-05-21 13:24:02,å·´å–†,WALLÂ·Eæ˜¯æ‰€æœ‰ç¾Žå¥½äººæ ¼çš„è±¡å¾ã€‚9åˆ†,5,åŠ›è,218,0.9811944072180812
2013-07-28 22:05:43,å”å°ä¸‡,ç“¦åŠ›åƒä¼è¿ªè‰¾ä¼¦ï½¡â—•â€¿â—•ï½¡å–œæ¬¢é‚£ä¸ªå¼ºè¿«ç—‡æ¸…æ´æœºå™¨äºº,4,æŽ¨è,55,0.616207432775234
2013-08-21 23:03:15,è¥¿æ¥¼å°˜,ç­‰ä½ è‹é†’çš„æ—¥å­ï¼Œæ¯”æˆ‘åœ¨åœ°çƒä¸Šçš„ç™¾å¹´è¿˜è¦ä¹…ã€‚ç­‰æˆ‘è®°èµ·çš„æ—¶å…‰ï¼Œæ¯”ä½ åœ¨å¤ªç©ºé‡Œçš„ç™¾å¹´è¿˜è¦é•¿ã€‚åŽŸæ¥ç‰µæ‰‹å°±æ˜¯ç”µæžçº¿ç¢°è§¦äº§ç”Ÿç”µæµï¼ŒåŽŸæ¥è·³èˆžå°±æ˜¯æ¶ˆç«æ “å–·å°„äº§ç”ŸåŠ¨åŠ›ã€‚ç”Ÿäº†é”ˆçš„èº«ä½“ä¹Ÿä¼šæ¿€åŠ¨ï¼Œæ¶²æ™¶å±çš„çœ¼ç›ä¹Ÿèƒ½æµæ³ªã€‚æˆ‘ä»¬ä¸ç”¨æˆ´ä¸Šçœ¼é•œå¸é£Ÿè¡¥ç»™ï¼Œåªè¦ç»™ä½ ç¼ æ»¡ç¯æ³¡å°±èƒ½å‘å…‰ï¼Œç»™æˆ‘ä¼ è¾“ä¿¡å·å°±èƒ½å¤æ´»ï¼Œæœ‰çˆ±å°±ä¸å­¤ç‹¬ã€‚,5,åŠ›è,321,0.9999837639394756
2014-04-02 22:13:48,Ocap,æœ€çˆ±çš„åŠ¨ç”»ã€‚å®‡å®™ä»è¾½é˜”ï¼ŒåŽ†å²ä»è½®å›žã€‚ä½†æœ‰ä¸€çº¿ç”Ÿæœºï¼Œå¦‚é‚£æ ªç»¿è‰ã€‚æœºå™¨ï¼Œå¯ä¸ºçš®å›Šä¸€ç§ã€‚,5,åŠ›è,60,0.999999886972478
2014-04-05 22:55:47,æ’’æ—¦çš„è¡¨å¦¹,walleå¥½èŒï¼Œæœ‰æ´ç™–çš„moæ›´èŒï¼å¥½å–œæ¬¢ï¼å‰åŠéƒ¨åˆ†ä¸€ç›´çœ‹çš„çœ¼æ³ªæ±ªæ±ªï¼ŒåŽé¢çœŸçš„å¥½æ²»æ„ˆï¼Œwalleè·Ÿmoæ‰“æ‹›å‘¼çš„æ—¶å€™å¿«è¢«moèŒå“­äº†ï¼,5,åŠ›è,27,0.9999898453434508
2014-11-17 09:09:53,Neroat,çš®å…‹æ–¯ç”µå½±é‡Œæœ€å–œæ¬¢çš„ä¸€éƒ¨ã€‚,5,åŠ›è,8,0.9290252642582808
2015-01-25 19:12:09,æ¢¦é‡Œè¯—ä¹¦,çš®å…‹æ–¯åŠ¨ç”»ä¸‹çš„ã€Šæœºå™¨äººæ€»åŠ¨å‘˜ã€‹å·²ä¸ä»…ä»…åªæ˜¯å­©å­çš„ç«¥è¯ï¼Œç”µå½±å³ä¾¿æ²¡æœ‰é‚£ç²¾æ¹›çš„ç‰¹æ•ˆï¼Œè¿™ä¾æ—§æ˜¯ä¸€åœºè¶³ä»¥ç›´æŠµå¿ƒçµçš„ä½³ä½œï¼ŒçŽ¯å¢ƒä¿æŠ¤çš„ç«‹æ„ï¼Œå¯¹ä¹Œæ‰˜é‚¦çš„åè®½ï¼ŒäºŽæ­¤å®è§‚ä¹‹ä¸‹æœºå™¨äººç“¦åŠ›çš„è½è¶³ï¼Œä»¤äººçœ‹åˆ°äº†å¯¹ç”Ÿæ´»ä¸Žçˆ±æƒ…æ‰§ç€è¿½å¯»çš„æ„ŸåŠ¨ã€‚,5,åŠ›è,31,0.9999999999997172
2015-03-07 11:13:00,ðŸŒžå¨˜å·å·ðŸŒ™,åˆ°åº•æœ‰å¤šå°‘äººæ˜¯å› ä¸ºã€Šæœºå™¨äººæ€»åŠ¨å‘˜ã€‹è¿™ä¸ªçƒ‚è¯‘åé”™è¿‡å®ƒçš„ï¼å¤ªå‡ºè‰²çš„ä¸€éƒ¨åŠ¨ç”»äº†ï¼Œä½ æ‰¾ä¸åˆ°æ›¿ä»£å“çš„ã€‚é»˜ç‰‡ï¼Œçœ‹ä¼¼ç®€å•åˆéžå¸¸å¤æ‚çš„è®¾è®¡ï¼Œæ€Žä¹ˆé‚£ä¹ˆæ£’ï¼Œé‚£ä¹ˆæ„Ÿäººã€‚,5,åŠ›è,2047,0.999984952231032
2015-07-15 09:42:13,è¿žåŸŽæ˜“è„†,è¿™ç”µå½±æœ€å¤§çš„ç¼ºé™·å°±æ˜¯ä¸è¯¥ç¿»è¯‘æˆXXXæ€»åŠ¨å‘˜ï¼Œç›´æŽ¥å«ã€Šç“¦åŠ›ã€‹å°±å¥½å¤šäº†...è´¨æ„Ÿéžå¸¸å¥½ï¼Œæ€æƒ³å†…æ ¸åˆç‰¹åˆ«é«˜çº§...,5,åŠ›è,22,0.8803347263423984
2015-09-04 15:40:45,çº¢è±†â™¥,è·¯è¿‡å¤ªé˜³çš„æ—¶å€™å……ç”µæ¿å¿«çˆ†äº†å§â€¦â€¦,5,åŠ›è,44,0.2237738553010601
2015-10-10 14:30:36,Leon Winters W,ä¸¤ä¸ªæœºå™¨äººä¹Ÿå¯ä»¥æ¼”ç»Žè¿™ä¹ˆç²¾å½©çš„ç¯‡ç« ï¼Œå¯¹æœªæ¥çš„äººç±»é€€åŒ–å·²ç»è®½åˆºçš„ç›¸å½“å¹½é»˜ã€‚WALLEæ˜¯ä¸€ä¸ªæµ‘èº«æ•£å‘ç€é¥è¿œçš„ä¹¡ä¸‹æ˜Ÿçƒçš„æ³¥åœŸå‘³ï¼ˆè¿˜æœ‰åžƒåœ¾å‘³ï¼‰çš„ç ´æ—§æœºå™¨äººï¼Œä½†å®ƒæˆåŠŸè¿½æ±‚åˆ°äº†å¿ƒä¸­çš„å¥³ç¥žâ€”â€”æœ€é«˜ç§‘æŠ€çš„ä»£è¡¨ä½œå“ã€ç åœ†çŽ‰æ¶¦èº«æ€€ç»æŠ€çš„EWAã€‚,5,åŠ›è,24,0.9999994865940438
2015-12-17 07:17:48,å²›ä¸Šçš„å¤å¥ˆ,æµªæ¼«å¾—ä¸€å¡Œç³Šæ¶‚ï¼ŒåƒåºŸå¢Ÿä¸­å¼€å‡ºçš„èŠ±ï¼Œåƒç‰µæ‰‹æ•£æ­¥çš„ä¸‹åˆï¼Œåƒä¸–ä¸Šæ‰€æœ‰ä¼Ÿå¤§çš„çˆ±æƒ…ã€‚,5,åŠ›è,4893,0.9966905320140516
2016-07-16 11:53:46,æ—…é€”äººç”Ÿ,è¿™æ˜¯ä¸€éƒ¨æœ‰å…³çŽ¯ä¿ä¸Žçˆ±æƒ…ä»¥åŠç§‘æŠ€çš„ç”µå½±ï¼Œç”µå½±ä»¥è‹¥å¹²å¹´åŽï¼ŒçŽ¯å¢ƒç ´åä¸ºèƒŒæ™¯ï¼Œæ¸…ç†æœºå™¨äººçš„é­é‡å’Œä¼Šå¨ƒçš„çˆ±æƒ…æ•…äº‹ï¼Œå±•çŽ°äº†çŽ¯å¢ƒæ±¡æŸ“ï¼Œé€šè¿‡å…¬ç†å·çš„é­é‡è®²è¿°äº†å› ä¸ºç§‘æŠ€å‘å±•ï¼Œæˆ‘ä»¬è€Œå˜å¾—æ…µæ‡’ï¼Œå±•çŽ°äº†å¯ä»¥ç»™æˆ‘ä»¬å¸¦æ¥ä¾¿åˆ©æ—¶ï¼ŒåŒæ—¶ä¹Ÿå¸¦æ¥äº†æ–°çš„é—®é¢˜ï¼Œä¹Ÿè®²è¿°äº†ä¸¤ä¸ªæœºå™¨äººä¹‹é—´å”¯ç¾Žçš„çˆ±æƒ…æ•…äº‹ï¼Œå¾ˆæ¸©é¦¨ã€‚,3,è¿˜è¡Œ,77,0.9999999999405568
2016-10-07 11:05:57,äº‹å„¿å¦ˆ,çœ‹å®Œåªæƒ³æŠŠæ‰€æœ‰å¥½ä¸œè¥¿éƒ½ç»™å®ƒâ€¦â€¦,5,åŠ›è,296,0.8588529254818754
2016-11-02 22:24:12,è‚¡ç¥žçœ‹ä¸æ‡‚,ä¹¡æ‘å°å±Œä¸æ‹ä¸Šäº†åŸŽé‡Œçš„ç™½å¯Œç¾Žï¼Œæ•´éƒ¨å½±ç‰‡æ—¢æœ‰å¹½é»˜æžç¬‘åˆæœ‰æ„ŸåŠ¨çš„åœ°æ–¹ï¼Œæœ€è®©æˆ‘å°è±¡æ·±åˆ»çš„è¿˜æ˜¯é‚£ä¸ªæœ‰å¼ºè¿«ç—‡çš„æ¸…æ´æœºå™¨äººï¼ŒçœŸçš„å¾ˆå¯çˆ±ã€‚åŒæ—¶ï¼Œè¿™éƒ¨ç‰‡å­è¿˜æ•™ä¼šäº†æˆ‘ä»¬ä¿æŠ¤ç»¿åŒ–çš„é‡è¦æ€§ï¼Œå…·æœ‰å¾ˆå¥½çš„æ•™è‚²æ„ä¹‰,5,åŠ›è,473,0.9999896833321468
2016-12-29 20:30:39,å¤§å¿—çš„å°è€³æœµ,å¥½çœ‹ï¼Œå¾ˆæ„ŸåŠ¨éžå¸¸ä¼˜ç§€çš„åŠ¨ç”»ç‰‡ï¼Œç»å…¸ã€‚,5,åŠ›è,26,0.9984063537524038
2017-01-07 22:31:47,è‹é†’é†’,å–œæ¬¢ç“¦åŠ›å’Œä¼Šå¨ƒ åœ¨å¤ªç©ºæ»‘ç¿”çš„é‚£æ®µå¥½æ¸©æš–æµªæ¼«  ç“¦åŠ›ä»Žæ–°æ¡èµ·è®°å¿†å¡æƒ³èµ·ä¼Šå¨ƒçš„æ—¶å€™  é‚£æ®µå¥½æ„Ÿäºº æ³ªç›®äº†  å–œæ¬¢ç“¦åŠ›æ”¶è—çš„å°å±‹è¿˜æœ‰é‚£ä¸ªå¤è€çš„å”±ç‰‡  å°å¼ºåœ¨é‡Œé¢æ˜¯ç‰µçº¿çš„äººå—å“ˆå“ˆ   å¤ªç©ºé£žèˆ¹é‡Œé¢çš„æœºå™¨åŒ»å«å£«ä¹Ÿæ˜¯å¥½èŒå‘¢~   ä¸è¿‡è¿™éƒ¨ç”µå½±çš„åˆè¡·åº”è¯¥æ˜¯å‘¼åäººä»¬è¦çæƒœèµ„æºä¿æŠ¤åœ°çƒâ€¦,5,åŠ›è,147,0.9999999999910998
2017-02-09 13:38:47,èƒ–èƒ–å°å›å›,å¾ˆå¥½çœ‹çš„ä¸€éƒ¨ç”µå½±ï¼Œå°æœºå™¨äººä¸€ç›´ä¸æ”¾å¼ƒçš„ç²¾ç¥žï¼Œç«Ÿç„¶æ„ŸåŠ¨åˆ°äº†æˆ‘ï¼Œä¸çŸ¥é“å°ç“¦åŠ›æ˜¯æ€Žä¹ˆç†¬è¿‡äº†é‚£ä¹ˆä¹…ä¸€ä¸ªäººå¤„ç†åžƒåœ¾çš„æ—¶é—´ï¼Œè¿˜æŠŠæ—¥å­è¿‡å¾—é‚£ä¹ˆæœ‰æ„æ€ï¼Œä¼šæ”¶é›†è‡ªå·±å–œæ¬¢çš„å°ä¸œè¥¿ã€‚,4,æŽ¨è,256,0.9781053699853994
2017-02-11 15:32:54,é“ƒå„¿å“å®å½“,åŠ¨ç”»ç‰‡æˆ‘æœ¬æ¥æ˜¯æ‹’ç»çš„ï¼Œä½†é‡Œé¢çš„é…éŸ³æ„å¤–çš„æ„Ÿè§‰å¾ˆèŒï¼å‰§æƒ…æˆ‘è§‰å¾—ä¸€èˆ¬å•Šï¼Œå±…ç„¶è±†ç“£ç»™è¿™ä¹ˆé«˜çš„åˆ†ï¼Œæœ‰ç‚¹ä¸ç†è§£,3,è¿˜è¡Œ,69,0.9692043996728218
2017-02-16 20:48:56,æˆ‘luä¸ä¼šé£ž,çœ‹å®Œäº†çœŸçš„å€¼å¾—æ·±æ€ï¼Œå¾ˆæœ‰æ·±æ„ã€‚,4,æŽ¨è,20,0.9993580177675394
2017-02-23 17:28:12,æ–‘æ–‘ç‚¹ç‚¹,æ‡’æ•£çš„èˆ°é•¿é“å‡ºäº†äººç”Ÿçš„çœŸè°›ï¼šæˆ‘ä»¬ä¸è¦ç”Ÿå­˜ï¼Œæˆ‘ä»¬è¦å®¶ï¼Œè¦åšæœ‰æ„ä¹‰çš„äº‹æƒ…ï¼,5,åŠ›è,659,0.9901089201471112
2017-03-12 16:13:08,å…ƒå®å®,å†°å†·çš„æœºå™¨ä¸–ç•Œé‡Œï¼Œä¹Ÿä¸ä¹æ¸©æƒ…å’Œæ„ŸåŠ¨ï¼è¿™å°±æ˜¯åŠ¨ç”»ç‰‡çš„é­…åŠ›ï¼,4,æŽ¨è,34,0.9991428699525802
2017-03-14 00:45:03,è‰èŽ“__ä¸‰æœˆ,å¥½çœ‹å¥½çœ‹è¶…çº§å¥½çœ‹ï¼Œé‡è¦çš„äº‹æƒ…è¯´ä¸‰éï¼ŒçœŸçš„å¾ˆå€¼å¾—çœ‹çš„ä¸€éƒ¨ç”µå½±ã€‚,4,æŽ¨è,15,0.999089812932415
2017-03-15 06:43:12,æš´å¯Œçš„å¥³å­©æ˜¯æˆ‘,æˆ‘ä¸ä¼šè¯´æƒ…è¯ï¼ŒåªçŸ¥é“é™ªç€ä½ ã€‚,4,æŽ¨è,301,0.0585462298448477
2017-03-17 14:15:30,å¤©ç„¶å‘†,ç¾Žå›½æ‹çš„åŠ¨æ¼«æžœç„¶æ˜¯ç»™æˆå¹´äººçœ‹çš„ï¼Œéžå¸¸å¥½ï¼Œæ¬¢ä¹ä¸­ä¼´ç€æ³ªæ°´,5,åŠ›è,113,0.9790590460882848
2017-03-18 14:34:55,ðŸˆ,æˆ‘ä¸è¦åªæ˜¯ç”Ÿå­˜ã€æˆ‘è¦æ´»å¾—æœ‰æ„ä¹‰ã€‚è¿™ä¸ªåŠ¨ç”»ç‰‡çœŸçš„å¾ˆå¥½,4,æŽ¨è,14,0.9485984066122242
2017-03-18 15:17:04,è‰¾ä¼Šè¾¾Ayda,æŒºä¸é”™çš„åŠ¨ç”»ç‰‡ï¼Œä¿æŠ¤çŽ¯å¢ƒè¿«åœ¨çœ‰ç«å•Š,4,æŽ¨è,13,0.9738094984894596
2017-03-21 16:27:51,è‹å¹¼,å¥½çœ‹ï¼Œå¥½çœ‹ï¼ŒçœŸçš„å¥½çœ‹ï¼Œè¿˜æŒºæ„Ÿäººçš„,4,æŽ¨è,23,0.9985022843610702
2017-03-26 20:42:50,æ¨æ¡ƒ,å¾ˆæ„ŸåŠ¨ï¼Œæœºå™¨äººå¯çˆ±~,5,åŠ›è,13,0.9797584665086092
2017-03-26 20:57:31,çˆ±åƒç³–çš„çŒ«,å¤ªå¯çˆ±äº† å¯¹çˆ±æ°¸è¿œéƒ½æœ‰äº›çº¯çº¯çš„å‘å¾€å’Œæ¸´æœ› æ¸©æš–æµªæ¼«ï½ž,5,åŠ›è,39,0.9999886244990192
2017-03-26 21:20:24,ç¾Žå¥³èœkun,çœ‹åˆ°åŽé¢éƒ½çœ‹å“­äº†ï¼Œå¥½æ€•è¿™ä¸ªå°æœºå™¨äººå“ªå¤©çªç„¶æ¶ˆå¤±ï¼,5,åŠ›è,15,0.8571792525245032
2017-03-29 21:57:35,çº¤çº¤,å®ƒæ˜¯â€¦å®ˆæŠ¤è€…,5,åŠ›è,25,0.8464924058012194
2017-04-01 22:57:46,å°ç—•å‘€,åˆèŒåˆå¯çˆ±çš„åŠ¨ç”»ç‰‡ï¼Œè½»æ¾æœ‰è¶£ï¼Œå…¨ç¨‹ç¬‘ä¸ªä¸åœï¼Œé‡Œé¢çš„ç§‘å¹»è‰²å½©ä¹Ÿå¾ˆæµ“åŽšã€‚,4,æŽ¨è,22,0.9994039013663414
2017-04-12 23:14:21,æ¢¦æ¢¦æ¢¦æ¢¦,è™½ç„¶æ˜¯ä¸ªåŠ¨ç”»ç‰‡ï¼Œä½†æ˜¯è¿˜æŒºå¥½çœ‹ï¼ŒæŒºæ„Ÿäººçš„ã€‚,4,æŽ¨è,18,0.998569764104126
2017-05-15 21:59:42,çº¢è±†ç²¥,çœ‹ä¸€æ¬¡å“­ä¸€æ¬¡çš„ç¥žå‰§ï¼ æ˜Žæ˜Žéƒ½çŸ¥é“æƒ…èŠ‚ è¿˜ä¼šè·Ÿç€å“­ï¼,5,åŠ›è,16,0.906347706619024
2017-06-01 21:04:56,å°è‚‰å…”,çœŸçš„å¤ªå–œæ¬¢è¿™éƒ¨åŠ¨ç”»ç‰‡äº† é™ªä¼´ä¸Žçˆ±,5,åŠ›è,11,0.9938822295103368
2017-06-29 16:45:43,LEMON,å¾ˆæœ‰çˆ±çš„åŠ¨ç”»ç‰‡ï¼Œå¥½çœ‹æ„Ÿäººï¼Œæ­Œæ›²ä¹Ÿå¾ˆå¥½å¬,4,æŽ¨è,17,0.99682820581594
2017-07-06 20:17:58,é¡¾ä¿ä¹œ,I don't want to survive. i want to liveã€‚,4,æŽ¨è,100,0.0502231355715828
2017-09-08 22:23:34,ZWW,ç“¦åŠ›ç“¦åŠ›ç“¦åŠ›â€¦â€¦ä¼Šå¨ƒä¼Šå¨ƒä¼Šå¨ƒâ€¦â€¦,5,åŠ›è,231,0.5987227584042637
2017-09-15 20:05:40,å¤ªå¸¸å¯ºåå¾‹éƒŽ,åˆä¸€æ¬¡çœ‹å“­......WalleåŽ»ç‰µevaçš„æ‰‹çš„æ—¶å€™.......ä¸–é—´æœ€ç¾Žå¥½ä¸è¿‡å¦‚æ­¤äº†ã€‚,5,åŠ›è,28,0.9446925316259948
2017-11-30 09:26:00,ç„¶æ‚”æ‚Ÿ,ç›¸æ¯”äºŽä¸€èˆ¬çš„åŠ¨ç”»ç”µå½±æ¥è¯´æœ‰äº›æ— èŠ,3,è¿˜è¡Œ,41,0.9788865326618912
2017-12-29 15:47:19,å©·å©·çˆ±å…«å¦,çº¯æƒ…çš„æœºå™¨äººðŸ¤–ï¸ï¼æœ‰æ—¶è§‰å¾—æœºå™¨äººçš„ä¸–ç•Œå¥½å•çº¯å•Šï¼Œå¯ä¹Ÿæ˜¯é‚£ä¹ˆæ— åŠ›,4,æŽ¨è,58,0.9913581084323628
2018-01-17 22:23:06,æ©é¾ ,è¶…çº§æ„ŸåŠ¨çš„ï¼Œæˆ‘å¾—é™ä¼šå„¿å‘€ï¼Œä¸è¡Œäº†ï¼Œå•Šå•Šå•Šå•Šå•Šå•Šå•Šå•Šå•Šå•Š,4,æŽ¨è,66,0.99756950537528
2018-04-07 11:13:59,é…’é¬¼ä¸€å®¶å°è¿·å¦¹,æœ‰äº›åœ°æ–¹è®½åˆºåè¶³ç¡®å®žå€¼å¾—æ·±æ€ã€‚è¶…å–œæ¬¢ç“¦åŠ›å–Šä¼Šå¨ƒçš„ï¼Œæ»¡æ»¡éƒ½æ˜¯çˆ±ã€‚çœŸçš„å¾ˆå–œæ¬¢çš„ä¸€éƒ¨ç”µå½±ã€‚,5,åŠ›è,16,0.99999532706025
2020-07-28 23:53:44,è¤¶çš±,æˆ‘è§‰å¾—Wall.Eä¸€å¼€å§‹å¥½å­¤ç‹¬å•Š ä¸€ä¸ªä¸ªä½“åœ¨ç¡•å¤§çš„è¢«é—å¼ƒçš„æ˜Ÿçƒ æ—¥å¤ä¸€æ—¥çš„é‡å¤ç›¸åŒçš„å·¥ä½œ å¦‚æžœæ²¡æœ‰è‡ªæˆ‘æ„è¯†å°±ç®—äº† å¯æ˜¯å®ƒä¼šæŠŠè‡ªå·±å–œæ¬¢çš„åºŸå“å¸¦å›žå®¶ ä¼šçœ‹å‡ ç™¾å¹´å‰çš„å½•åƒå¸¦ ðŸ˜­,5,åŠ›è,195,0.999770120733114
2021-02-04 15:28:20,momo,ç¡®å®žæµªæ¼«å¾—ä¸€å¡Œç³Šæ¶‚ï¼Œæƒ³å“­ã€‚ç“¦åŠ›ä¸€è¾¹è‡ªå¨±è‡ªä¹ä¸€è¾¹å­¤ç‹¬åœ°ç”Ÿæ´»å°±æ˜¯æˆ‘æœ¬äºº,5,åŠ›è,348,0.7720687503924073
2021-02-27 21:46:37,è°¢è°¢ä¾¬,WALL  E æœ¬ä¸çŸ¥é“å­¤ç‹¬ï¼Œç›´åˆ°ä»–é‡è§äº†EVA,5,åŠ›è,112,0.9798806353270638
2021-06-23 09:00:23,æ¢“,â€œI don't want to surviveï¼Œi want to liveï¼ï¼â€,5,åŠ›è,123,0.1684924422353202
2022-04-06 08:18:21,Rosemary,ç«Ÿç„¶ä¸€ç›´æ²¡çœ‹è¿‡è¿™éƒ¨ç‰‡å­ï¼Œä»€ä¹ˆç‹—å±ç¿»è¯‘ï¼Œæ€»åŠ¨å‘˜ä½ é©¬å‘¢ã€‚çœ‹çš„æ—¶å€™åŠ ä¸Šçœ‹å®Œéƒ½å¤„åœ¨éš¾ä»¥è¨€å–»çš„éœ‡æ’¼ä¹‹ä¸­ï¼Œæœ€éœ‡æ’¼æˆ‘çš„æ˜¯walleå¼€å¤´è‡ªå·±æ”¶åžƒåœ¾å’ŒevaçŸ­æš‚å…³æœºæ—¶å€™ä»–æ‹‰ç€å¥¹åˆ°å¤„èµ°çš„æƒ…èŠ‚ï¼Œé‚£å·¨å¤§çš„å­¤ç‹¬æ„Ÿä»Žå±å¹•é‡Œå†²å‡ºæ¥åŒ…å›´äº†æˆ‘ã€‚,5,åŠ›è,53,0.9997848163893248
2022-04-13 21:42:59,Mercury,â€œå¯æ˜¯æˆ‘ä¸è¦ç”Ÿå­˜ï¼Œæˆ‘è¦ç”Ÿæ´»ï¼â€å¤šåƒç–«æƒ…æ—¶ä»£è¢«å°æŽ§çš„äººä»¬çš„å†…å¿ƒå¿ƒå£°å•Šâ€¦â€¦,4,æŽ¨è,43,0.9993588787168526
2022-10-04 14:24:33,å¤§è€³æœµ,ä»–ç”Ÿæ´»åœ¨åžƒåœ¾å †ã€ä¸ŽèŸ‘èž‚åšæœ‹å‹ã€‚å´æ€»æ˜¯ä»°æœ›æ˜Ÿç©ºï¼Œæ¸´æœ›ç€æœ€çœŸæŒšçš„æ„Ÿæƒ…ã€‚è¿™æ˜¯æœ‰å²ä»¥æ¥æœ€æµªæ¼«çš„å¥½èŽ±åžåŠ¨ç”»ç”µå½±ã€‚,5,åŠ›è,63,0.9993685223254622
2022-12-24 23:12:43,ðŸŒ¸ðŸŒ¸ðŸŒ•,å½“æ–°äººç±»å·²ç»ä¸æ‡‚ä»€ä¹ˆå«ç”Ÿæ´»ï¼Œä¸¤ä¸ªæœºå™¨äººå´åœ¨æ˜Ÿæ²³ä¹‹é—´èˆžè¹ˆ,5,åŠ›è,165,0.9815971475433938
2023-04-20 22:35:45,Elaine,å››çˆ±ç»å…¸ã€‚,5,åŠ›è,30,0.7410444709750486
