2013-01-23 15:38:24,ç™¾å¹´å­¤å¯‚,"é€™ç¨®å¯¦é©—ç´€éŒ„ç‰‡å…¶å¯¦åªæ˜¯éš¨æ„åœ°æ‹é»žæ—¥å¸¸ç”Ÿæ´»çš„å ´æ™¯å†æ¹Šæˆä¸€å¡Š,å…¶å…§å®¹ä¹‹ç©ºæ´žåŠå½¢å¼ä¹‹ç°¡å–®ä½¿å¾—é€™é¡žé›»å½±é™¤äº†æ²‰æ‚¶å¤–è«‡ä¸ä¸Šæœ‰ç”šéº¼ç¼ºé»ž,ä½†å„ªé»žå˜›,å……å…¶é‡ä¹Ÿå°±æ”å½±å’Œè²éŸ³è™•ç†é€™å…©é …è€Œå·²",5,åŠ›è,1,0.1970977669823213
2013-06-11 00:04:44,ä¸ä¸€,"é¦™ç‰¹å°”æ²‰é»˜æ—¶ï¼Œ
è®©äººæ„Ÿè§‰å……å®žï¼Œ
æœæ‹‰æ–¯å°†å¼€å£ï¼Œ
åŒæ—¶æ„Ÿå—è™šæ— ",4,æŽ¨è,7,0.990655587870352
2013-10-28 15:14:03,gershom,"æ°¸åˆ«äº†,è¯­è¨€.",5,åŠ›è,16,0.6853864843829318
2015-07-14 16:34:43,æ¢µå­,ç¾Žå¦™è‡³æžï¼Œå°±åƒæœ€é¥è¿œçš„è¿œæ–¹ï¼Œè·¨è¶Šäº†ç”µå½±è¯­è¨€çš„è¾¹ç•Œï¼Œè§¦åŠåˆ°äº†å±žäºŽä¸–ç•Œæœ¬è´¨çš„æŸç§äº‹ç‰©ï¼Œæˆ–å¯ç§°ä¸ºï¼Œä¸–ç•Œçš„è¯—æ€§ã€‚,4,æŽ¨è,9,0.9999999628871272
2015-08-18 18:19:36,å°å®,å—ç»˜ç”»çš„å½±å“ä¾ç„¶å¾ˆæ˜Žæ˜¾ï¼ˆæ®è¯´ä¸»è¦æ˜¯Edward Hopperï¼‰ï¼Œåœ¨çœ‹ä¼¼å¹³å¸¸çš„åœºæ™¯ä¸­æ•æ‰å…¶ä¸­éšç§˜è€Œæ·±åˆ»çš„â€œäº‹ä»¶æ€§â€ä½¿å…¶æˆä¸ºä¼šè¯´è¯çš„ç”»é¢ä½“çŽ°äº†è‰ºæœ¯å®¶çš„æ•é”æ€§ã€‚,5,åŠ›è,18,0.9999998681930996
2015-11-14 22:44:39,æ˜¨å¤©æ™šä¸Šæˆ‘ä»¬ç»¿ä¸ç»¿ï¼Ÿ,é˜¿å…‹æ›¼çš„å¹½çµåœ¨åŽå…±äº§ä¸»ä¹‰ç¤¾ä¼šä¸Šç©ºæ¸¸è¡,3,è¿˜è¡Œ,15,0.4199579181986415
2016-04-18 19:56:50,é’æ¤’è‚¥è‚ ,è¦å“­äº†ã€‚ç”µå½±æ˜¯æ•…äº‹çš„å»¶ä¼¸ï¼Œå½±åƒæ˜¯ä¸–ç•Œçš„å»¶ä¼¸ã€‚,5,åŠ›è,2,0.9998935590577848
2016-05-02 14:51:07,zangå…®å…®,è¥¿é›…å›¾Akermanå›žé¡¾å±•ã€‚èº«è¾¹æœ‰ç¡ç€çš„æ—¥æœ¬å°ä¼™ä¼´ï¼Œæœ‰ä¸­é€”ç¦»åœºçš„ç¾Žå›½å¤§çˆ·ï¼Œä¹Ÿæœ‰ç›®ä¸è½¬ç›æœ€åŽç«™ç«‹é¼“æŽŒçš„ä¿„è£”Sã€‚å¤§é‡ä¸ç´§ä¸æ…¢çš„ç§»åŠ¨é•œå¤´ï¼ŒåŒ¿åçš„ç¾¤ä¼—åŠå…¶å„ç§å‡è§†ï¼ˆç›´è§†ã€å¯¹è§†ã€æ–œè§†å’Œæ— è§†ï¼‰ï¼Œå·è½´å¼çš„å…¬å…±åœºæ‰€ç”»é¢+å·§å¦™çš„å£°éŸ³/éŸ³ä¹è°ƒç”¨+æ— å­—å¹•ã€‚è¿™ç©¶ç«Ÿæ˜¯å“ªä¸€ä¸ªå¹½çµç¼ ç»•çš„â€œä¸œæ–¹â€ï¼Ÿ,5,åŠ›è,19,0.9673912267300866
2016-05-08 21:18:10,æŠŠå™—,çœŸæ£’ è´¾æ¨ŸæŸ¯å…ˆé©±,4,æŽ¨è,0,0.9420629611709502
2016-10-15 17:04:20,å¤ç›®å¾å†¬,ååç«‹ç«‹ï¼Œå±…äºŽæ­¤é—´çš„äººç»ˆäºŽæ— å£°ï¼›å”±å”±èµ°èµ°ï¼Œé€šå¾€é‚£æ–¹çš„è·¯è¿˜åœ¨è„šä¸‹ã€‚3.5,3,è¿˜è¡Œ,2,0.9997607902720764
2017-05-21 21:03:04,ç°è‰²å¹½é»˜,æœŸæœ›è¿‡é«˜äº†,5,åŠ›è,0,0.4714154256639959
2017-08-20 23:42:14,FYI,è¢«æ±¡æŸ“çš„ï¼Œè¢«ä¾®è¾±çš„ï¼,4,æŽ¨è,1,0.1176816255133254
2017-08-20 23:42:14,FYI,è¢«æ±¡æŸ“çš„ï¼Œè¢«ä¾®è¾±çš„ï¼,4,æŽ¨è,1,0.1176816255133254
2017-08-22 18:03:12,æ¯›,ç©¿è¿‡é¢å­”å’Œé¢å­”çš„é˜´å½±ï¼Œç©¿è¿‡é‚£æ¡éšçº¿ï¼ŒæŠµè¾¾çš„éƒ½æ˜¯æ®Šé€”åŒå½’ï¼Œå¦‚æžœè¦è¯´å…¶ä½™çš„ï¼Œå…¶ä½™çš„éƒ½å˜æˆäº†å½±åƒï¼Œæˆ–è€…è¯´æ˜¯æ–‡å­¦ã€‚,5,åŠ›è,1,0.983491361235044
2017-10-01 13:42:42,Vincent Lan,æ¯æ¬¡çœ‹Akermançš„ç”µå½±ï¼Œå‰30åˆ†é’Ÿéƒ½ä¼šæ— æ¯”æ²‰è¿·ï¼Œä¹‹åŽé©¬ä¸Šæ‡Šæ‚”è‡ªå·±ä¸ºä»€ä¹ˆæƒ³ç€æ³•å­æŠ˜ç£¨è‡ªå·±ï¼Œçœ‹å®ŒåŽåˆè§‰å¾—æ„çŠ¹æœªå°½ã€‚,4,æŽ¨è,1,0.9953472263061482
2017-11-03 15:58:29,æ©™å­,äººäººèƒ½åšå¯¼æ¼”ç³»åˆ—,3,è¿˜è¡Œ,1,0.9299076601276582
2018-01-15 03:39:42,ä¸€ä¸ªæ–‡ç›²å…”ç‹²,ä»ç„¶ç»´æŒå¼€å§‹çš„å°è±¡ï¼Œä¸€ç§å†·æ·¡ã€è‡ªæººã€æ‹’ç»ç§»æƒ…çš„typicalé˜¿å…‹æ›¼çš„ç›®å…‰é‡ä¸ŠèŽ«æ–¯ç§‘çš„åŽç¤¾ä¼šä¸»ä¹‰çƒŸç«æ°”å¹¶ä¸æ˜¯å¤ªåè°ƒï¼Œæˆ‘è¿˜æ˜¯å–œæ¬¢å¥¹æ‹ä½¿äººåŽŸå­åŒ–çš„Hopperå¼åŸŽå¸‚ï¼ˆpså¿ä¸ä½æƒ³è±¡äº†ä¸‹ç´¢ç§‘æ´›å¤«ä¼šå¦‚ä½•æ‹çº½çº¦= =ï¼‰,4,æŽ¨è,1,0.9968174468115972
2018-01-26 23:15:53,Alain,å›ºå®šé•¿é•œå¤´ä¸Žå¹³ç§»é•¿é•œå¤´äº¤ç»‡ï¼Œä¸Žæ—¶é—´å’Œç©ºé—´å¹¶è¡Œï¼Œæˆ–å®‰äºŽä¸€å®¤æ²‰æººé™ç©†ï¼Œæˆ–æ½œè¡Œè¡—å¤´å¤§éšäºŽå¸‚ï¼Œå¦‚å·´èµžè¯­â€œå”¯æœ‰è¿™ç§å†·çœ¼æ—è§‚çš„é•œå¤´èƒ½å¤Ÿè¿˜ä¸–ç•Œä»¥çº¯çœŸçš„é¢è²Œâ€ï¼›äººç‰©çœ‹å‘é•œå¤´ä¹‹å¤–çš„çœ¼ç¥žä¸Žè§‚è€…å‘ç”Ÿäº¤äº’ï¼Œç”µå½±å¹¶éžæ‘„é­‚è€Œæ˜¯æ¨¡ç³Šè™šå®žè¾¹é™…ï¼›æ°¸æ’ä¹‹æ ‘ã€å†¬å¤©é›ªåœ°ã€è·¯è¾¹èµ·èˆžã€æ³¥åœ°å¡è½¦ï¼Œä¸Žå®‰å“²ä¼¼ä¹Žåªéš”ç€ä¸€åœºå¤§é›¾ã€‚,4,æŽ¨è,12,0.9999762465227404
2018-05-20 13:10:33,å¤šä¸åˆ©ç™»,2018021 å››æ˜Ÿä½³ç‰‡,4,æŽ¨è,0,0.3093587615256498
2018-07-07 21:39:52,å–‚é¥­,6.5   æžç®€è°ƒåº¦ï¼ŒçŽ¯å¢ƒéŸ³å»¶å±•å•å‘åº¦çš„ç©ºé—´ï¼Œæ˜¯å·¡æ¸¸è€Œéžæ¼«æ¸¸ã€‚ä¸”æ³¨æ„åˆ°ä¿„å›½ä¹¡æ‘å’ŒèŽ«æ–¯ç§‘é‡‡ç”¨äº†ä¸åŒçš„è°ƒåº¦è¯­è¨€ã€‚é˜¿å…‹æ›¼æˆ–è®¸æ˜¯é‚£ç±»æœ€ä¼šæ‹å®¤å†…ç©ºé—´/åŸŽå¸‚ç©ºé—´çš„å¯¼æ¼”ä¹‹ä¸€ï¼Ÿ,4,æŽ¨è,0,0.9674436144336018
2018-09-16 10:43:11,TWY,æ—…é€”ä¸­å¤§æ®µçš„å¹³ç§»é•¿é•œé­…åŠ›åè¶³ï¼Œä¹Ÿå°†é‚£ä¸ªä¸œæ–¹çš„äººä¸–ç™¾æ€ä¸€ä¸€æ”¶å…¥é•œå¤´ä¸­ï¼Œå›ºå®šé•œå¤´ä¸‹çš„å®¶åº­å›¾æ™¯ä¸­åˆæ˜¯ä¸€ä½ä½â€œè®©å¨œÂ·è¿ªå°”æ›¼â€ï¼Œåœ¨ä¸€ä¸ªå†·æˆ˜åŽå®Œå…¨èƒ½å°†é¢˜ææ”¿æ²»åŒ–çš„ä¸–ç•Œä¸­ï¼Œé˜¿å…‹æ›¼åå…¶é“è€Œè¡Œä¹‹ï¼ŒåçŒŽå¥‡åŽ»æ”¿æ²»åœ°è®°å½•ä¸‹äº†å¹³å¸¸ç™¾å§“ä»¬çš„ä¸€å¼ å¼ è„¸åºžï¼ŒåŠ¨äººåˆçœŸè¯šï¼ŒåŠ¨è¡çš„å¹´ä»£åŽç”Ÿæ´»ä¾æ—§ç»§ç»­ã€‚,5,åŠ›è,15,0.9999999999999344
2018-09-18 13:41:57,é´è«ŒðŸŒˆ,@metrograph è§‚å½±è€å¿ƒå²ä¸Šçš„ä¸€ä¸ªé‡å¤§é‡Œç¨‹ç¢‘ï¼Œä½†è¿˜æ˜¯æ²¡ç†¬ä¸‹æ¥,3,è¿˜è¡Œ,0,0.9806022224625528
2018-09-18 13:41:57,é´è«ŒðŸŒˆ,@metrograph è§‚å½±è€å¿ƒå²ä¸Šçš„ä¸€ä¸ªé‡å¤§é‡Œç¨‹ç¢‘ï¼Œä½†è¿˜æ˜¯æ²¡ç†¬ä¸‹æ¥,4,æŽ¨è,0,0.9806022224625528
2018-10-06 11:54:53,æ‰‹æœºç”¨æˆ·42889,å·è½´,4,æŽ¨è,1,0.5
2018-12-14 07:53:25,å¦„æ‰§å®ŒçŽ‹çŸ¥å®›,å¥¹çš„å‰ªè¾‘å¸ˆ Claire Atherton è¯´å¥¹ä»¬å‰ªè¾‘çš„æ—¶å€™åªäº¤æ¢å¾ˆé›¶ç¢Žçš„è¯„è®ºï¼Œä¼šç»™é•œå¤´å–åå­—ï¼Œâ€œç»¿è‰²çš„â€â€œç™½è‰²çš„â€â€œthe superbâ€â‹¯ï¼ˆthe superb çš„é‚£ä¸ªé•œå¤´æ˜¯å‰§é™¢å¤–äººç¾¤èƒŒå½±ï¼Œé›ªè¿˜åœ¨çº·çº·è½ä¸‹æ¥ï¼‰ã€‚æ®è¯´è¿™ç‰‡å­æ˜¯æ‰“ç®—ç”µè§†æ’­æ”¾çš„ã€‚åŽæ¥åšçš„æœ‰24å—å±å¹•çš„è£…ç½®å› ä¸ºå›¾åƒå˜æˆå¾ªçŽ¯æ’­æ”¾æ²¡æœ‰äº†ç»“å°¾ï¼Œå¥¹ä»¬å°±åšäº†ç¬¬25å—ç”¨æ¥æ”¶çº³æ— æ­¢å°½çš„loopï¼šé‚£å°±æ˜¯é˜¿å…‹æ›¼è‡ªå·±çš„å£°éŸ³ã€‚,4,æŽ¨è,22,0.9995623390628888
2019-01-27 19:50:43,liummc,è·Ÿç€é¦™ç‰¹æ›¼åç€å€’éª‘é©´åœ¨ä¿„ç½—æ–¯è¡—å¤´å·çª¥ã€‚çœ‹åˆ°æœ€å¤šçš„æ˜¯ç­‰å¾…ã€‚ç­‰å¾…ä¹°å®¶ï¼Œç­‰å¾…ç«è½¦ï¼Œç­‰å¾…ä»€ä¹ˆå‘ç”Ÿã€‚ç„¶è€Œä»€ä¹ˆéƒ½æ²¡å‘ç”Ÿã€‚å„ç§å„æ ·è€å¿ƒæŽ’é˜Ÿã€‚ä¹Ÿè¦è€å¿ƒåœ°çœ‹æŽ’é˜Ÿã€‚,3,è¿˜è¡Œ,1,0.8235166988055175
2019-02-10 21:31:17,Adaçš„Bè®¡åˆ’,4.5,4,æŽ¨è,0,0.5
2019-05-05 12:07:01,åƒä¸Ž,å®›å¦‚Hopperç¬”ä¸‹å­¤ç‹¬çš„çš„åŸŽå¸‚ç”»å·ï¼Œè¡—é“ï¼Œè½¦æµï¼Œç”·äººï¼Œå¥³äººï¼Œå†·æ¸…ï¼Œçƒ­é—¹â€¦æ— ä¸€ä¸å¸¦ç€çœŸå®žçš„ç–ç¦»ï¼Œäº‹äº‹æ— æ‰€ã€‚,4,æŽ¨è,0,0.9999966391815888
2019-05-27 13:19:48,å¾®æŒº,ç¬¬ä¸€æ¬¡çœ‹Akermanæ—¶å€™æ­£æ˜¯äººç”Ÿè¢«é»‘æš—æš´å‡»çš„æ—¥å­ï¼Œè¿™æ¬¡é‡çœ‹ç«Ÿç„¶æ˜¯å®Œå…¨ä¸ä¸€æ ·çš„è§‚æ„Ÿã€‚ä¸¤ä¸ªæ¯”è¾ƒæ˜Žæ˜¾çš„referenceï¼šMilletçš„ã€æ‹¾ç©—è€…ã€‘å’ŒèˆžåŽ…çš„Edward Hopperã€‚ä»¥åŠä¸¤ç§ä¸åŒçš„â€œè¿åŠ¨â€œï¼šæ”¶ç¨»å­çš„é˜¿å§¨ä»¬ä»Žè¿œåˆ°è¿‘ã€ä»Žæœ‰åˆ°æ— ï¼›æ˜Žæ˜Žæ˜¯ç”¨é¢åŒ…è½¦æ¥å®Œæˆçš„trackingï¼Œå´ç»™è§‚è€…ä¸€ç§åœ¨ç«è½¦ä¸Šæ¼«æ¸¸çš„é”™è§‰ï¼Œè®©è§‚ä¼—ä¸åœåœ°æ€€ç–‘ï¼Œè¿™ç§é—´ç¦»ï¼Œå¯èƒ½æ­£æ˜¯å› ä¸ºä½œä¸ºä¸€ä¸ªæ¯”åˆ©æ—¶å¯¼æ¼”ï¼ŒAkermanå¾ˆæ¸…æ¥šè‡ªå·±â€œä»–è€…â€çš„èº«ä»½ï¼Ÿ,4,æŽ¨è,9,0.4536920570078341
2019-06-02 22:51:00,Nightwing,é«˜åº¦è€ƒéªŒæ„Ÿå®˜æ•æ„Ÿåº¦çš„æ—è§‚ï¼Œå’Œå¶å°”å¿ƒæœºçš„æ“æŽ§ä»‹å…¥ï¼ŒæŒ‡å‘ä¸€ç§ç†æƒ³çš„æ—…è¡ŒçŠ¶æ€ã€‚,4,æŽ¨è,1,0.9900185539253764
2019-11-04 17:54:08,salty,man i'd be fucking tripping,3,è¿˜è¡Œ,0,0.4476784585098667
2020-03-19 00:07:47,è±†å‹66,110.28,5,åŠ›è,0,0.5
2020-03-25 01:59:04,GA,è¿™å¤§æ¦‚å°±æ˜¯ä¼ è¯´ä¸­çºªå½•ç‰‡ç•Œçš„åŽŸæ•™æ—¨å§,5,åŠ›è,0,0.9844493100243488
2020-05-29 01:07:05,ç”µè½¦,ä¸œæ¬§åŽå†·æˆ˜ä¼—ç”Ÿç›¸,5,åŠ›è,0,0.7132661147981909
2020-07-03 21:48:14,ðŸŒµðŸŒµ,æ•´ä½“å¸¦æœ‰ç»˜ç”»é£Žæ ¼ï¼Œç”»é¢å†…çš„åŠ¨æ€å’Œç”±å£°éŸ³å»¶å±•è‡³ç”»å¤–çš„çŽ¯å¢ƒæ‰€æž„æˆçš„å¼ åŠ›å¾ˆåƒé˜¿å·´æ–¯çš„ç”µå½±ï¼Œå®¤å†…å›ºå®šé•œå¤´ä¸­é™æ€çš„ç©ºé—´è°ƒåº¦ä»ç„¶å¼¥æ•£ç€é˜¿å…‹æ›¼å¼æ—¥å¸¸ä¸­é™è°§è€Œæ°¸æ’çš„æ·±é‚ƒæ°”è´¨ï¼Œå®¤å¤–æ¨ªç§»é•œå¤´ç©¿è¿‡ç­‰å¾…æˆ–è¡Œèµ°çš„äººç¾¤ï¼Œæ—¶é—´åœ¨è¿åŠ¨ä¸­è¢«æ— é™æ‹‰è¿œï¼Œå½“æ‘„å½±æœºå’Œé¢å­”äº¤æ±‡çš„ä¸€çž¬é—´ï¼Œæ•£ä¹±æ— ä¸ºçš„çŠ¶æ€ä¾¿æœ‰äº†æ„ä¹‰ã€‚,5,åŠ›è,2,0.9999999998805826
2020-11-29 17:31:13,å°é‡‘,è¿™ä¸ªçºªå½•ç‰‡å¤ªçº¯ç²¹äº†ï¼Œçº¯çš„è¿žè¯­è¨€éƒ½æ²¡æœ‰ï¼Œåªæœ‰å¹³ç¼“åŒ…å®¹é•œå¤´å’Œèˆ’ç¼“åŠ¨äººçš„éŸ³ä¹ã€‚è¥¿æ¬§äººçœ¼é‡Œçš„ä¸œæ–¹â€”â€”è¶Šè¿‡å¤šç‘™æ²³è¶Šè¿‡æ³¢å…°ä¹Œå…‹å…°å¹³åŽŸè¶Šè¿‡ä¼å°”åŠ æ²³ï¼Œé‚£ç‰‡ç¥žç§˜çš„æ—¢ä¿¡ä»°ä¸œæ­£æ•™å´åˆåˆšåˆšç»“æŸè¢«ä¸€ä¸ªåå«å…±äº§ä¸»ä¹‰çš„çº¢è‰²å¹½çµç»Ÿæ²»çš„åœŸåœ°ï¼Œé•œå¤´é‡Œçš„äººä»¬å¤§å¤šå¿ƒäº‹é‡é‡ï¼Œåœ¨é«˜åŠ ç´¢çš„å¯’å†¬é‡Œè®©äººçœŸå®žåœ°æ„Ÿå—åˆ°é“å¹•å¦ä¸€ç«¯çš„å†·å³»ã€‚,4,æŽ¨è,0,0.9999999991413188
2020-11-29 17:37:48,å¥‡çˆ±åšå£«,ç”µå½±ä¸ŽåŽç¤¾ä¼šä¸»ä¹‰æ—¶ä»£çš„èŽ«æ–¯ç§‘åŸŽå¸‚çš„ç›¸é‡ã€‚æœ‰æ²‰é»˜åŽ‹æŠ‘ï¼Œä¹Ÿæœ‰é«˜å°šè‚ƒç©†ï¼Œå°½ç®¡å¸å›½ä½™æ™–ä¸å¤å¾€æ—¥ï¼Œä½†åº•æ°”è¿˜æ•£çŽ°äºŽå„ç§æ—¥å¸¸ç»†èŠ‚ä¸­ï¼šé…’åº—æ­Œèˆžã€å¤§æç´éŸ³ä¹ä¼šã€å¼¹é’¢ç´çš„å®¢åŽ…ã€åšé¢åŒ…ç«è…¿çš„åŽ¨å¨˜ä»¥åŠå„ç§ç©¿è²‚å„¿çš„å¤§å¦žâ€¦â€¦é€šè¿‡å„ç§æ¼«é•¿æ¨ªç§»é•œå¤´ã€720åº¦æ‘‡é•œæˆ–é™è§‚é•œå¤´é‡‡æ’·è¿›æ¥ã€‚å‰ªè¾‘å¸ˆå…‹èŽ±å°”Â·é˜¿ç‘Ÿé¡¿æ˜ åŽäº¤æµï¼Œå¥¹å—ä¸­å›½æ–‡åŒ–çš„å½±å“å¾ˆæ·±ï¼Œä¹Ÿåæ˜ åœ¨å½±ç‰‡æœ€åŽçš„æ ·è²Œä¸­ï¼šé“æ³•è‡ªç„¶ã€‚,4,æŽ¨è,2,0.9999999882763416
2020-11-29 23:11:19,å¥½æ ·çš„,ä»‹äºŽå‡è§†ä¸Žå‘ˆçŽ°ä¹‹é—´çš„è§‚å¯Ÿã€‚ç¼“ç¼“æŽ¨è¿›çš„é•œå¤´é‡Œæ˜¯æ—¶é—´ä¸­ä¸€ä¸ªä¸ªå¥½å¥‡åº¸ç¢Œå¤„äºŽéžå·¥ä½œçŠ¶æ€ï¼ˆé™¤äº†æ¡åœŸè±†çš„å†œå¦‡ï¼‰çš„çµé­‚ã€‚,5,åŠ›è,0,0.9999999818104436
2020-11-30 02:19:35,æ³¡åœ¨èŒ¶æ¯é‡Œ,æ˜¨å¤©åº”è¯¥ç®—æ˜¯å€¼å¾—çºªå¿µçš„ä¸€å¤© ç¬¬ä¸€æ¬¡åœ¨å½±é™¢çœ‹äº†é˜¿å…‹æ›¼çš„ç”µå½± å¾ˆå¤šæƒŠå–œ ä¸¤ä¸ªå°æ—¶çš„æ¥è‡ªä¸œæ–¹ ä»¿ä½›è¿›å…¥äº†ä¸€ä¸ªæ—¶é—´é»‘æ´ž å°±è¿žå’Œèº«è¾¹äººè¿žè¿žç¡åŽ» é†’æ¥ä¸çŸ¥åœ¨ä½•å¤„ä½†ä»ç»§ç»­å¾€å‰è·Ÿéšç€ ä¹Ÿæ˜¯ä»¶æ— æ¯”ç¾Žå¦™çš„äº‹æƒ…ã€‚å¹¸è¿æ¸…é†’åœ°çœ‹å®Œç»“å°¾ ä¸€ä¸ªå‚æ™šè¡—è¾¹é›†å¸‚çš„ç§»åŠ¨é•œå¤´ ä»Žå°åº—ä¼ å‡ºçš„éŸ³ä¹èµ·å°±å»¶ç»­ç€å‘å‰ å¶å°”æ”¾æ…¢é€Ÿåº¦å¥½åƒåœ¨ç­‰å¾…å‡ºç”»çš„å°ç”·å­©å†æ¬¡èµ¶ä¸Šæ¥ åº—å†…æ¸©æš–çš„ç¯ç«æ˜ è¡¬ç€è“è‰²çš„å‚æ™š ä¼¼ä¹Žç»“æŸä¸€å¤©å·¥ä½œçš„äººä»¬æ•£æ¼«çš„æ¥æ¥å¾€å¾€ å°±åƒçœ‹åˆ°äº†è‡ªå·±æ— æ¯”ç†Ÿæ‚‰å’Œå–œçˆ±çš„é‚£ç±»æ™¯è±¡ æƒ³è¦è®°å½•ä¸‹æ¥çš„å†²åŠ¨å†æ¬¡é²œæ˜Žå‡ºçŽ° ä¸åªæ˜¯æ•æ‰è¿™ç”»é¢ æ›´æ˜¯å›žåˆ°æ›¾ç»å’ŒçŽ°åœ¨ç”Ÿæ´»ä¸­é‚£äº›ä¸€ç›´å­˜åœ¨å´åˆæ¶ˆé€çš„æ—¶åˆ»ã€‚,4,æŽ¨è,0,1.0
2020-12-01 15:17:53,å­¤æ ‘å‚²æµ·,ä¸­è¿œæ™¯åˆ«ã€æ·±ç„¦ã€å›ºå®šæœºä½/å¯¼è½¨è·Ÿæ‹ã€é•¿é•œå¤´åšåˆ°æžç«¯æˆ–è€…æžè‡´ï¼Œå°±æ˜¯è¿™æ ·å½¢å¼çš„çºªå½•ç‰‡ã€‚å¯¹æ•…äº‹ç‰‡æ‹æ‘„çš„å€Ÿé‰´æ€§è¿œå¤§äºŽè¿™éƒ¨çºªå½•ç‰‡æœ¬èº«çš„è§‚èµæ€§ã€‚,5,åŠ›è,1,0.9999830608921288
2021-01-29 14:36:36,Stardust,7.5#,4,æŽ¨è,0,0.5
2021-02-05 13:15:43,åå…ƒä½³å®,æ³¨è§†å…¬å…±åœºåŸŸçš„ä¸¥è‚ƒå’Œæ•´åˆï¼Œä¸ªäººç©ºé—´æ›´åŠ è‡ªç”±æŸ”å’Œä¸€ç‚¹ã€‚,4,æŽ¨è,0,0.9147273378808268
2021-02-17 16:17:13,JeanChristophe,"å››æ˜ŸåŠ.é˜¿å…‹æ›¼å§‹ç»ˆå¯¹æ–¹å‘â€•â€•æˆ–æ›´ä¸å¦‚è¯´,""æœå‘""â€•â€•æžä¸ºæ•æ„Ÿ,å…¨ç‰‡æ ¸å¿ƒä¹ƒæ˜¯æŸç§æ­£äº¤æ€§:é•œå¤´è¿åŠ¨æ–¹å‘ä¸Žå…¶ç›®å…‰ä¿æŒåž‚ç›´[ä¸å­˜åœ¨æ–¯ç‰¹åŠ³å¸ƒå¼è·Ÿæ‹â€•â€•å¦‚æžœéžè¦åšæ­¤ç±»æ¯”è¾ƒçš„è¯],åæ›°""æ¥è‡ªä¸œæ–¹"",å®žåˆ™ä¼¼ä¸º""æ¥è‡ªåŒ—æ–¹"".è¿™æ­£äº¤å…³ç³»é€ å°±é˜Ÿåˆ—ç©¿å…¥-ç©¿å‡ºçš„æ’å¸¸è¿åŠ¨:äººä»¬æ°¸è¿œä»Žç”»é¢ä¸€è¾¹(å·¦/ä¸Š/ä¸­å¿ƒ...)è¿›å…¥è€Œä»Žå¦ä¸€è¾¹(å³/ä¸‹/å››å‘¨...)é€€å‡º,å½±ç‰‡é¡ºä»Žè¿™å†…è•´ç»“æž„å®šä¸‹çš„æ˜“é€æ€§,å¯¹ä¸€åˆ‡æ™¯ç‰©è¡¨çŽ°å‡ºGelassenheit,ä»Žä¸æµéœ²å°†å®ƒä»¬æŒ½ç•™äºŽç”»å†…çš„æ„¿æœ›;ä½†æ‘„å½±æœºå¿…å®šä¹Ÿæ„Ÿåˆ°å†·æš–ä¹‹åˆ«,å¦åˆ™å®ƒä¸ä¼šåœ¨å±…å®¤é‡Œæ‡’å§,å´åœ¨æˆ·å¤–æ¥å›žé•¿ä¹…åœ°æ¸¸èµ°,å½“ç€é›ªèŠ±é£˜è½.",4,æŽ¨è,10,0.9999831483040396
2021-04-07 20:45:19,æˆ´å¿ ç¤¼,å¼‚å›½å±•ç¤ºï¼Œå¹³ç§»é•œå¤´ï¼Œæ— å¯¹ç™½æ— æ—ç™½ï¼Œç¼ºå°‘ä¸»é¢˜æ€§ã€‚,5,åŠ›è,0,0.951247012696144
2021-04-13 19:26:05,ç»¯è‰²çš„å›žå¿†re,è®°ä½äº†é‚£æ®µå¹³ç§»é•¿é•œ,3,è¿˜è¡Œ,0,0.6650498497233563
2021-05-30 16:48:26,lucy's sad,è§€å¯Ÿèˆ‡è¢«è§€å¯Ÿï¼Œè»Šç«™å…§äººç¾¤çš„æ³¨è¦–ç›®å…‰ï¼Œå®¤å…§å›ºå®šæ©Ÿä½ï¼Œè»¸å·å¼æ©«ç§»ã€‚é€™æ¨£ä¸€ç¨®ä»¥æ¦‚å¿µå…ˆè¡Œçš„é›»å½±ï¼Œå–œæƒ¡å…©æ¥µï¼Œè€Œèƒ½ä¸èƒ½é€²å…¥é›»å½±çš„æ°›åœï¼Œä¹Ÿå¯èƒ½é—œé€£åˆ°è§€è³žè€…ç•¶æ™‚çš„ç‹€æ…‹èˆ‡å¿ƒå¢ƒï¼Œçµ¦å‡ºå…©æ˜Ÿï¼Œä¹Ÿå¯èƒ½åªèƒ½è¡¨ç¤ºæ˜¨æ™šçš„ç¡çœ ä¸è¶³èˆ‡å¿ƒä¸­å› è¢«å…¶ä»–äº‹æƒ…å›°æ“¾è€Œå¦æœ‰æ‰€æƒ³çš„ç‹€æ…‹--ç„¡æ—ç™½å¼è¨˜éŒ„ï¼Œé•·é¡é ­ï¼Œç’°å½¢é‹é¡ã€‚,2,è¾ƒå·®,0,2.0030422555161745e-05
2021-06-05 22:20:07,parachute,åªæœ‰äº”åˆ†é’Ÿçš„å¤å¤©â€¦å‰©ä¸‹çš„ä¸œæ¬§æ˜¯æ¼«é•¿çš„å†¬å¤©çš„å¤œã€‚,4,æŽ¨è,1,0.0876221418873027
2021-07-21 22:44:43,å­—æ¯å›,åŒæ ·å±•çŽ°ç©ºé—´ï¼Œæ¯”èµ·è´¾æ¨ŸæŸ¯çš„ã€Šå…¬å…±åœºæ‰€ã€‹ï¼Œé˜¿å…‹æ›¼çš„é•œå¤´ä¼¼ä¹Žè¦â€œæ— æƒ…â€å¾—å¤šï¼Œä½†ä¹Ÿæ­£æ˜¯å¥¹çš„â€œæ— æƒ…â€æ‰è®©é‚£äº›ç§äººç©ºé—´å¦‚æ­¤åŠ¨äººã€‚åŽæ™¯å“¥å“¥å¼¹ç€é’¢ç´ï¼Œå‰æ™¯å¼Ÿå¼Ÿæ‹¾èµ·å°è½¦ï¼Œè¿™ä¸ªé•œå¤´ç¾Žå¾—ä¸å¯æ€è®®ï¼Œæ¯æ¬¡çœ‹éƒ½ä¼šè¢«æ‰“åŠ¨ã€‚,4,æŽ¨è,2,0.9999999625048356
2021-08-08 10:32:00,å¥¥åˆ©,ã€è‰èŽ“ä¸»ç«žèµ›ã€‘,4,æŽ¨è,0,0.9507888944248208
2021-08-24 13:38:05,æ–‡æ£®,ã€4.0ã€‘åœ¨å†·æˆ˜åŽè¢«æ„è¯†å½¢æ€é«˜åº¦æ¸—é€çš„ä¸œæ¬§ä¸–ç•Œï¼Œç”¨ä»€ä¹ˆæ ·çš„é•œå¤´æ½æ‹¬è¿™é‡Œçš„ç¤¾ä¼šæ™¯è§‚ï¼Œä¹‹äºŽçºªå½•ç‰‡ä½œè€…æ¥è¯´æ˜¯ä¸€ä¸ªé“å¾·é—®é¢˜ã€‚å›ºå®šé•œå¤´æ˜¯å±…é«˜ä¸´ä¸‹çš„å§¿æ€ï¼Œè¢«æ³¨è§†çš„äººå°†æ˜¯æ°¸æ’çš„å¼±è€…ï¼›è·Ÿæ‹åˆ™æ˜¯ä¸»åŠ¨çš„å†’çŠ¯ï¼Œä¼šæ¿€åŒ–é•œå¤´å†…å¤–çš„æ„è¯†å½¢æ€å¯¹ç«‹ï¼›è€Œå”¯æœ‰æœºæ¢°èˆ¬è¿åŠ¨çš„æ¨ªç§»é•œå¤´ä¸‹ï¼Œæ²¡æœ‰æ‹æ‘„ä¸»ä½“çš„å­˜åœ¨ï¼ŒçœŸå®žçš„äººä¸Žäº‹ç‰©æ‰å¯èƒ½åœ¨é•œå¤´é‡Œå¸ä¸‹åŒ…è¢±ã€‚å§‹äºŽæ„Ÿæ€§å…³æ€€è€Œæ–½äºŽç†æ€§æ‰‹æ®µï¼Œé˜¿å…‹æ›¼çš„ç”µå½±ç¾Žå­¦è¢«å®Œç¾Žåœ°å®žè·µåˆ°å½±ç‰‡ä¸€æ¬¡æ¬¡çš„æ¨ªç§»ä¸­ã€‚,4,æŽ¨è,1,0.9999999999999996
2021-08-29 00:13:48,é†é†çŒé¥¼,ï¼ˆä¿®å¤ç‰ˆ0æ˜Ÿã€‚ï¼‰,3,è¿˜è¡Œ,0,0.0282704042353786
2021-08-31 01:56:16,Lies and lies,ä¾§ç§»æˆ–å›žæœ›ï¼Œä»Žæœªå‘å‰çœ‹ã€‚ç­‰å¾…æˆˆå¤šæ—¶æˆˆå¤šå·²ä¼ªè£…æˆæ‘„å½±æœºæ»‘è¿‡ã€‚é€‰ä¸€æ¡å±é™©è·¯çº¿ï¼Œè®©äººç‰©æŽ’åˆ—æˆæµ®é›•ï¼Œæ­£æ˜¯ç¤¾ä¼šä¸»ä¹‰é’Ÿçˆ±çš„è‰ºæœ¯ã€‚å®‰å“²é›¾åŽçš„é£Žæ™¯ï¼Œé˜¿å…‹æ›¼æ‹å¾—ä¸€æ¸…äºŒæ¥šã€‚,5,åŠ›è,7,0.9998948700635912
2021-09-03 11:34:39,ç™½çŸ³æ˜¥å­,Data collectionã€‚æ°¸é åœ¨æŽ’éšŠçš„äºº,2,è¾ƒå·®,0,0.2191635632854163
2021-12-15 20:27:38,é¸­é¸­,æœ€å–œæ¬¢çš„ã€æœ€è®©æˆ‘æ„ŸåŠ¨çš„é‚£ç±»çºªå½•ç‰‡>_<ã€‚ä¸œæ–¹ä»£è¡¨å†·æˆ˜åŽçš„ä¸œæ¬§ã€‚å½±åƒçš„æ„ä¹‰å»¶å±•ï¼Œæ‘„åƒæœºæ˜¯è§‚å¯Ÿä¹‹çœ¼ã€‚äº¤é€šå·¥å…·ä¸Šå›ºå®šç€çš„é•œå¤´å’Œç¼“æ…¢å¹³ç§»çš„é•¿é•œå¤´è®°å½•ç€åŸŽå¸‚ç©ºé—´ï¼Œçœ¼ç›æœ‰æ—¶åˆè¿›å…¥åˆ°ä¸ªäººç©ºé—´çš„æ—¥å¸¸çŠ¶æ€ä¸­ï¼Œçª¥æŽ¢åŠ¨äººçš„ç»†èŠ‚ã€‚éŸ³ä¹ï¼ˆä¸ä»…æ˜¯ç”»å¤–çš„é…ä¹ï¼ŒåŒ…æ‹¬å¤šä¸ªåœºæ™¯ä¸‹äººä»¬ä¹å™¨çš„æ¼”å¥ç”šè‡³æ˜¯å”±ç‰‡æœºçš„æ’­æ”¾ï¼‰è®©è¯­è¨€æ›´åŠ ä¸°å¯Œï¼Œæ¬¢å¿«ã€å®‰é™ã€æ‚²æ€†ï¼Œå®ƒä»¬è‰ºæœ¯åœ°è¡¨è¾¾ç€ç”Ÿæ´»æœ¬èº«ã€‚,5,åŠ›è,0,0.99999999999981
2022-01-28 16:59:07,Gymnopedie,ä¸­ä½Žé«˜åº¦çš„å›ºå®šé•œå¤´å¯¹å‡†äº†ä¸€å¹…å¹…å®¶åº­å›¾æ™¯ï¼Œæˆ–ç§°ä¹‹ä¸ºä¸œæ¬§è‚–åƒç”»ç³»åˆ—ï¼ŒåŽ¨æˆ¿å’Œé£Ÿç‰©çš„ä¸»é¢˜åå¤å‡ºçŽ°ï¼Œä½†æˆ‘ä»¬ä¾ç„¶æ— æ³•åˆ†è¾¨å…¶èƒŒåŽæ˜¯å¦éšè—ç€ä»»ä½•å™äº‹çš„å¯èƒ½ã€‚å®ƒä»¬æ˜¯è¿žæŽ¥ç€æ›´å¹¿æ³›ä¸–ç•Œçš„ç¬¦å·ï¼Œè¿˜æ˜¯ä»…ä»…æ˜¯å®ƒä»¬è‡ªèº«ï¼Ÿå¹³ç§»é•¿é•œå¤´åˆ™å¯¹å‡†äº†é‚£äº›åœ¨å°˜åœŸä¸­è¾—è½¬ã€åœ¨å¤§é›ªä¸­ç­‰å¾…çš„äººç¾¤ã€‚ä¸¤è€…çš„äº¤é”™å¸¦æ¥äº†ååˆ†å¥‡å¦™çš„è§†è§‰ä½“éªŒï¼Œæˆ‘ä»¬å¥½åƒçªç„¶ä»Žå†¥æƒ³çŠ¶æ€ä¸­è¢«å”¤é†’ï¼Œè¢«æŠ›å…¥äººç¾¤çš„æ‚è¸ä¹‹ä¸­ï¼Œç­‰æ„è¯†åˆ°çš„æ—¶å€™å·²ç»åœ¨è·Ÿç€è¿ç§»çš„è¿åŠ¨æ€åŠ¿å‘å‰å¥”èµ°ï¼Œæˆ‘ä»¬å°±è¿™æ ·åœ¨é™Œç”Ÿä¸ªä½“ä¸Žä¸–ç•Œä¹‹é—´ä¸æ–­æ‘‡æ‘†ã€‚,4,æŽ¨è,1,0.9999999999995716
2022-03-09 03:00:29,Lord Hammam,è¿™ç®—ä¸ç®—ä¸€ç§orientalismäº†,3,è¿˜è¡Œ,0,0.6607382036716706
2022-04-18 05:06:56,amieæˆ‘ä¹è‹¦å¤š,å¾ˆéš¾ç»™Akermanæ‰“åˆ† å°¤å…¶æ˜¯åœ¨metrographçš„ç¡¬æ¤…å­ä¸Šç¬¬äºŒæŽ’å…¨ç¨‹æžä¸èˆ’æœçš„çœ‹å®Œäº†è¿™éƒ¨ çŽ°åœ¨å¤´ç–¼ çºªå½•ç‰‡çš„æœ€çº¯ç²¹çš„å½¢å¼å°±æ˜¯ã€è®°å½•ã€‘undifferentiated indifferent åœ¨å½“æ—¶æ„è¯†å½¢æ€å¤§æˆ˜çš„èƒŒæ™¯ä¸‹ä¹Ÿè®¸æ°å¥½æ˜¯æœ€é€‚åˆçš„å‘ˆçŽ°æ–¹å¼ Akermançš„è®°å½•å¯¹è§‚ä¼—è¦æ±‚å¾ˆé«˜ å½±åƒè¿·äººä½†å¿…é¡»è¦æ±‚è§‚ä¼—å…¨èº«å¿ƒæŠ•å…¥çš„çœ‹ ä¸åœçš„æ‰¾è‡ªå·±åˆ°åº•è¯¥çœ‹ä»€ä¹ˆ,4,æŽ¨è,0,0.9999992375716976
2022-04-18 08:38:27,æ —æ —å®‰,è¿™ç§intentionæœ€å°åŒ–çš„å½±åƒä¼¼ä¹Žä¹Ÿå‰Šå¼±äº†åª’ä»‹çš„é­…åŠ›,3,è¿˜è¡Œ,0,0.932940220290584
2022-04-20 17:31:54,è¿·å®«ä¸­çš„ç«™èµ·æ¥,+,5,åŠ›è,1,0.5262327818078083
2022-05-05 07:52:33,valen,å¾ˆæœ‰è€å¿ƒçš„çœ¼ï¼Œæ¨ªè·¨æ˜¥å¤ç§‹å†¬çš„ä¸œæ¬§ï¼Œæ—¶é—´æµæ·Œçš„æ¨¡æ ·å®žåœ¨æ˜¯å¤ªç¾Žä¸½äº†ã€‚,3,è¿˜è¡Œ,0,0.9941065387355184
2022-05-12 12:25:58,æŒäººçš„æ‘„å½±æœº,8.5/10ã€‚â‘ æ•æ‰ä¸œæ¬§å‰ç¤¾ä¼šä¸»ä¹‰å›½å®¶é¢œé©åŽäººæ°‘ç¾¤ä¼—çš„å„ç§ç”Ÿæ´»ã€‚å½±ç‰‡ä¸“æ³¨äºŽç”Ÿæ´»æœ¬èº«è€Œä¸æ˜¯æ„è¯†å½¢æ€å¯¹æ¯”ã€‚â‘¡ã€Œä¸å¸¦ä¸»è§‚è‰²å½©çš„å®¢è§‚è§‚å¯Ÿã€çš„æ„Ÿè§‰çš„è¥é€ ï¼šé›¶ç”»å¤–é…ä¹ï¼›æžå°‘ç‰¹å†™ï¼›å…¨éƒ¨ç”±å›ºå®šé•¿é•œå¤´æˆ–èŠ‚å¥åŸºæœ¬æ’å®šçš„ä¸æ»‘ç§»åŠ¨ï¼ˆåŸºæœ¬æ˜¯å¹³ç§»ï¼‰é•¿é•œå¤´ç»„æˆã€‚â‘¢è¯—æ„çš„è¥é€ ï¼šæœ´ç´ çš„å½±åƒè´¨æ„Ÿ+ç¾Žè‹¥æ²¹ç”»çš„æ‘„å½±ï¼›èˆ’é€‚çš„éŸ³å“ã€‚â‘£å½±ç‰‡æ•æ‰çš„ç”Ÿæ´»ç»†èŠ‚å¤ªçç¢Žå¤ªæ•£ï¼Œä¸æž„æˆè¿žè´¯æ•´ä½“çš„è¡¨è¾¾ï¼Œæ‰£1.5ã€‚,5,åŠ›è,0,0.9999999999941525
2022-05-20 03:26:40,K-SchoLoss,æ¬£èµä¸æ¥ï¼Œè¿œè§‚å¦‚ä½•åˆ¶é€ è¢«è§‚å¯Ÿåœ°çš„å¹½çµï¼Ÿç”»é¢æ˜¯ä¸é”™,3,è¿˜è¡Œ,0,0.9972835193857376
2022-05-24 10:10:51,éš¾åˆ«ç®±èˆŸ,è¿·äººè€Œçº¯ç²¹ï¼Œæ¨ªå‘çºµå‘å®šæ ¼é•œå¤´ï¼Œè·ŸéšæµåŠ¨çš„å½±åƒåœ¨åŸŽå¸‚çš„é»‘å¤œæ¼«æ¸¸ï¼Œä¸€å¼ å¼ é™Œç”Ÿçš„é¢å­”ä»Žçœ¼å‰åˆ’è¿‡ï¼Œçœ‹äº†åå¤šåˆ†é’Ÿå·²ç„¶äº”æ˜Ÿ,5,åŠ›è,0,0.9999935954180508
2022-05-27 19:24:26,æµ·æ³Šæ²³æ½œè‰‡,åŠ¨æ€çš„ç”»,3,è¿˜è¡Œ,0,0.5914266107374249
2022-06-15 00:23:09,Forgot Limited,ä¸Žå…¶è¯´æ˜¯ç”µå½± / ä¸å¦‚è¯´æ˜¯å›žå¿†,4,æŽ¨è,0,0.90328160610211
2022-06-20 14:01:35,äºŒæœˆåˆ°ä¸‰æœˆ,4.5ï¼›æ²‰é»˜è€Œå†·é…·ï¼›å’Œã€Šè’™ç‰¹åˆ©æ—…é¦†ã€‹æ¯”å¤šäº†ä¸€äº›äººç‰©ï¼Œå’Œã€Šå®¶ä¹¡çš„æ¶ˆæ¯ã€‹æ¯”åˆå°‘äº†äº›è®¸æ¸©æƒ…ã€‚,4,æŽ¨è,0,0.9534202255211828
2022-06-27 17:14:38,æ¼©æ¶¡ä¹‹å¤–,æ‘„å½±æœºçœ¼ç›ä¸œæ¬§å·¡ç¤¼ï¼ŒåŽŸæ ·å‘ˆçŽ°ç”Ÿæ´»æœ¬èº«ã€‚åªæ˜¯å¯»æ‰¾è§’åº¦ã€æ¡†é€‰æž„å›¾ã€æž„å»ºç©ºé—´ã€‚,3,è¿˜è¡Œ,1,0.99825881298511
2022-07-31 14:58:18,é˜¿æˆ,æœ‰äº›ç­å®ç”µå½±æˆ–è€…é˜¿å·´æ–¯ç”µå½±çš„ç‰¹å¾ï¼Œä½†å†…å®¹å´å®Œå…¨ä¸åŒï¼Œç­å®ç”µå½±ä¼šä¸çŸ¥ä¸è§‰çš„æ²‰æµ¸åœ¨æ—¶é—´ä¸­ï¼Œé˜¿å·´æ–¯åˆ™æ˜¯ä¼šçå¤§çœ¼ç›è§‚çœ‹æ¯ä¸€ä¸ªè§’è½ã€‚é˜¿å…‹æ›¼ç¥žå¥‡çš„åœ°æ–¹æ— éžå°±æ˜¯ä¸¤ç§é•œå¤´çš„äº¤æ›¿ï¼Œå›ºå®šæœºä½é•¿é•œå¤´ä¼šè®©äººæµ‘èº«ä¸è‡ªåœ¨ï¼Œå°±åƒè®©å¨œè¿ªå°”æ›¼ä¸­æ—¶é—´çš„å»¶æ»žï¼›è€Œç®€å•ç¼“æ…¢çš„æ¨ªç§»å›Šæ‹¬äº†æ›´å¤šçš„äººç‰©ï¼Œå³ä½¿è¢«å†’çŠ¯ï¼ˆç›®å…‰çš„äº¤æŽ¥ä¸Žä¸å¾—ä¸è½¬èº«çš„å§¿æ€ï¼‰ï¼Œä¹Ÿéšæ‘„åƒæœºçš„ç¦»å¼€è€Œé©¶å‡ºè§†çº¿ï¼Œäººä»¬æ— æ³•ä¸åŽ»æ³¨è§†ç€é•œå¤´ï¼Œè€Œä¸­åŽæ®µå¯’å†·åˆºéª¨çš„çŽ¯å¢ƒä¸Žå¶å°”å‡ºçŽ°çš„éŸ³ä¹åƒæ˜¯åœ¨å®¡è§†ä¸Žè¯„åˆ¤ï¼Œçºªå½•ç‰‡è¯­è¨€çš„å¿ å®žè·µè¡Œè€…ã€‚,4,æŽ¨è,2,0.9999999999999992
2022-08-03 21:28:52,å¤šæ¬¡å…ƒå’¸é±¼,å›ºå®šï¼‹æ¨ªç§»ï¼‹åŒæœŸå£°ï¼Œç®€çº¦çš„çŽ°ä»£åŸŽå¸‚è§†ç‚¹ã€‚å¤§é“è‡³ç®€,4,æŽ¨è,1,0.2093216982404081
2022-09-24 22:14:12,åˆ¹é‚£ã€‚,æˆ‘è€å®¶93å¹´ä¹Ÿå°±è¿™ä¸ªæ ·å­ é™¤äº†æœ€åŽçš„å¤§æç´ç‹¬å¥,3,è¿˜è¡Œ,0,0.7979168169468639
2022-09-24 22:14:12,åˆ¹é‚£ã€‚,æˆ‘è€å®¶93å¹´ä¹Ÿå°±è¿™ä¸ªæ ·å­ é™¤äº†æœ€åŽçš„å¤§æç´ç‹¬å¥,3,è¿˜è¡Œ,0,0.7979168169468639
2022-12-12 14:22:45,ä¹¦ç¿Ž,230304  å¤©å±±ç”µå½±é™¢  é‡çœ‹,4,æŽ¨è,0,0.3255631621374238
2023-01-04 23:13:32,ANTHONYWONG,7.5  æœ€æŽ¥è¿‘ã€Žæ²¹ç”»ã€çš„é˜¿å…‹æ›¼ï¼šè‚ƒé™åœ°è¾¨è®¤é™æ»žæˆ–æ»‘åŠ¨çš„è¢«æ‘„ä½“ï¼Œæ–‡æœ¬æœå‘æ— é™ç§æ„ä¹‰ç”Ÿé•¿ã€‚,4,æŽ¨è,0,0.99999999172694
2023-01-08 13:14:12,ä¸€æ¡¶çŒ«,110mins,3,è¿˜è¡Œ,0,0.5
2023-02-01 19:03:03,ç¦»äºŽ,ä¼ªC,3,è¿˜è¡Œ,0,0.1664327406133641
2023-02-25 23:03:09,Luka,å¾ˆå–œæ¬¢é‚£ä¸ªé•¿é•œå¤´,3,è¿˜è¡Œ,0,0.8245669203543635
2023-03-04 19:53:45,æž—æ–‡,ä¸€ä¸ªæ¥è‡ªæ¯”åˆ©æ—¶ä¸çˆ±è¯´è¯çš„æ—…æ¸¸åšä¸»çš„éšæ‰‹æ‹ã€‚æˆ‘èŠ±ä¸¤ä¸ªå°æ—¶åœ¨å¨„å±±å…³çœ‹è¿™çŽ©æ„å„¿çœŸä¸å¦‚åœ¨äººæ°‘å¹¿åœºçœ‹ä¸¤ä¸ªå°æ—¶ç›¸äº²å¤§å¦ˆæˆ–è€…åœ¨å®¶é‡Œçœ‹ä¸¤ä¸ªå°æ—¶çš„åŠ¨ç‰©ä¸–ç•Œã€‚è¿™çŽ©æ„å„¿ä¸Žå…¶è¢«ç§°ä¸ºç”µå½±ï¼Œè¢«ç§°ä¸ºç¤¾ä¼šå­¦å½±åƒèµ„æ–™æ›´è´´åˆ‡å§ï¼Ÿå…¨ç‰‡çš„äº®ç‚¹åŸºæœ¬éƒ½æ˜¯è¢«æ‘„å¯¹è±¡ä¸Žæ‘„å½±æœºçš„äº’åŠ¨åˆ›é€ çš„ã€‚ä¼°è®¡å’Œè´¾æ›¼çš„ã€Šè“ã€‹ä¸€èµ·æ˜¯æˆ‘æœ€ä¸èƒ½ç†è§£çš„â€œç”µå½±â€äº†ã€‚çŽ¯é¡¾å››å‘¨ï¼Œç¡å€’äº†æœ‰ä¸‰åˆ†ä¹‹äºŒï¼Ÿå¥‰åŠå„ä½æœ‹å‹ï¼Œå¦‚æžœçœ‹ä¸æ‡‚å°±è¯´è‡ªå·±çœ‹ä¸æ‡‚ï¼Œå¦‚æžœæƒ³ç¡è§‰å°±å›žå®¶ç¡ã€‚å€Ÿç”¨æŸ¯ä»¥æ•çš„ä¸€å¥è¯ï¼šä½ å¾ˆç‰›å—ï¼æ”¾ä¸‹ä½ çš„èº«æ®µï¼åˆ«åœ¨è¿™è£…äº†ï¼Œç¾Žçœ‰ï¼,5,åŠ›è,1,0.999989603614869
2023-03-04 20:30:39,é¥¿éœ¸åœ°ç…®,è´«ç©·ã€å¯’å†·ã€å‡‹æ•ã€èŽé¡ã€ç”Ÿæ— å¯æ‹çš„ä¿„ç½—æ–¯ã€‚æ¨ªç§»é•¿é•œåŠ ä¸Šæµè¡Œæ­Œæ›²çŽ¯å¢ƒå£°å°±æ˜¯è´¾æ¨ŸæŸ¯äº†ã€‚æ‹ç¬¬ä¸‰ä¸–ç•Œå›½å®¶ï¼Œæœ€æœ‰è¶£çš„æ˜¯æ‹æŽ’é˜Ÿç­‰å…¬äº¤ï¼Œä¸åŒçš„äººå°å®˜å‘˜ã€å•†äººã€å¹³æ°‘ã€è€äººã€å¦‡å¥³ã€å„¿ç«¥ï¼Œä¸€èµ·ä¼¸é•¿è„‘è¢‹ï¼Œç›®å…‰ä¸€è‡´ï¼Œå¾ˆèƒ½è¡¨çŽ°åŒä¸€æ€§é‡Œçš„ç‰¹æ®Šæ€§å’Œç‰¹æ®Šæ€§é‡Œçš„åŒä¸€æ€§ã€‚ç¾Žåˆ©åšé‚£ç§ç¬¬ä¸€ä¸–ç•Œå°±ä¸åŒäº†ï¼Œå¥½èŽ±åžå–œæ¬¢æ‹å°é›‡å‘˜èµ¶åœ°é“æˆ–è€…è¿½åœ¨çš„å£«åŽé¢ï¼Œæœ‰ç§è‡ªç”±è‡ªç„¶æ˜¯è‡ªç”±çš„ï¼Œä½†ä½ è¦æŠ“ä½æ‰é…ç¾Žå›½æ¢¦çš„åç¬‘ã€‚,3,è¿˜è¡Œ,0,0.9999999997468568
2023-03-04 20:31:46,å¤Ÿè¯ºæ³°å§†çªéœ²æ€,æ•£åœºæ°¸è¿œç²¾å½©,3,è¿˜è¡Œ,5,0.803958564202632
2023-03-04 20:32:35,è¿èŒ¶èˆ¹,å¤©å±±ç”µå½±é™¢ï¼Œé˜¿å…‹æ›¼çš„æš—æ½®åœ†èˆžæ›²ã€‚æ¯”ä¸Šä¸€åœºã€Šå®¶ä¹¡çš„æ¶ˆæ¯ã€‹å¥½å¤šäº†ã€‚avec Mathieu ï¼ƒ103,4,æŽ¨è,0,0.7265933085487386
2023-03-04 20:33:28,ww,å’Œã€Šå®¶ä¹¡çš„æ¶ˆæ¯ã€‹è¿žçœ‹ï¼Œèƒ½çœ‹åˆ°èŠ‚å¥å’Œå¿ƒå¢ƒçš„å˜åŒ–ï¼ŒæŸç§è§’åº¦ä¸Šè®²æ›´å®¹æ˜“å…¥å£äº†ã€‚çœ‹ä¼¼å†·é™ã€ç½®èº«äº‹å¤–çš„é•œå¤´ï¼Œå…¶å®žå¾ˆåˆ»æ„ä¸”è‡ªä»¥ä¸ºæ˜¯ã€‚ç›¸æ¯”ä¹‹ä¸‹ï¼Œã€Šå®¶ä¹¡çš„æ¶ˆæ¯ã€‹è¦çœŸè¯šçš„å¤šï¼Œä¹Ÿæ›´æœ‰ä½™å‘³ã€‚,3,è¿˜è¡Œ,0,0.9999999928120114
2023-03-04 20:33:38,é£Ž,"æ³¢ç½—çš„æµ·è´¾æ¨ŸæŸ¯
å¤©å±±çš„ç©ºè°ƒå¼€å¾—æ¯”ä¸œæ¬§çš„å†°å¤©é›ªåœ°è¿˜å†·",4,æŽ¨è,1,0.7087294109196862
2023-03-04 20:33:39,NeonBible,"2023032 å¤©å±±ã€‚å›ºå®šé•¿é•œå¤´ï¼Œæ—‹è½¬é•¿é•œå¤´ï¼Œå¹³ç§»é•¿é•œå¤´ï¼Œå…³é”®è¯ä¸œæ¬§ï¼ŒBam! Youâ€™ve made a film. Btw, itâ€™s experimental.",2,è¾ƒå·®,0,0.9354555934119088
2023-03-04 20:34:12,Kaworu,æ—©æœŸæˆ·å¤–ç›´æ’­ ä¸»æ‰“ä¸€ä¸ªçœŸå®ž,4,æŽ¨è,0,0.4320360936863594
2023-03-04 20:34:19,è—ç€ä¸ç­‰äºŽé—å¿˜,7/10. åœ¨é•œå¤´çš„å¹³ç§»ä¸­ï¼Œåœ¨çªç„¶çš„è½¬æ¢ä¸­ï¼Œæ˜¯åªæ­¤ä¸€æ¬¡çš„ç›¸é‡ã€‚,4,æŽ¨è,0,0.8949403448559808
2023-03-04 20:35:33,å¸æ›¾,æ²¡æƒ³åˆ°è‹¥å¹²å¹´åŽé‡çœ‹å±…ç„¶æ˜¯è¿™éƒ¨æœ€ä»¤æˆ‘å±è‚¡ç€ç«å¦‚åé’ˆæ¯¡ã€‚æš´è®ºï¼š1.æƒ³æŠŠç»„é‡Œä¸ç®¡æ˜¯ç¨³å®šå™¨è¿˜æ˜¯æ»‘è½®è¿˜æ˜¯è½¨ä¹‹ç±»çš„çŽ©æ„å„¿æ²¡æ”¶äº†ï¼›2.å¥¹è¦æ˜¯ä¸å¯¹æ­Œèˆžç‰‡æ„Ÿå…´è¶£å°±å¥½äº†ï¼ˆæ¯”å¦‚çœŸçš„ä¸èƒ½æŽ¥å—ç•™å£°æœºå£°å¿½å¤§å¿½å°+ç–‘ä¼¼æ‹ŸéŸ³ï¼‰ã€‚,4,æŽ¨è,0,0.0001422294120924
2023-03-04 20:35:38,Bienvenu,å°±åƒæ˜¯ä¸€åœºæ¢¦ï¼Œé†’æ¥ä»¥åŽè¿˜æ˜¯å¾ˆæ„ŸåŠ¨ã€‚,4,æŽ¨è,1,0.992838065474654
2023-03-04 20:38:16,ç®¡ä»–å†¬å¤ä¸Žæ˜¥ç§‹,"ä»Šæ—¥ä¸ªäººæœ€å–œæ¬¢çš„ä¸€éƒ¨ï¼Œéžå¸¸å–œæ¬¢ã€‚åº”è¯¥æ˜¯ç¬¬ä¸€æ¬¡çœ‹ä¸€éƒ¨å½±ç‰‡æ¯”èµ·å¯¼æ¼”æƒ³è¯´å¾—è€Œæ˜¯è®©æˆ‘è‡ªå·±æœ‰å®£æ³„çš„æƒ…ç»ªã€‚æ¯”èµ·å‰ä¸¤éƒ¨ï¼ŒåŒ—æ–¹äººçœŸçš„ä¸€äº›æ–‡åŒ–å’Œæœé¥°éƒ½æ˜¯ä¸€æ ·ï¼Œè™½ç„¶æ˜¯ä¸åŒç§æ—çš„äººï¼Œä½†ç¥žæƒ…éƒ½æ˜¯ä¸€æ ·çš„ï¼Œä¸€ç§å¾ˆå¥‡å¦™çš„ç†Ÿæ‚‰ï¼Œæ‹‰è¿‘äº†å’Œå½±ç‰‡çš„è·ç¦»ï¼ŒåŽŸæ¥åŒ—æ–¹ä¹Ÿå¯ä»¥è¿™ä¹ˆç¾Žï¼ˆä¸»è¦å› ä¸ºé›ª
è¿žã€Šå®¶ä¹¡çš„æ¶ˆæ¯ã€‹ä¸€èµ·çœ‹çš„è§‚å½±åŽé—ç—‡æ˜¯å›žå®¶è·¯ä¸Šåœ°é“ä¸å¥½å¥½åšï¼Œè½¦ä¸å¥½å¥½éª‘ï¼Œå–œæ¬¢ç›¯ç€è·¯äººçœ‹ï¼Œå®¹æ˜“æ’žæ ‘ä¸Š",4,æŽ¨è,1,0.999999999999716
2023-03-04 20:38:53,Los,ï¼ˆåˆ è¯„åˆ†ï¼‰åˆåˆ°äº†å®¡ç¾Žé¸¿æ²Ÿä¹‹æˆ‘ä¸æ¯«ä¸è§‰å¾—è¿™æ˜¯è´«ç©·å¯’å†·é¢“åºŸèŽé¡ å› ä¸ºæ„Ÿè§‰å›žå®¶äº†/è¿™å°±æ˜¯æˆ‘18-19å¹´çš„ç²¾ç¥žçŠ¶æ€ æ„Ÿè°¢æ‹å‡ºæ¥ å®¹æ˜“æ­»å°±æ˜¯ï¼ˆæ„è¯†åˆ°æœ‰äº›äº‹æƒ…ä¸å¯èƒ½åšåˆ° æ˜¯æ­¤ç§åˆ›ä½œå†²åŠ¨çš„å†…æ ¸ï¼‰/ï¼ˆåœ¨ç«è½¦ç«™å’Œæ±½è½¦ç«™ å°†è¯è¯­æƒå®Œå…¨äº¤ç»™æ‘„å½±æœº å¯¹æ‘„å½±æœºçœŸçš„å¾ˆä¿¡ä»» å…¶å®žè·Ÿç«è½¦ç«™çž„å‡†ä¸€ä¸ªäººç”»é€Ÿå†™ä¹Ÿåˆ«æ— äºŒè‡´ï¼‰é•¿é•¿çš„é˜Ÿä¼æˆ‘ä»¬æ­£ç€æŽ’ æ­£ç€æŽ’ æ­£ç€æŽ’å®Œåç€æŽ’ åç€æŽ’/æ— å£°æƒ³è¦å–Š åäºŒæ¥¼æƒ³è¦è·³ æ— å¯¹ç™½æƒ³è¦ç¼– çœ‹å†œæ´»æƒ³è¦äº²è‡ªå¼„è„æ‰‹ ç›´åˆ°å¯’å†·æ‰èƒ½ç¨³å®šä¸‹æ¥,4,æŽ¨è,0,0.9999347054507906
2023-03-04 20:40:48,bath time,ä¸€ä¸ªå¥³äººåœ¨æˆ¿é—´é‡Œåˆ‡ç«è…¿ï¼Œå¹¶æŠŠå®ƒå¡žåœ¨é¦’å¤´ç‰‡é‡Œã€‚/ æ‰€æœ‰çš„åœºæ™¯å¯åˆ†ä¸ºä¸¤ç§ï¼Œä¸€ç§æ˜¯ä¸€ä¸ªäººåœ¨è‡ªå·±çš„å é¢†åœ°åšç€å®¶å¸¸çš„äº‹ï¼Œä¸€ç§æ˜¯åœ¨ç­‰å¾…çš„ç©ºé—´ï¼ˆé—¨å£ã€è½¦ç«™ã€éœ²å°â€¦ï¼‰æ¯ä¸ªäººéƒ½åœ¨æ¡èµ·è‡ªå·±çš„ç”Ÿæ´»ï¼Œä½†æ„Ÿè§‰å¤„å¤„éƒ½æ‹¼ä¸æˆå®Œæ•´çš„ç‰‡æ®µã€‚/ å¤§æç´çš„æ¼”å¥ã€é¤åŽ…çš„è¿ªæ–¯ç§‘åœ¨ç©ºé—´ä¸­æµæ·Œï¼Œå´å¦‚æ­¤çŸ­æš‚æ‚²ä¼¤ã€‚,5,åŠ›è,0,0.999999987436757
2023-03-04 20:40:54,Xx,å¤ªå¥½çœ‹äº†å¤ªå¥½çœ‹äº†literallyä¹Ÿå¥½çœ‹å››ä¸ªå¥³äººçš„åœºæ™¯ï¼Œä¸€æ®µstreetscenesï¼Œä¸€æ®µé•¿å·full-length group portraitï¼Œä¸¤æ®µ1/3length portraitï¼ˆâ€¦ï¼‰å¥½æƒ³ä¸€ä¸ªäººåœ¨ç”µå½±é™¢é»˜é»˜æ”¾è¿™éƒ¨çœ‹////////å¥½æƒ³ä¹Ÿè¿™æ ·æ‹ä¸œè¥¿ï¼Œå–œæ¬¢å…¨éƒ¨å°æœ‹å‹çš„éƒ¨åˆ†ã€‚chantalæ‹çš„æ—¶å€™ä¸€å®šå¾ˆå¼€å¿ƒï¼ˆèµ„æ–™é¦†äºŒåˆ·ï¼Œæ„Ÿå—è·Ÿä¸Šæ¬¡å®Œå…¨ä¸ä¸€æ ·ï¼Œä½†è¿˜æ˜¯å–œæ¬¢æ­»äº†å–œæ¬¢æ­»äº†ï¼Œçˆ±æ¯ä¸€ç§’,5,åŠ›è,2,0.9984522981271626
2023-03-04 20:42:00,Kanki,å¯ç»“åˆã€Šå›žè®¿åŽ†å²ï¼šæ–°ä¸œæ¬§ä¹‹æ—…ã€‹ä¸€èµ·çœ‹ã€‚,3,è¿˜è¡Œ,0,0.8648162351538875
2023-03-04 20:42:00,Kanki,å¯ç»“åˆã€Šå›žè®¿åŽ†å²ï¼šæ–°ä¸œæ¬§ä¹‹æ—…ã€‹ä¸€èµ·çœ‹ã€‚,3,è¿˜è¡Œ,0,0.8648162351538875
2023-03-04 20:43:37,æž—å±¿æ£®çš„è‚æ›¦å…‰,åŽæ‚”è·Ÿé£Ž,4,æŽ¨è,1,0.1200074577322557
2023-03-04 20:43:41,Lilyè·Ÿä½åŽ»è¾¹åº¦,å­˜åœ¨æ„Ÿå¾ˆé«˜çš„æ‘„åƒå¤´ï¼Œæ€»æ˜¯åœ¨ç­‰å¾…çš„äººç¾¤ï¼Œè‰²å½©é¥±å’Œåº¦è¾ƒé«˜çš„å®¤å†…ï¼Œå¤§æç´ç‹¬å¥ã€‚,5,åŠ›è,1,0.9659056379531136
2023-03-04 20:43:51,citizenships,ç›¸æ¯”ã€Œå®¶ä¹¡çš„æ¶ˆæ¯ã€å½»åº•æ”¾å¼ƒä»»ä½•æ˜Žé¢ä¸Šçš„æ•…äº‹æ€§å’Œå°è¯ï¼Œçœ‹èµ·æ¥æ›´æœ‰è¶£ã€‚ä»Žæ˜æ˜æ¬²ç¡åˆ°æœ‰äº›ä¸Šç˜¾çœŸå®žç¥žå¥‡çš„ä½“éªŒï¼Œäººç±»ä½œä¸ºä¸€ç§è¢«è§‚èµå¯¹è±¡è¿˜æŒºæœ‰è¶£ä¸°å¯Œçš„ã€‚,4,æŽ¨è,0,0.9999999989109885
2023-03-04 20:45:26,åˆ†åˆ†,å¤ªå¤šæ— å£°æ…¢é•œå¤´æ‰«è§†è¡—è¾¹ä¼«ç«‹ç€çš„ã€éº»æœ¨çš„ã€ä¸Žé•œå¤´å¯¹è§†çš„äººç¾¤äº†ï¼Œå¾ˆå¼ºçƒˆçš„orientalismæ„å‘³ï¼Œè®©äººè¶Šçœ‹åˆ°åŽé¢è¶Šæ„Ÿè§‰ç”Ÿç†ä¸é€‚..,5,åŠ›è,1,0.95752477122767
2023-03-04 20:45:39,å²šå·è‹ç©¹,è’™å¾·é‡Œå®‰é£Žæ ¼åŸŽå¸‚ç¼“é€Ÿå†™ç”Ÿã€‚,1,å¾ˆå·®,4,0.8041152393238863
2023-03-04 20:45:52,æ­»äº¡é£Ÿç¤¾,å‡ºç¦»çœŸå®žåœ°çª¥è§äº†ä»–äººçš„ç”Ÿæ´»ï¼Œè§‚ä¼—ç›®ç¹â€œæ¼”å‘˜â€ä¸Žå¯¼æ¼”è·¨è¶Šæ— æ•°æ—¶ç©ºçš„å¯¹è§†ï¼Œè‡ªå·±ä¹Ÿé€æ¸å˜æˆè¿™å¯¹è§†ä¸­çš„ä¸€éƒ¨åˆ†ã€‚æ— å¯¹ç™½å®žéªŒç”µå½±åˆå°è¯•,4,æŽ¨è,1,0.9999993749940592
2023-03-04 20:49:12,èˆ¹ç»­å‰è¡Œ,ä¸œæ¬§çš„è®°å½•ï¼Œé•¿é•œå¤´å›ºå®šé•œå¤´äº¤ç»‡ï¼Œç¡®å®žæ˜¯ã€Šè’™ç‰¹åˆ©æ—…é¦†ã€‹è·Ÿã€Šå®¶ä¹¡çš„æ¶ˆæ¯ã€‹ç»„åˆç‰ˆï¼Œç¼ºå°‘æ—ç™½åŽè¿›å…¥éš¾åº¦å¤§å¹…å¢žåŠ ã€‚ä¸æ–­è¢«æ³¨è§†çš„å¹³ç§»ï¼Œä¸æ–­çš„èµ°ç¥žï¼ŒæƒŠè®¶è‡ªå·±å¤šä¹…æ²¡æœ‰è¿™ç§è§†è§’è§‚å¯Ÿè¿‡çŽ°å®žç”Ÿæ´»ã€‚#é˜¿å…‹æ›¼å›žé¡¾å±•@å¤©å±±ç”µå½±é™¢,3,è¿˜è¡Œ,5,0.998990635634915
2023-03-04 20:50:28,F,"ã€é¦™ç‰¹å°”é˜¿å…‹æ›¼ä½œå“å›žé¡¾å±•|å¤©å±±ç”µå½±é™¢ã€‘
æ— ç©·æ— å°½çš„å¹³ç§»é•œå¤´æ¯”æ— ç©·æ— å°½çš„å›ºå®šé•œå¤´è¿˜è®©æˆ‘ç—›è‹¦ï¼Œæˆ‘çœŸæƒ…å®žæ„Ÿåœ°è§‰å¾—è¿™éƒ¨ç”µå½±è¿˜æ˜¯éœ€è¦é€‚å½“åœ°é…ä¸€ç‚¹å­—å¹•çš„ã€‚æˆ‘éžå¸¸æƒ³çŸ¥é“æŽ’é˜Ÿçš„å¤§å¦ˆå¯¹ç€é•œå¤´è¯´äº†å•¥ã€‚
æ˜ åŽæ²¡æœ‰é¼“æŽŒï¼Œæ¯•ç«Ÿè¿™éƒ¨ä½œå“æˆ‘getä¸æ¥ï¼Œä½†éšç€æ¥¼ä¸‹å› ä¸ºçœ‹æ‰‹æœºé—®é¢˜äº‰æ‰§èµ·æ¥ï¼Œåæˆ‘æ—è¾¹çŽ©äº†ä¸€æ•´åœºæ‰‹æœºçš„å¥³å­©å­è·Ÿç”·æœ‹å‹è¯´â€œå¦‚æžœæœ‰äººæ•¢éª‚æˆ‘çŽ©æ‰‹æœºï¼Œæˆ‘å°±å«ä¸Šå½±é™¢ç»ç†ä¸€èµ·åµã€‚â€
è¿™ä½å§‘å¨˜ï¼Œæˆ‘å¤ªæ€‚äº†ï¼Œæˆ‘ä¸ºä»€ä¹ˆæ²¡æœ‰éª‚ä½ ä¸€é¡¿ã€‚
No.695",4,æŽ¨è,14,0.999998185442892
2023-03-04 20:56:05,NoirSky,3.6ã€‚2023.03.04ï¼Œå¤©å±±ç”µå½±é™¢5æŽ’25ã€‚è¯¸å¤šç­‰å€™ä¸­çš„äººç‰©ç¾¤åƒï¼Œååº”å„ä¸€ï¼›å‡ æ®µéŸ³ä¹ä¸­ï¼Œæœ‰ç¤ºå¥½è¢«æ— è§†çš„ï¼Œæœ‰èˆžè¹ˆä¸­çš„äººä»¬ï¼Œæœ€åŽä¸€æ®µçš„å¤§æç´ï¼Œå¥½å¥‡æ˜¯å“ªä½æç´æ‰‹ï¼›åœ¨é›ªåœ°ä¸ŠçŽ©æ»‘æ»‘æ¢¯çš„å­©å­ä»¬ï¼›å¤œæ™šçš„ç¯å…‰æ˜¾å¾—å¾ˆæ˜¯é»¯æ·¡ï¼›å‡ æ®µå®¶åº­ä¸­çš„ç‰‡æ®µï¼Œå–œæ¬¢æ—è¾¹æœ‰å¼¹é’¢ç´ï¼Œç”·å­©ååœ¨æ²™å‘ä¸Šçœ‹ç€ç”µè§†ï¼ŒçŽ©ç€çŽ©å…·çš„ä¸€æ®µã€‚ä¹Ÿè®¸æ˜¯å› ä¸ºå®žéªŒï¼Œå¦‚æžœå¤šäº›æ–‡å­—ç±»çš„è¯´æ˜Žï¼Œå¯èƒ½æœ‰åŠ©äºŽå¯¹æŸäº›åœºæ™¯çš„ç†è§£ã€‚,4,æŽ¨è,5,0.9999999999732472
2023-03-04 20:57:11,monphy,å¥¹è®©ç”»æµåŠ¨äº†èµ·æ¥ã€‚ä¸€å¼€å§‹è¿˜è§‰å¾—æœ‰ç‚¹æ··æ‚æ— è¶£ï¼Œç›´åˆ°ä¸­é—´çš„ä¸¤æ®µäººç‰©ç¾¤åƒé•¿é•œç›´æŽ¥æŠŠæˆ‘éœ‡æ’¼ä¸Žå¾æœã€‚ã€‚å¤ªç»ã€‚æˆ–æ³›ç€é’ç»¿æˆ–æœ¦èƒ§çš„å…‰æ™•å¤ªè¿·äººã€‚å¥¹æ˜¯æ€Žä¹ˆåšåˆ°è®©æ¯ä¸€å¸§éƒ½å¦‚æ­¤å¦‚ç”»ï¼Œéš¾é“æ˜¯æˆ‘ä»¬çš„ç”Ÿæ´»æœ¬å°±è¿™ä¹ˆç¾Žå¥½â€¦ï¼Ÿç¾Žå“­æˆ‘äº†â€¦â€¦ï¼ˆè§‚æ„Ÿè¶…å¥½ï¼Œå”¯ä¸€ä¸è¶³çš„å°±æ˜¯åæˆ‘éš”å£çš„sbä¸€ç›´äº®æ‰‹æœºå±å‘•wcnm,2,è¾ƒå·®,1,0.9271588114630048
2023-03-04 20:58:40,Ariadine27,2023é¦™ç‰¹å°”Â·é˜¿å…‹æ›¼å›žé¡¾å±•02 ç»è¿‡äº†ç¿çƒ‚å’Œç…¦çš„å¤æ—¥ä¹¡æ‘ï¼Œæ¥åˆ°äº†è§ç´¢çš„åŸŽå¸‚éš†å†¬ã€‚æ˜é»„çš„ç¯å…‰ä¸‹ï¼Œæ‘„åƒæœºç¼“ç¼“æŽ è¿‡é›ªåœ°ä¸Šäººä»¬çš„è„¸ï¼Œç«Ÿæœ‰ä¸€ä¸åº„ä¸¥æ„Ÿã€‚ä»–ä»¬çš„çœ¼ç¥žæ—¶ä¸æ—¶ä¸Žé•œå¤´ç›¸äº¤ï¼Œä¸€æ—¶ç«Ÿåˆ†ä¸æ¸…ä»–ä»¬æ˜¯å½“ä¸‹çš„æ™®é€šäººï¼Œè¿˜æ˜¯æ—§æ—¥çš„å¹½çµã€‚PSï¼šçœŸçš„å¾ˆå¤šæ¬¡æƒ³åˆ°å®‰å“²ã€‚,4,æŽ¨è,1,0.9999795978282028
2023-03-04 21:00:00,Archive,è·Ÿç€é˜¿å…‹æ›¼çš„ä¸€åœºcitywalk  é™Œç”Ÿåˆå¥‡å¼‚ åƒæ˜¯åœ¨å–æ™¯å™¨çš„è¿™å¤´æ³¨è§†é•œå¤´æ•æ‰åˆ°çš„ä¸€åˆ‡ ç›®å…‰äº¤æ±‡çš„æ—¶åˆ»æœ€ç”ŸåŠ¨ ä¹Ÿæœ€ç”µå½±,4,æŽ¨è,2,0.9999842191479732
2023-03-04 21:00:42,705K,"åŠ›æ±‚å®¢è§‚çœŸå®žå‘ˆçŽ°è‹è”è§£ä½“å‰åŽç¤¾ä¼šç”Ÿæ´»åœºæ™¯çš„â€œçº¯ç²¹â€çºªå½•ç‰‡ï¼Œå›ºå®šæˆ–å¹³ç§»æœºä½é•¿é•œå¤´ä¸ºä¸»ï¼Œæ²¡æœ‰è§£è¯´è¯ä¹Ÿæ²¡æœ‰èƒŒæ™¯éŸ³ä¹ã€‚
â€¦â€¦
å¯èƒ½å¹¶ä¸é€‚åˆå­¦æœ¯ç ”ç©¶ç›®çš„ä»¥å¤–çš„äººå£«è§‚èµï¼ŒçœŸçš„å¾ˆä¹å‘³ã€‚",3,è¿˜è¡Œ,0,0.9999999986122056
2023-03-04 21:01:33,æ¬¢ä¹åˆ†è£‚,"#é‡çœ‹#é˜¿å…‹æ›¼è¿ç”¨ä¸‰ç»„å¯¹æ¯”è¯ é‡Šã€Œå†è§ï¼Œè¯­è¨€ã€ï¼š1ã€å¹³ç§»é•¿é•œå¦‚æ¼«é•¿çš„å›½ç•Œçº¿ï¼Œç”±è¿œåŠè¿‘çš„é•œå¤´å®¡è§†ç€æ¯ä¸€å¼ åˆ»ç€æµäº¡è¡¨æƒ…çš„è„¸ï¼ˆä»¿ä½›åœ¨ç¡®è®¤æŸç§å½’å±žï¼‰ï¼Œåƒè½åœ¨å‡¡é—´çš„å—éš¾è€…ï¼Œå›´ç»•åœ¨è½¦ç«™ä¸ºä¸­å¿ƒçš„è¿åŠ¨è½¨è¿¹æ˜­ç¤ºç€ä¸æ–­è¿å¾™çš„è¿‘åŽ†å²ï¼›å¾€çºµæ·±å¤„èµ°åŽ»çš„èƒŒå½±æ˜¯æ¶ˆå¤±åœ¨åŽ†å²æ·±å¤„çš„å†·æˆ˜åŽé—é£Žè²Œï¼Œè¡Œèµ°åœ¨è‹èŒ«å¤§åœ°ä½•ä¸ºçš„é™é»˜å‘¼å–Šã€‚
2ã€ä¹¡æ‘çš„é¸¡çŠ¬ç›¸é—»ï¼Œæ ‘æœ¨å‹¾ç”»å‡ºå¤©é™…çº¿ï¼Œæ‹¾åœŸè±†çš„äººï¼›åŸŽå¸‚çš„çŽ°ä»£æ–‡æ˜Žï¼Œæ³›ç€å€’å½±çš„é›¨å¤œè¡—é“ï¼Œè“è‰²å¤œå¹•ä¸­æ¥¼ç¾¤çš„ç¯æµ·ã€‚
3ã€å®¤å¤–æ— å°½çš„ã€ç¼“æ…¢è¿åŠ¨é•œå¤´ï¼Œæ˜¯ä¸œæ¬§çŠ¹å­˜çš„åŠ¨è¡ï¼Œæ˜¯åœ¨æ¼«æ¸¸ä¸­çš„å¯»æ‰¾ï¼›å®¤å†…ä¾æ—§ä»¥å›ºå®šæœºä½ä¸ºä¸»ï¼Œæ˜¯æ½œåŒ¿çš„æ—¥å¸¸ç§©åºå›žå½’ã€‚",2,è¾ƒå·®,5,1.0
2023-03-04 21:09:38,Jasmine,ç›¸æ¯”ã€Šå®¶ä¹¡çš„æ¶ˆæ¯ã€‹ï¼Œè¿™éƒ¨åœ¨å½±åƒä¸Šè¿›å…¥äº†åˆ«äººçš„å®¶åº­è§‚å¯Ÿäº†ä»–äººçš„ç”Ÿæ´»è¦æ›´ç§å¯†ä¸€ç‚¹ï¼Œä½†åœ¨æƒ…æ„Ÿä¸Šå´æ›´ç–ç¦»ï¼ˆä¹Ÿæ›´å¥½ç¡ï¼Œä¸æ˜¯ï¼‰é™Œç”Ÿçš„å›½åº¦é™Œç”Ÿçš„äººè¯´ç€é™Œç”Ÿçš„è¯­è¨€ï¼Œæœ‰è¶£çš„æ˜¯ä¸¤éƒ¨çœ‹å®Œå‘çŽ°åœ¨é¦™ç‰¹å°”å®Œå…¨å®¢è§‚å†·é™çš„é•œå¤´ä¸‹ï¼Œå¥³äººä»¬é¢å¯¹é•œå¤´ä¼šæ›´å¥½å¥‡æœ‰æ›´å¤šå–„æ„çš„å¾®ç¬‘ï¼Œç”·äººä»¬ä¼šæˆ’å¤‡ç”šè‡³confrontationalã€‚,3,è¿˜è¡Œ,0,0.9999999997172624
2023-03-04 21:09:38,Jasmine,ç›¸æ¯”ã€Šå®¶ä¹¡çš„æ¶ˆæ¯ã€‹ï¼Œè¿™éƒ¨åœ¨å½±åƒä¸Šè¿›å…¥äº†åˆ«äººçš„å®¶åº­è§‚å¯Ÿäº†ä»–äººçš„ç”Ÿæ´»è¦æ›´ç§å¯†ä¸€ç‚¹ï¼Œä½†åœ¨æƒ…æ„Ÿä¸Šå´æ›´ç–ç¦»ï¼ˆä¹Ÿæ›´å¥½ç¡ï¼Œä¸æ˜¯ï¼‰é™Œç”Ÿçš„å›½åº¦é™Œç”Ÿçš„äººè¯´ç€é™Œç”Ÿçš„è¯­è¨€ï¼Œæœ‰è¶£çš„æ˜¯ä¸¤éƒ¨çœ‹å®Œå‘çŽ°åœ¨é¦™ç‰¹å°”å®Œå…¨å®¢è§‚å†·é™çš„é•œå¤´ä¸‹ï¼Œå¥³äººä»¬é¢å¯¹é•œå¤´ä¼šæ›´å¥½å¥‡æœ‰æ›´å¤šå–„æ„çš„å¾®ç¬‘ï¼Œç”·äººä»¬ä¼šæˆ’å¤‡ç”šè‡³confrontationalã€‚,3,è¿˜è¡Œ,0,0.9999999997172624
2023-03-04 21:22:08,åŒæ™š,B+. å¹¶ä¸å®Œå…¨ç†è§£ç´ æé€‰æ‹©ä¸Žæ‹¼æŽ¥ä¸Šçš„é€»è¾‘ï¼Œä½†çš„ç¡®æ˜¯å…¼å…·ç¾Žå­¦å’Œç¤¾ä¼šå­¦ä»·å€¼çš„å½±åƒã€‚åœ¨æ¼«æ¸¸çš„è§†è§’ä¸­ï¼Œä¸œæ¬§ç©ºé—´çš„æ—·å»–ä¹Ÿæ— å£°åœ°èžåœ¨äº†æƒ…ç»ªçš„åŸºè°ƒä¸­ã€‚é˜¿å…‹æ›¼çˆ±ç”¨ç¼“æ…¢çš„æ¨ªç§»é•¿é•œè§‚å¯Ÿé™æ­¢çš„ä¸ªä½“ï¼Œè€Œå½“è„¸åºžè¢«äº¤ç»‡æˆé¢ï¼Œé™æ­¢ä¹Ÿå°±æˆäº†åŽ†å²ä¸­çš„é©»è¶³ä¸Žç­‰å¾…ã€‚ä¸ç”±å¾—æƒ³ï¼Œå¥¹çš„é•¿é•œå¤´å¦‚æžœæ”¾åœ¨ä»Šå¤©ï¼Œæ˜¯å¦ä¹Ÿèƒ½ç”¨æ¥æ‹é˜²ç–«æ—¶æœŸâ€œæ¥è‡ªä¸œæ–¹â€çš„æ ¸é…¸é˜Ÿä¼ï¼Ÿ2023.3.4 å¤©å±±,5,åŠ›è,7,0.9999999999999964
2023-03-04 21:30:21,SNH48-èŒƒçŽ‰æ¬£,"æ¼«é•¿çš„å†¬å¤œå’Œç°è’™çš„å¤©ã€‚æ²¡æœ‰å¯¹ç™½ï¼Œå°±ç‰¹åˆ«é€‚åˆè†å¬è‡ªå·±å†…å¿ƒçš„å£°éŸ³ã€‚æœ‰æ—¶å€™ä¼šåˆ†ä¸æ¸…ç©¶ç«Ÿæ˜¯æˆ‘åœ¨çª¥æŽ¢ï¼Œè¿˜æ˜¯è¢«å…¶ä¸­çš„äººå‡è§†ã€‚
ä¹Ÿä¼šæƒ³é—®è¿™ç®—ä¸ç®—ä¸€ç§ä¸œæ–¹ä¸»ä¹‰ã€‚
å¾ˆæ„å¤–è‡ªå·±ç«Ÿç„¶ä¸€ç‚¹ä¹Ÿæ²¡ç¡ï¼Œå¯èƒ½æ˜¯å‘¨å›´æ²¡ç´ è´¨çš„äººå¤ªå¤šäº†ã€‚ä¸ºäº†siffçš„è§‚å½±ä½“éªŒæˆ‘å°†ä»ŽçŽ°åœ¨å¼€å§‹æ”’åŠŸå¾·ã€‚",4,æŽ¨è,2,0.861025487304538
2023-03-04 21:32:54,Niki_ç™½é…±,3-4ï¼ŒæŠ›å´äº†å‰§æƒ…ï¼Œå®¤å¤–çš„å¹³ç§»é•¿é•œå¤´ï¼Œå®¤å†…çš„å›ºå®šæœºä½ï¼Œå‹¾å‹’å‡ºä¸€å‰¯ç¤¾ä¼šå›¾æ™¯ã€‚ä½œä¸ºè§‚ä¼—ï¼Œåœ¨å½±åƒä¹‹å¤–ä¹Ÿå¸¦å…¥å„è‡ªçš„ç†è§£å’Œæƒ³è±¡ã€‚åœ¨ä¸€ç‰‡å¯’å†·ï¼Œè‚ƒç©†ï¼Œç¾¤ä½“çš„ç­‰å¾…ä¸­ï¼Œåˆç©¿æ’ç€æµ“éƒçš„æ–‡åŒ–åº•è•´ã€‚ä½†æ˜¯å¯ä»¥å†å‰ªå‰ª,4,æŽ¨è,0,0.9999869509734632
2023-03-04 21:35:02,Trista,æˆ‘çœŸçš„æ²¡æœ‰å®¡ç¾Ž å°±æƒ³ç€å›žå®¶çœ‹æœˆå…‰é¸¡æ²¹é¥­ ä»¥åŠæ•£åœºåŽçš„åµæž¶çœŸæ˜¯å…¨å‰§é«˜æ½® å”¯ä¸€æœ‰å¯¹ç™½çš„å¤§æˆå•Š,5,åŠ›è,9,0.9985178666227764
2023-03-04 22:06:11,å­˜åœ¨ä¸Žè™šæ— ,#é¦™ç‰¹å°”Â·é˜¿å…‹æ›¼ä½œå“å›žé¡¾å±•# ä¾æ—§é€šè¿‡æ¨ªå‘è¶…é•¿ç§»åŠ¨é•œå¤´çš„è¿ç”¨ï¼Œå…¨é¢æç”»äº†æ—¥å¸¸ç”Ÿæ´»çš„ç‰¹æœ‰è‚Œç†ï¼Œå‘ˆçŽ°äº†ä¸€ä¸ªæ‚¬ç½®çš„ä¸–ç•Œæ­£å¤„åœ¨åŽ†å²å˜é©ä¸­ï¼Œå‰é€”æœªåœï¼Œä½†ä»ç„¶èƒ½æ„Ÿå—åˆ°ç»å¹´ç´¯æœˆçš„æ¨¡å¼å’Œä¹ æƒ¯çš„åŠ›é‡ã€‚ç”µå½±é•œå¤´æ¥å›žç©¿æ¢­äºŽæ‹¥æŒ¤çš„ä¸ºé›†ä½“å…±äº«çš„å…¬å…±ç©ºé—´å’Œå—ä¿æŠ¤çš„ç§å¯†ç©ºé—´ï¼Œè¿‡äººä¹‹å¤„åœ¨äºŽå®ƒè®°å½•äº†ç­‰å¾…çš„æ—¶é—´ã€‚æœ€å¼•äººæ³¨ç›®çš„æ˜¯å®ƒç”¨é•¿é•œå¤´è®°å½•ä¸‹äº†æŽ’é˜Ÿçš„äººä»¬å’Œåœ¨ç«è½¦ç«™å€™è½¦çš„æ—…å®¢ï¼Œå‘Šè¯‰äººä»¬ç­‰å¾…çš„è¡Œä¸ºå¯¹äºŽåœ¨ä¸€èµ·çš„ç»éªŒè‡³å…³é‡è¦ï¼Œå¯¹äºŽå…±åŒä½“çš„å½¢æˆä¸å¯æˆ–ç¼ºã€‚é˜¿å…‹æ›¼è®°å½•äº†è¿™æ ·ä¸€æ®µè½¬çž¬å³é€çš„è¿‡æ¸¡æœŸï¼Œæ›¾ç»å­˜åœ¨è¿™æ ·ä¸€ä¸ªä¸–ç•Œï¼Œäººä»¬é›†ä½“ç”Ÿæ´»åœ¨ä¸€èµ·ã€åˆ†äº«ç€æ—¶é—´ä»¥åŠæ—¶é—´çš„èŠ‚å¥ï¼Œä¸€ä¸ªæ‹æ‘„å¯¹è±¡çš„æ ·è²Œæ²¡æœ‰è¢«æ–‡åŒ–å’Œç»æµŽåŠ›é‡æ”¹å˜ï¼Œä¸€ä¸ªè¢«24/7å¼çš„éžæ—¶é—´çš„å¼ºåˆ¶ç§¯ç´¯å’Œä¸ªäººé€‰æ‹©æ‰€æ”¯é…å‰çš„ä¸–ç•Œã€‚,3,è¿˜è¡Œ,3,1.0
2023-03-04 22:08:33,g9421,#2023é˜¿å…‹æ›¼ä½œå“å›žé¡¾å±•# 2023.3.4 18:30 å¤©å±± æ¶ˆé™¤äº†å¯¹ç™½ä¹Ÿæ¶ˆé™¤äº†ä»‹å…¥æ„Ÿï¼Œè¯—æ€§è€Œå†·é™çš„å¹³ç§»é•¿é•œï¼Œä¸€éƒ¨çœŸæ­£ææ‘¹äººçš„å¢ƒé‡çš„ä½œå“ã€‚,3,è¿˜è¡Œ,0,0.9602564473122444
2023-03-04 22:29:30,ImmortalsÂº_,åœ¨æˆ‘åŽ‹åŠ›çˆ†æ£šçš„æ—¶å€™çœ‹äº†ä¸€éƒ¨æ­¤ç”Ÿè‡³ä»Šæœ€å‚¬çœ çš„ç”µå½±ï¼Œè¿™å‘½è¿èˆ¬çš„æ»‘ç¨½...... ç¬¬ä¸€æ¬¡çœ‹é˜¿å…‹æ›¼ï¼Œåªèƒ½è¯´è¿™ä¸€éƒ¨çš„é•œå¤´å’Œæ‹æ‘„æ‰‹æ³•çœŸçš„è¿‡äºŽæ—¥å¸¸äº†ï¼ŒçœŸçš„å°±æ˜¯ä¸€ç‚¹èµ·ä¼éƒ½æ²¡æœ‰ï¼Œè™½ç„¶è¯´è¿™ç§å‡ ä¹Žå®Œå…¨å¹³ç§»+å›ºå®šæœºä½çš„å±•å¼€æ–¹å¼ç¡®å®žæŒºæœ‰ç‰¹è‰²çš„ï¼Œå¯èƒ½æ˜¯åˆšå¥½ä¸åœ¨è§‚å½±çŠ¶æ€å§ã€‚ä¸Šæ¬¡æ¥è™¹æ¡¥å¤©å±±è¿˜æ˜¯ç–«æƒ…çˆ†å‘å‰å¤•åœ¨çœ‹é‡æ˜ çš„ã€Šç¾Žä¸½äººç”Ÿã€‹ï¼Œæƒ³æƒ³å‰åŽçš„å¿ƒç»ªå˜åŒ–ï¼Œä¸ç¦æ„Ÿå¹ä¸€å¥ä»Šæ—¶ä¸åŒå¾€æ—¥ã€‚,5,åŠ›è,0,0.9999999999988178
2023-03-04 22:32:23,451Â½Â°Fâ„¢,2023é¦™ç‰¹å°”Â·é˜¿å…‹æ›¼å›žé¡¾å±•ã€‚è¥¿æ–¹å¯¹ä¸œæ–¹çš„è§‚å¯Ÿï¼Œè”ç³»åˆ°æ‹æ‘„çš„æ—¶é—´ï¼Œä¼¼ä¹Žä¸€ä¸ªå·¨å¤§çš„è ¢ç‰©æ­£åœ¨å»¶ç»­å…¶æƒ¯æ€§è€Œæ…¢æ…¢åˆ†å´©ç¦»æžï¼Œåœ¨æ­¤ä¸­çš„ä¸ªä½“åˆ™åœ¨æ—¥å¸¸çš„ä¸å˜ä¸­æœŸå¾…/ææƒ§ä¸­é¢å‘æœªçŸ¥çš„å°†æ¥ã€‚é˜¿å…‹æ›¼å¯¹æ°´å¹³ç§»åŠ¨å’Œå·¨å¤§è„¸éƒ¨å¼ºè¿«ç—‡èˆ¬çš„å‘ˆçŽ°ï¼Œä¼¼ä¹Žä¹Ÿåœ¨æš—å–»ï¼ˆè®½åˆºï¼Ÿï¼‰ä¼Ÿå¤§å£®ä¸½çš„é›†ä½“ä¸»ä¹‰å¯¹äºŽäººç±»å§‹ç»ˆæ˜¯ä¸€ç§æ´—è„‘å¼çš„ç™«ç‹‚ã€‚,4,æŽ¨è,0,0.9999999999974128
2023-03-04 22:36:30,Peprika,ã€å¤©å±±ç”µå½±é™¢ã€‘@117min,3,è¿˜è¡Œ,0,0.4476784585098667
2023-03-04 22:36:30,Peprika,ã€å¤©å±±ç”µå½±é™¢ã€‘@117min,4,æŽ¨è,0,0.4476784585098667
2023-03-04 22:53:58,å¼€é—¨è§çŒ«,90å¹´ä»£ä¸œæ¬§ï¼Œç”°é—´åœ°å¤´ã€è½¦ç«™è¡—å¤´ã€å†°å¤©é›ªåœ°ã€ç™½å¤©é»‘å¤œã€ç›¸åŒåœ°ç‚¹ï¼Œè¶…æ…¢é€Ÿè§‚å¯Ÿï¼Œè¾¹çœ‹è¾¹çŒœæµ‹æ‹æ‘„æ–¹å¼ï¼Œæ€è€ƒä¸»ä½“å®¢ä½“ä¸»è§‚å®¢è§‚ï¼ŒåŒæ—¶å‘çŽ°ç¡®å®žæœ‰è¢«æ‘„è€…å‘çŽ°äº†æ‘„åƒæœºçš„å­˜åœ¨ã€‚,3,è¿˜è¡Œ,0,0.9870966530244526
2023-03-04 23:09:03,ç”˜è‰æŠ«è¨,ï¼ƒé˜¿å…‹æ›¼å›žé¡¾å±•ï¼ƒ@å¤©å±±ï¼Œå®Œå®Œå…¨å…¨çš„éžå…¸åž‹æ¦‚å¿µä¸Šçš„ç”µå½±ï¼Œæ²¡æœ‰å¯¹ç™½ï¼Œæ²¡æœ‰å‰å› åŽæžœï¼Œå®ƒå°±æ˜¯å¦‚æ­¤ç›´æŽ¥çš„æŠŠä¸€ç¾¤æ¥è‡ªè‹è”è§£ä½“åŽçš„äººç‰©å±•çŽ°åœ¨ä½ é¢å‰ï¼Œä½ ä¼šè§‰å¯Ÿåˆ°æœ‰ç§ä¸œè¥¿å®ƒä¼¼ä¹Žæ— å£°æ— æ¯å´åˆå‘¼å¸åœ¨æ¯ä¸€ä¸ªè§’è½ï¼Œæœ‰æ—¶å€™æœ‰äº›æ­Œå£°æµæ·Œåœ¨ç”»å¤–ï¼Œæœ‰æ—¶å€™å¤§é›ªçº·é£žï¼Œé•œå¤´ç¼“ç¼“æ¨ªç§»ç€ï¼Œè¶Šçœ‹è¿›åŽ»è¶ŠæŽ¥è¿‘ä¸€ç§å¥‡ç‰¹çš„è¿·ç¦»ææƒšçš„çŠ¶æ€ï¼›ä»Žé•œå¤´é‡Œçš„å„å¤„äººç¾¤ä¸­å¯ä»¥æ„Ÿå—åˆ°ä»–ä»¬è¿·èŒ«ï¼Œå¯¹é‡å»ºâ€œç§©åºâ€æ½œæ„è¯†é‡Œçš„è¿½æ±‚ï¼ŒåŒæ—¶ä¹Ÿä»Žå¥³äººä»¬çš„ç»†è‡´æ‰“æ‰®ã€å¦†å®¹ä¸­æ„Ÿå—åˆ°æ¶ŒåŠ¨çš„æ–°å¸Œæœ›ï¼›æ¬£èµé˜¿å…‹æ›¼ç¡®å®žéœ€è¦è¶³å¤Ÿè€å¿ƒï¼Œéœ€è¦è·¨å…¥é—¨æ§›çš„å†³å¿ƒï¼Œä½†æ˜¯å¥¹çš„ç”µå½±ä¹Ÿç¡®å®žå¸å¼•äººï¼Œåªæ˜¯ä¸æ˜¯å¸¸è§„ç†è§£ä¸Šçš„â€œå¸å¼•åŠ›â€,2,è¾ƒå·®,3,1.0
2023-03-04 23:10:33,èœœç¾,#2023é˜¿å…‹æ›¼å›žé¡¾å±•Â·ä¸Šæµ·#è¿žä¸‰åœºäº†ï¼Œæ¯åœºéƒ½æœ‰ç¡è¿‡åŽ»ï¼ˆç¬‘ï¼‰ã€‚çœ‹è¿™åœºï¼Œå…¶å®žæ€ç»ªéƒ½ä¸çŸ¥é“è·‘åˆ°å“ªé‡ŒåŽ»äº†ï¼Œå¤§æç´é‚£å„¿çœŸçš„å¾ˆé€‚åˆç¡ã€‚æœ‰ä¸ªè®°å¿†é¢‡æ·±çš„ç»†èŠ‚ï¼Œåœ¨è½¦ç«™æ‹æ‘„æ—¶ï¼Œé•œå¤´æœ‰è·Ÿç€ä¸€ä¸ªåŠèº«è¶´å§åœ¨å·¥å…·ä¸Šå‡ºè¡Œçš„æ®‹ç–¾äººï¼Œé‚£ä¸ªäººå½“çœ‹åˆ°é•œå¤´åŽæƒŠç–‘ï¼ˆæˆ‘è®¤ä¸ºï¼‰åœ°æ—¶ä¸æ—¶åœ°çœ‹ç€å®ƒï¼Œè€Œé•œå¤´è·Ÿç€ä»–åœ¨èµ°ã€‚å½“é•œå¤´ç§»å¼€æ—¶ï¼Œæˆ‘èˆ’äº†å£æ°”ï¼Œæˆ‘æƒ³é‚£ä¸ªäººè‚¯å®šä¸æƒ³å› ä¸ºè‡ªå·±çš„ç‰¹æ®Šæ€§è¢«æŒ‘é€‰ä¸­è¿›å…¥é•œå¤´é‡Œã€‚,5,åŠ›è,3,0.9999991100136756
2023-03-04 23:11:50,Dear deer,å¤§é‡æ¼«é•¿çš„ç§»åŠ¨é•œå¤´ï¼Œæ¥è‡ªä¸œæ–¹é‡Œçš„è®°å½•ä»Žç©ºé—´å˜æˆäº†è½¨é“ï¼Œä»Žè§‚ä¼—å¯¹åŸŽå¸‚ç”»å·ä¸Žäººç‰©çš„å‡è§†ï¼Œå†åˆ°é•œå¤´ä¸­è·¯è¾¹äººä»¬å¯¹é•œå¤´çš„å‡è§†ä¸Žè¯è¯­ï¼Œé“¶å¹•å½¢æˆäº†ä¸€ç§åå‘çš„äº’åŠ¨ï¼Œè§‚ä¼—åè€Œæˆä¸ºäº†è¢«è§‚çœ‹çš„å¯¹è±¡ï¼Œé‚£ç§éšç§˜çš„é»‘æš—ç©ºé—´çš„çª¥è§†æ„Ÿå’Œå®‰å…¨æ„Ÿä¸€ä¸‹å­å˜å¾—ä¸å®‰èµ·æ¥ã€‚,5,åŠ›è,0,0.9999999994662698
2023-03-04 23:26:48,æ©™å­æ¢é©¬ç”²,æ— å°è¯ï¼Œå•¥ä¹Ÿæ²¡å‘ç”Ÿã€‚ã€‚çœ‹äº†ä¿©å°æ—¶ï¼Œèµ°ç¥žäº†ä¿©å°æ—¶ï¼Œä¼´éšç€è€³æœµé‡Œé˜´é­‚ä¸æ•£çš„ã€Šæˆ‘æ˜¯å°æ²ˆé˜³ã€‹è€³è™«ã€‚ã€‚çœ¼å‰é‚£äº›ç”°é—´åœ°å¤´ï¼Œè¡—é“å•†åº—ï¼ŒåŽ¨æˆ¿å®¢åŽ…ï¼Œæ— å°½çš„æŽ’é˜Ÿæ— å°½çš„ç­‰å¾…ï¼Œäººä»¬æˆ–æ— è§†æˆ–å›žé¿æˆ–çŒœç–‘æˆ–å¥½å¥‡æˆ–çƒ­æƒ…çš„çœ¼ç¥žï¼Œè¿‡äºŽçœŸå®žçš„â€œä¸€ä¸ªäººé£˜æ´‹è¿‡æµ·æ¥åˆ°å¼‚å›½ä»–ä¹¡è€³æœºé‡Œå´æ”¾ç€å°æ²ˆé˜³â€çš„æ—…è¡Œæ„Ÿï¼Œä¹Ÿè¿‡äºŽæŽ¥è¿‘æˆ‘æ¯æ¬¡å®žé™…çš„æ—…æ¸¸çŠ¶æ€ï¼Œå¼‚å›½çš„é£Žæ™¯å»ºç­‘æ–‡å­—å£°éŸ³å’Œäººä»¬çš„ä¸Žæˆ‘æ— å…³çš„ç”Ÿæ´»ä»Žçœ¼å‰è€³è¾¹é£˜è¿‡ï¼Œå¥½åƒçœ‹è§åˆå¥½åƒæ²¡çœ‹è§ï¼Œæ— èŠï¼Œè¿·èŒ«ï¼Œå¬ç€æ¯«ä¸æ­è°ƒçš„æ­Œï¼Œåªå°‘äº†è¿·è·¯çš„ç„¦è™‘å’Œè¢«äººçœ‹åˆ°çš„æ‰­æä¸å®‰ã€‚ã€‚å°±è¿™ä¸¤å°æ—¶æ¨¡æ‹Ÿæ—…æ¸¸è€Œè¨€ï¼Œä¸ƒåå¤šå—é’±è¿˜æ˜¯åˆ’ç®—çš„ã€‚ã€‚,4,æŽ¨è,0,0.9999999999516864
2023-03-05 00:35:36,Blues,å¹³ç§»çš„é›ªæ™¯çœ‹å¾—å¾ˆèˆ’é€‚ï¼Œè¿˜æœ‰è“è‰²çš„å¤œã€‚,3,è¿˜è¡Œ,0,0.9638791843389468
2023-03-05 01:53:05,é„™ä¼¶,åœ¨æˆ‘æ‰€æœ‰çš„è®¤çŸ¥æ„ä¹‰ä¸Šè¿‘ä¹Žæ˜¯ä¸€éƒ¨å®Œç¾Žçš„åŸŽå¸‚çºªå½•ç‰‡ã€‚èƒ½å¤Ÿæ¸…æ™°åœ°çœ‹åˆ°æ‰€æœ‰çš„é•œå¤´ç”Ÿäº§äºŽä¸€ä¸ªå¤–æ¥è€…æ¸¸åŽ†è§†è§’çš„é€‰å–ï¼Œè€Œè¿™å¹¶éžå…±å­˜è§†è§’ï¼Œè§‚çœ‹çš„è¿‡ç¨‹ä¹Ÿä¸€ç›´åœ¨äº§ç”Ÿé”™è¯¯çš„åˆ¤æ–­ï¼Œèµ·åˆæ²¡èƒ½æ¸…æ™°åœ°æ„è¯†åˆ°ç´ æé—´èƒ½å¤Ÿè‡ªæ´½çš„ç¼–è¾‘é€»è¾‘ï¼Œå°¤å…¶çªç„¶æ’å…¥ä¸€äº›å®¤å†…çš„é•œå¤´ï¼Œé”™è¯¯çš„è®¤ä¸ºå¯èƒ½æ˜¯è¿›è¡ŒæŸç§å½±åƒåˆ†ç±»çš„å¤„ç†ï¼Œç›´åˆ°å¯¹é˜¿å…‹æ›¼æ‰€æ‹æ‘„ç¾¤åƒè€ŒéžåŸŽå¸‚æœ¬èº«æœ‰æ‰€å¯Ÿè§‰ï¼ŒæŒç»­çš„ï¼Œå…³äºŽæ‹æ‘„åŸŽå¸‚ä¸­äººçš„ç¾¤åƒï¼Œé™æ€çš„é•œå¤´åŠåœ¨å½±åƒå†…å§‹ç»ˆä¿æŒç€ä¸€ç§åŠ¨æ€çš„è”ç³»ã€‚èŽ±æ‹‰Â·å¸•å¡èŽ²èŽ‰å¨œçš„æ‰€æœ‰çŸ­ç‰‡åº”è¯¥å—æ­¤å½±å“å¾ˆå¤§ã€‚,4,æŽ¨è,2,0.9999999999999996
2023-03-05 10:43:52,æ²ˆå¿µ,çœ‹è¿™éƒ¨æ—¶ç‰¹åˆ«æ•¬ä½©é˜¿å…‹æ›¼çš„å‹‡æ°”ã€‚ä¸æ–­æ¨ªç§»çš„é•œå¤´æ˜¯ä¸€ç§å¯¹è‡ªèº«çš„å¼‚åŒ–ï¼Œè®©å¥¹ä¸€æ¬¡æ¬¡æš´éœ²åœ¨è¢«å¥¹æ‹æ‘„çš„äººç¾¤é¢å‰ï¼Œæ­¤æ—¶ã€Œæ‹ä¸Žè¢«æ‹/çœ‹ä¸Žè¢«çœ‹ã€çš„æƒåŠ›å…³ç³»è¢«é¢ è¦†ï¼Œã€Œçœ‹ã€çš„ä¸€æ–¹è¢«æˆç¾¤çš„è§†çº¿ä»¥æžé«˜çš„å¯†åº¦å›žè§†ã€‚å°è±¡ç‰¹åˆ«æ·±çš„æ˜¯åœ¨ä¸€ä¸ªç±»ä¼¼ç«è½¦ç«™å€™è½¦åŽ…çš„åœ°æ–¹æ‹çš„é•¿é•œå¤´ï¼Œåœ¨é€¼ä»„ã€æ‹¥æŒ¤çš„ç©ºé—´é‡Œï¼Œç–²æƒ«çš„äººä»¬æ˜¾å¾—æ ¼å¤–é˜´éƒï¼Œä»–ä»¬æŠ•å‘é•œå¤´çš„ç›®å…‰å……æ»¡çŒœç–‘ä¸Žæ•Œæ„ã€‚æˆ‘éš”ç€é“¶å¹•éƒ½æ„Ÿè§‰éš¾ä»¥æ‰¿å—è¿™ç§åŽ‹åŠ›ï¼Œä¸ç¦æ„Ÿå¹é˜¿å…‹æ›¼çš„æ²‰é™ä¸ŽåŒ…å®¹ã€‚,3,è¿˜è¡Œ,1,0.9999999999901772
2023-03-05 10:48:17,å¢¨æ¶…æ¶…,å›ºå®šé•œå¤´å’Œå¹³ç§»é•œå¤´çš„äº¤æ›¿ä½¿ç”¨ï¼Œä»¥åŠå®Œå…¨èˆå¼ƒâ€œè¯­è¨€â€çš„æ‹æ‘„æ„è¯†ï¼ˆä¸è®ºæ˜¯å¯¹è¯ã€æ—ç™½æˆ–è€…ç”»å¤–éŸ³å…¨éƒ¨èˆå¼ƒï¼Œåªç•™ä¸‹çŽ¯å¢ƒéŸ³ï¼‰ï¼Œéƒ½è®©äººæ„Ÿè§‰åˆ°ä¸€ç§å¼‚è´¨æ€§ã€‚è¿™ç§å¼‚è´¨æ€§ä¸Žå…¶è¯´æ˜¯å¯¼æ¼”çš„ç‰¹æ„ä¸ºä¹‹ï¼Œä¸å¦‚è¯´æ˜¯å±•çŽ°è¿™é‡Œçš„äººæ°‘çš„ç”Ÿæ´»çŠ¶æ€çš„ä¸€ç§ç‰¹æ®Šå´ä¹Ÿæ˜¯æœ€ä¸ºæ°å½“çš„æ–¹å¼ã€‚é¦™ç‰¹å°”â€¢é˜¿å…‹æ›¼ä»¥è‡ªå·±ç‹¬ç‰¹çš„ç”µå½±è¯­æ±‡ï¼Œæž„å»ºå‡ºä¸€ç§ç‹¬ç«‹è€Œå¦ç±»çš„ç”µå½±ç³»ç»Ÿã€‚åœ¨ä¸æ‰“æ–­ç”Ÿæ´»æµåŠ¨çš„è´¨æ„Ÿä¸Žç»å¯¹ä¿æœ‰å®¢è§‚è§†è§’æ–¹é¢ï¼Œé˜¿å…‹æ›¼æ— ç–‘æ˜¯æ·±åˆ»è·µè¡Œäº†æ­¤ç§å‡†åˆ™ã€‚ä¸çŸ¥ä¸ºä½•ï¼Œè¿™éƒ¨ç‰¹æ®Šçš„ç”µå½±è®©æˆ‘æƒ³èµ·äº†é˜¿æ¶…æ–¯Â·ç“¦å°”è¾¾å’Œå°¤ç‘Ÿçº³å°”ã€‚å¥¹ä»¬éƒ½æ˜¯åœ¨è‡ªå·±çš„é¢†åŸŸä¸­æ°å‡ºçš„å¥³æ€§ã€‚,4,æŽ¨è,0,1.0
2023-03-05 12:02:51,Sufferer,æœ€çº¯ç²¹çš„çºªå®žï¼Œå¯¹ä¸œæ¬§çš„è§‚å¯Ÿèšç„¦åœ¨äº†äººï¼Œä¸æ˜¯ä»»ä½•åˆ«çš„æ„è¯†å½¢æ€ã€‚é‚£ç§æ²¡æœ‰åŒºåˆ†å´åˆå„å¼å„æ ·ç”Ÿæ´»çš„äººã€‚æ²¡æœ‰è¯­è¨€å¼ºåŠ æˆ–è€…å¼•å¯¼ï¼Œå……æ»¡ç”Ÿæ´»æ°”æ¯å´å’Œé•œå¤´æ¯«æ— å…³è”çš„å®žå®žåœ¨åœ¨çš„ç”Ÿæ´»çºªå®ž,5,åŠ›è,0,0.9999946296679806
2023-03-05 23:14:29,sTill-Life,åœ¨ç¡ä¸Žé†’ã€æ— èŠä¸Žç²¾å½©ã€â€œæˆ‘ä¹Ÿå¯ä»¥â€ä¸Žâ€œæˆ‘å¯èƒ½ä¸è¡Œâ€ä¹‹é—´åå¤æ¨ªè·³ã€‚/ é˜¿å…‹æ›¼å›žé¡¾å±•@å¤©å±± 03.04,4,æŽ¨è,1,0.2128195827162894
2023-03-06 01:40:48,æ­¥è¡ŒäºŽè·¯,"8.6
é˜¿å…‹æ›¼ç”¨ä¸€ç§å‡ ä¹Žè¾©è¯æ³•çš„æ–¹å¼è®©ä¸¤ç§é•œå¤´å½»åº•åˆ†ç¦»ï¼Œåœ¨æœ€åŽå°è¯•è¿›è¡Œæ‹¯æ•‘
å›ºå®šé•œå¤´ä¸­é˜¿å…‹æ›¼å‡è§†ç€è™šæ— ï¼Œé˜¿å…‹æ›¼ä¸ä¼šå’Œæ‹æ‘„å¯¹è±¡äº¤é›†è€Œè¿›è¡Œæ‹æ‘„ç€ä»–ä»¬æ²¡æœ‰æ„ä¹‰çš„è¡Œä¸ºï¼Œæ— æ„ä¹‰çš„åƒã€æ— æ„ä¹‰çš„å–å’–å•¡ï¼Œåšç€æŸç§ä¸æ­£å¸¸çš„äº‹æƒ…ï¼ˆäººåœ¨é¤åŽ…å´ä¸ºäº†è·³èˆžï¼‰ï¼Œè€Œåœ¨è½¦ä¸­çš„æ‹æ‘„ä¹Ÿè¢«ä¸¤è¾¹çš„è½¦è¾†æ— è§†è€Œè¿‡ã€‚è¿™æ˜¯ä¸€ç§ç»æœ›å’Œç­‰å¾…æˆˆå¤šçš„è™šæ— è¡¨çŽ°
æ¨ªç§»é•œå¤´ï¼Œå…¶å®žæ‰“ç ´äº†è¿™æ˜¯æ— å¯¹ç™½ç”µå½±çš„è°Žè¨€ã€‚äº‹å®žæ˜¯æœ‰å¯¹ç™½çš„ï¼Œåªä¸è¿‡æ˜¯æ²¡æœ‰è¦æ±‚çš„å¯¹ç™½ã€‚é˜¿å…‹æ›¼ä¸åŽ»å°è¯•åŽ»ä»‹å…¥è¿™ç§å¯¹è¯æ˜¯å› ä¸ºåŽå†·æˆ˜çš„åŠ›é‡å½»åº•ç“¦è§£äº†ä¼ ç»Ÿçš„äº¤æµ/æ–‡åŒ–ï¼Œæ‰€ä»¥æ‹’ç»äº¤æµ/ä»‹å…¥å…¶å®žæ˜¯ç¤¾ä¼šå’ŒåŽ†å²çš„å·¨å¤§æ–­è£‚å¸¦ã€‚åœ¨æ¨ªç§»ä¸­ï¼Œè¡Œä¸ºä¸Žå¯¹ç™½éšæ„å‡ºçŽ°å’Œæ¶ˆå¤±ï¼Œå®ƒä»¬ä¸åœ¨ä¹Žæ‘„å½±æœºï¼Œåªæ˜¯è¢«æ— æ‰€è°“åœ°è®°å½•ç€ã€‚æ¨ªç§»æ‹æ‘„å…¬å¼€åœºåˆï¼Œä»¥åˆ†ç¦»è‚‰ä½“ï¼ˆæˆä¸ºæ¨ªç§»ï¼‰å’Œçµé­‚ï¼ˆéšæ„ï¼‰çš„æ‘„å½±æ€åº¦å‰Šå‡åœºåˆå­˜åœ¨çš„æ„ä¹‰ï¼Œå…¶å®žæ˜¯æ—¶é—´å’Œç©ºé—´çš„å¹½çµé£˜è¡åœ¨ç©ºä¸­",4,æŽ¨è,0,1.0
2023-03-06 01:41:04,btr,#é˜¿å…‹æ›¼å½±å±• 1990å¹´ä»£åˆçš„ä¸œæ¬§å½±åƒã€‚èšç„¦ç«™å°ã€æ¢ä¹˜é€šé“ã€è½¦ç«™ç­‰å…·æœ‰å˜åŠ¨éšå–»çš„ç©ºé—´ã€‚ä¿„ç½—æ–¯é›ªåœ°çš„é•¿é•œå¤´ä»¿ä½›äººç±»å­¦å¼çš„è‚–åƒï¼ŒåŽ‹æŠ‘çš„ç¾¤ä½“å’Œå¶å°”æº¢å‡ºçš„ä¸ªä½“å¯¹ç…§æ˜Žæ˜¾ï¼ˆå¯¹æ‘„å½±æœºçš„ååº”ï¼‰ã€‚ä¹Ÿæœ‰èˆžä¼šå’Œå®¶åº­å†…éƒ¨çš„é•œå¤´ï¼Œåˆ‡é¢åŒ…çš„æ®µè½å¥½åƒã€Šè®©å¨œÂ·è¿ªå°”æ›¼ã€‹çš„é¢„æ¼”ã€‚å‡ºçŽ°äº†å¥½å‡ æ¬¡ç™¾äº‹å¯ä¹ï¼Œåˆ°ã€Šå…«åå¹´ä»£ã€‹æ—¶ä¸çŸ¥æ€Žä¹ˆå˜æˆäº†å¯å£å¯ä¹ã€‚å¯ä»¥å¯¹æ¯”æ€€æ–¯æ›¼æˆ–è€…James Benningçš„ç»“æž„ä¸»ä¹‰ç”µå½±ã€‚,5,åŠ›è,1,0.9999999893918184
2023-03-06 01:57:00,é»‘è‰²çš„ä¼¯åŠ³,å¥½ç¾Žå•Šã€‚çœ‹ã€‚æ›¾ç»å¸Œæœ›åœ¨ç­å®ç”µå½±é‡Œçœ‹åˆ°çš„ç»ˆäºŽçœ‹åˆ°äº†ã€‚ç©¿è¶Š ç«è½¦,5,åŠ›è,0,0.9902774141075942
2023-03-06 09:56:16,tankry,çœ‹ä¸åˆ°æ–‡æœ¬ä¸Žå½±åƒç¼–æŽ’é™ˆè®¾çš„ç—•è¿¹ï¼Œå³æ˜¯ä½œè€…å¹¶æ²¡æœ‰å®Œæˆçºªå½•ç‰‡è®ºè¿°çš„è‡ªæ€§ã€‚æˆ‘ä»¥ä¸ºè¿™æ˜¯é¢‡å·æ‡’çš„ã€‚é˜¿å…‹æ›¼å±•@è™¹æ¡¥å¤©å±±,5,åŠ›è,1,0.999975097643466
2023-03-07 18:18:37,çƒ­å¸¦ç´ æ,çœ‹D'estæ—¶è„‘æµ·é‡Œå“èµ·äº†Vig MihÃ¡lyï¼Œå°±åƒçœ‹äº†ä¸€éƒ¨BÃ©la Tarr,5,åŠ›è,0,0.9473021621173936
2023-03-08 16:57:13,é¼¹é¼ ,å†·æˆ˜åŽä¸œæ¬§å’Œä¸œæ¬§äººçš„è½¬å˜ï¼Œæ˜Žåªšçš„æ³¢ç½—çš„æµ·å²¸å’Œè‹èŒ«é›ªåœ°çš„èŽ«æ–¯ç§‘ã€‚è¡—é“çš„çƒ­é—¹æ¬¢å¿«ï¼Œè½¦ç«™ã€é›ªåœ°ç–²æƒ«æ‹¥æŒ¤ã€æ— æ‰€äº‹äº‹ï¼Œèœ—å±…çš„æ¸…æ´å·¥åˆ‡ä¸€æ ¹ç«è…¿åƒï¼Œåƒå¸ƒè¾¾ä½©æ–¯å°é¥­åº—ã€‚,2,è¾ƒå·®,0,0.9969565040387904
2023-03-08 18:20:26,å´é‚ª,still in transition,3,è¿˜è¡Œ,0,0.5
2023-03-09 23:31:59,DeckardYang,ã€5ã€‘æ¼«æ­¥äºŽä¸–ç•Œæœ¬å°±æ˜¯æœ€ä¼Ÿå¤§çš„ç”µå½±ï¼è€Œå› ä¸ºè¿™æ ·çš„æ¨ªç§»è¿åŠ¨é•œå¤´ï¼Œæ‘„å½±æœºå®Œå…¨æš´éœ²äºŽå¤–ï¼Œâ€œçœ‹â€çš„æš´åŠ›æ€§è¢«ç“¦è§£ï¼Œç”šè‡³éœ€è¦ç›´é¢â€œè¢«çœ‹â€åé¦ˆè€Œæ¥çš„åŽ‹è¿«ï¼Œé˜¿å…‹æ›¼ä¾ç„¶å‹‡æ•¢è€Œå¹³ç­‰åœ°åŽ»å‘ä¸œæ–¹ï¼Œå¹¶åœ¨é‚£äº›é™é»˜çš„å›ºå®šé•œå¤´ä¸­è¡¨éœ²ç”Ÿå‘½ã€æ—¶é—´ä¸Žçˆ±ã€‚,5,åŠ›è,1,0.9999999932443406
2023-03-21 16:53:50,å¨çŒ›å…ˆæ£®å“¥æ–¯æ‹‰,åƒæ˜¯åä¸Šäº†ä¸€è¾†å¼€å¾€ä¸œæ–¹çš„åˆ—è½¦ï¼Œå››æ˜ŸåŠã€‚,4,æŽ¨è,0,0.1627734062919471
2023-03-25 22:55:25,å·,7ã€‚é˜¿å…‹æ›¼å’Œæž—å¥‡æ˜¯æ—¨è¶£å®Œå…¨ä¸ä¸€æ ·çš„è‰ºæœ¯å®¶ï¼šæž—å¥‡çƒ­è¡·äºŽæ•æ‰æ½œè—åœ¨å¹³é™åº•ä¸‹çš„äººçš„ä¸å®‰ã€ææƒ§ä¸Žç—…æ€ï¼Œè€Œé˜¿å…‹æ›¼ä¸“æ³¨äºŽæ•æ‰æ¯ä¸ªäººé‚£å­¤å¯‚å’Œå‡æ»žçš„æƒ…ç»ªï¼ˆæ¯ä¸ªäººéƒ½æ˜¯æ¥è‡ªä¸œæ–¹çš„äººï¼Œä¸€æ ·çš„æ²‰é»˜ï¼Œä¸€æ ·çš„å†…å¿ƒæ‹¥æœ‰æ— å°½æš—æ¶Œï¼‰ã€‚åŒæ—¶ï¼Œå¥¹ä¹Ÿç”¨è¿™ç§æ…¢ç”µå½±æžåŠ›æ”¾å¤§ã€æ·±æŒ–è¿™ç§ç‰¹å¾ã€‚,5,åŠ›è,0,0.9999999999999998
2023-04-14 12:33:14,å¼ åŽå¼¥,ï¼ˆ23.3.4ï¼‰@å¤©å±±ç”µå½±é™¢ åªç¡äº†å‡ åˆ†é’Ÿï¼ŒææƒšæŠŠç”»é¢ä¸Šçš„æ–‡å­—çœ‹æˆäº†ä¸­æ–‡ï¼Œç™¾äº‹å¯ä¹çš„logoå‡ºçŽ°äº†ä¸‰æ¬¡ï¼Œå­©å­ä»¬æ˜¯æœ€å¿«ä¹çš„,5,åŠ›è,0,0.980064076856213
2023-05-15 15:44:28,è·¯ç±³å…§,æµäº¡åœ°ç†å­¦ç¬¬ä¸€å¼¹ï¼Œé˜¿å…‹æ›¼æŠŠè’™ç‰¹é‡Œæ—…é¦†å…¨æ–°è£…ä¿®å‡çº§äº†ï¼Œå¥¹è‡ªå·±å¯èƒ½éƒ½æœ‰è¢«ä¸‰ä¸ªåœ°æ–¹éœ‡æƒŠåˆ°ï¼ŒåŽŸæœ¬ç”»é¢ä¸­çš„å¹½çµè¢«å®žåœ¨åœ°å¡«æ»¡,5,åŠ›è,0,0.0433015261452897
2023-06-18 12:45:56,ä¸´æ³Š,"1934
å¥½å§è¯´å®žè¯æ²¡çœ‹å¤ªæ˜Žç™½ï¼Œé˜¿å…‹æ›¼çš„ä½œå“å…¶é­”åŠ›æ€»æ˜¯éšå½¢çš„ï¼Œæœ‰å¾…ä»¥ç¬¦åˆå®ƒçš„å¿ƒå¢ƒäºŒåˆ·ï¼›ä¸è¿‡è‰ºæœ¯ä½œä¸ºçŸ­æš‚çš„ç¼“è§£ç–¼ç—›çš„æ­¢ç—›å‰‚è¿™ä¸€æ„è±¡è¿˜æ˜¯èƒ½è§£è¯»å‡ºæ¥",4,æŽ¨è,0,0.9999862951715672
2023-07-01 00:49:27,Orpheus+,8.0ã€‚ä»¥æš´éœ²æ”å½±æ©Ÿæ©Ÿæ¢°å±¬æ€§çš„æ©«æ–é¡é ­å¸åŽ»æ¬ŠåŠ›é—œä¿‚èˆ‡æ„è­˜å½¢æ…‹å±¤é¢çš„ç–‘ç«‡ã€‚,4,æŽ¨è,0,0.9062412784107868
2023-07-11 21:42:44,æ½˜è€å¸ˆ,ä¸‰æ˜ŸåŠ,4,æŽ¨è,0,0.1563602858990941
2023-08-05 19:57:00,æµ·å¸¦å²›,é™€æ€å¦¥è€¶å¤«æ–¯åŸºçš„å°è¯´ä»Žæ­¤æœ‰è„¸äº†ï¼ˆ,5,åŠ›è,2,0.8994688295085573
2023-08-05 20:02:28,ä¸å…ƒè‹±,"èº«è¾¹äººå¤§å¤šéƒ½åœ¨çŽ©æ‰‹æœºï¼Œç”µå½±å‰1/3æ®µæ²¡æœ‰å­—å¹•å’Œç¿»è¯‘å¯¹å¶å°”çš„å¯¹ç™½å®Œå…¨æ— è§£çš„æ—¶å€™è¿˜åœ¨æƒ³è¿™é—¨æ§›ä¹Ÿå¿’é«˜ã€‚

ç›´åˆ°è¡—æ™¯å˜äº®ï¼Œå¹½çµçŠ¶çš„äººè„¸å˜å¾—æ¸…æ™°ï¼Œç¾¤åƒçš„è‚¢ä½“å’Œæƒ…ç»ªæ„ˆå‘ç›´æŽ¥ä¸”å¸¦ç€ç‚¹å¾®å¦™çš„æ”»å‡»æ€§ï¼šæ‘„å½±æœºâ€”â€”èµ·åˆæ˜¯å‡è§†å’Œè§‚å¯Ÿçš„ä¸»ä½“â€”â€”è¶Šæ¥è¶Šæœ‰æ¸¸è¡—ç¤ºä¼—çš„æ„æ€ã€‚",4,æŽ¨è,1,0.9999959786319488
2023-08-05 20:06:39,é›•åˆ»æ—¶å…‰,ä¸­å›½ç”µå½±èµ„æ–™é¦†é˜¿å…‹æ›¼å›žé¡¾å±•ã€‚é•œå¤´ç§»åŠ¨åœ¨ä¸œæ¬§ï¼Œè§‚å¯Ÿå†·æˆ˜åŽçš„åŸŽå¸‚ä¸Žé‡Œé¢çš„äººï¼Œé˜¿å…‹æ›¼å¾ˆå–œæ¬¢ç”¨æ‹¼æŽ¥æ‰‹æ³•è¿›è¡Œåˆ›ä½œï¼Œå…¶å®žå¥½æ— é€»è¾‘ï¼Œæ•´ä½“çœ‹ä¸‹æ¥åˆä¼¼ä¹Žèƒ½æ„Ÿå—åˆ°ä»€ä¹ˆã€‚è¿˜æœ‰ï¼ŒæŠŠæ¯ä¸ªé•œå¤´å•æ‹Žå‡ºæ¥åŠ›é“éƒ½è¶³å¤Ÿå¤§ã€‚,4,æŽ¨è,2,0.9996087140442484
2023-08-05 20:06:56,å·¥å‡¡,å’Œç”µå½±ä¸­çš„å¾ˆå¤šäººå¯¹è§†ï¼Œä¹Ÿæ„Ÿå—å°å­˜åœ¨æ—¶å…‰é‡Œçš„æ³¨è§†ï¼›å¯’å†·çš„é›ªå¤©é‡Œæœ‰é‚£ä¹ˆå¤šåœ¨å®¤å¤–æ´»åŠ¨çš„äººï¼›æ²¡æœ‰å¯¹ç™½ï¼Œå°±åƒä¸€ä¸ªæ‚¬æµ®çš„ä¸–ç•Œï¼›é©¯åŒ–ï¼Œè®©æ‘„å½±æœºçš„å­˜åœ¨æ„Ÿé™åˆ°æœ€ä½Žã€‚,2,è¾ƒå·®,2,0.9994071757869823
2023-08-05 20:07:12,climber9966,2023.8.5@èµ„æ–™é¦† 8 emmm é•¿é•œå¤´+å›ºå®šæœºä½ï¼Œæ²¡æœ‰å°è¯ï¼Œåªæœ‰ç”·äººã€å¥³äººã€è€äººã€å„¿ç«¥çš„æˆ–ç¾¤åƒæˆ–å•ç‹¬çš„è®°å½•ï¼Œçœ‹å®Œåªè§‰éœ‡æ’¼å’Œç–²æƒ«ã€‚éœ‡æ’¼äºŽå¯¼æ¼”çš„å¤§èƒ†æ‰‹æ³•ï¼Œç–²æƒ«äºŽè¿™åº¸ç¢Œæ—¥å¸¸ã€‚,4,æŽ¨è,2,0.9999990123922274
2023-08-05 20:09:04,å°P,"ä»Šå¤©çš„ä¸‰éƒ¨æœ€æ‰“åŠ¨æˆ‘çš„åè€Œæ˜¯ã€Šæ¥è‡ªä¸œæ–¹ã€‹ï¼Œé•¿è¾¾ä¸¤ä¸ªå°æ—¶çš„çºªå½•ç‰‡ï¼Œé›¶æ—ç™½é›¶å¯¹ç™½ï¼Œåªæœ‰å›ºå®šé•œå¤´ä¸Žå¹³ç§»é•œå¤´äº¤æ›¿ï¼Œæ‰«è¿‡åº¦å‡æµ·è¾¹ã€ä¹¡é‡Žã€å¹¿åœºã€å®¶åº­ã€å°è´¸æ˜“å¸‚åœºã€è½¦ç«™ã€é…’åº—å’ŒéŸ³ä¹ä¼šçŽ°åœºï¼Œè®°å½•åŽå†·æˆ˜æ—¶æœŸæŸç¤¾ä¼šä¹‹ä¸­äººç¾¤çš„è„¸å’Œå¤±è¯­çš„ç¾¤ä½“ã€‚
ä¸€å¸§å¸§ç”»é¢æ›¿ä»£äº†ä½ æˆ‘å¯¹åŽ†å²çš„å‡è§†ï¼Œåœ°é“é‡Œæ‰“å­—è¿˜åœ¨æ‰‹æŠ–ï¼Œéœ‡æ’¼çš„å•Šã€‚
è‡ªæ­¤ï¼Œäººç±»å‘Šåˆ«è¯­è¨€â€¦â€¦",4,æŽ¨è,3,0.9999999999991818
2023-08-05 20:11:25,åƒä½•é¦–ä¹Œä¸€æ ·,é˜¿å…‹æ›¼è€å¿ƒæŽ¨é•œã€å‡è§†ï¼Œé‚£ç§çœ‹ï¼Œåƒåˆæ¥äººé—´ï¼Œåˆåƒæœ€åŽå›žæœ›ï¼Œå¤§é¹…äººæ™¯å¦‚ç”»ï¼Œå¾ˆæ˜¯çœ‹ä¸å¤Ÿã€‚@é¦™ç‰¹å°”Â·é˜¿å…‹æ›¼ä¸“é¢˜å±• èµ„æ–™é¦†,4,æŽ¨è,2,0.7235325164093375
2023-08-05 20:13:02,ä½ ä¸€ä¸ªäººä½å—,ç”µå½±æœ€çè´µï¼Œä¸æ˜¯æ¼”äº›ä»€ä¹ˆï¼Œæ˜¯è®°å½•å‘çŽ°çš„ä¸œè¥¿ã€‚è¡—é“ã€è½¦ç«™ã€é¤åŽ…ã€å®¶..å¥¹åœ¨è®°å½•ç€è¿™äº›äººï¼Œä»¥åŠæ—¶ä»£åœ¨ä»–ä»¬èº«ä¸Šçš„å½±å­ï¼Œåƒä»€ä¹ˆã€ç©¿ä»€ä¹ˆã€åšä»€ä¹ˆã€‚æ—¶ä»£çš„å†°å±±ä¸€è§’ï¼Œæ—è§‚è€…çš„è§’åº¦çœ‹ï¼Œè¿™ä¸ªä¸–ç•Œå¥½å†·æ¸…å•Šï¼Œæˆ‘ä»¬åªæ‹¥æœ‰ä¸Žæˆ‘ä»¬æœ‰è¿žæŽ¥çš„äººã€‚ä¹ŸæœŸå¾…æœ‰äººå¦‚æ­¤æ—è§‚çš„è®°å½•æˆ‘çš„ç”Ÿæ´»ä¸Žæ—¶ä»£ã€‚è¿™æ˜¯ï¼Œå†·æˆ˜åŽçš„ä¸œæ¬§ï¼Ÿ,3,è¿˜è¡Œ,3,0.999999999930453
2023-08-05 20:15:08,å¾è‹¥é£Ž,3.5  å¾ˆå–œæ¬¢ä¼˜é›…å°‘å¹´å¼¹ç´å’Œå…¬è½¦ç«™ç´«è¡£å¥³æƒŠé¸¿ä¸€çž¥è¿™ä¸¤ä¸ªé•œå¤´ã€‚å±žäºŽä¸åœ¨å¤§é“¶å¹•è‚¯å®šéš¾ä»¥çœ‹ä¸‹åŽ»çš„ç”µå½±ã€‚æ•´æ•´ä¸¤ä¸ªå°æ—¶æ— å™äº‹ã€æ— å°è¯å¯¹ç™½ã€‚åªæœ‰äººä»¬çš„è„¸åºžã€è¡£ç€ï¼Œå‡ºçŽ°åœ¨è¡—é“ä¸Šä¸Žå…¬å…±å»ºç­‘ä¸­ï¼Œæž„æˆå½±åƒå¿—ã€‚ä»¤äººä»¿ä½›çŸ­æš‚å›žåˆ°äº†ä¹é›¶å¹´ä»£çš„ä¸œæ¬§ï¼Œæ„Ÿå—é‚£æ—¶çš„ç¤¾ä¼šæ°›å›´ã€‚,3,è¿˜è¡Œ,4,0.999999999970363
2023-08-05 20:15:28,ä¸ƒç´«ä¸‰ç¾Šä¸åº”,230805èµ„æ–™é¦†é˜¿å…‹æ›¼12ã€‚åŽ»ç¬¦å·åŒ–çš„å‡è§†ï¼Œå”¯ä¸€æ¯”è¾ƒæ˜Žæ˜¾å°±æ˜¯æŽ’é˜Ÿå¤§å§æ‰‹é‡Œçš„ç™¾äº‹å’ŒåŽæ¥åœ°é“ç«™å£å»ºèµ·çš„ç™¾äº‹åº—ï¼Œä»¥åŠåœ¨å½±ç‰‡ä¸‹åŠæˆªå‡ºçŽ°çš„å„ç§æ‘†æ‘Šã€‚ä»Žå¤æ—¥åº¦å‡çš„æ³¢ç½—çš„æµ·æ²¿å²¸åˆ°é£˜é›ªçš„èŽ«æ–¯ç§‘ã€‚èŽ«æ–¯ç§‘å„ç§æŽ’é˜Ÿï¼Œå¦‚æ­¤é™é»˜çš„æŽ’é˜Ÿ/è½¦ç«™ï¼ˆçœŸéš¾å¾—ï¼‰ï¼Œå·¨å˜ä»¥åŽçš„æ—¥å¸¸ç”Ÿæ´»:åƒï¼ˆçº¢è‚ é…å¤§åˆ—å·´ï¼‰ï¼Œæ²¡æœ‰å–çœŸå¥‡æ€ªï¼Œï¼ˆå°å­©å„¿ï¼‰çŽ©ï¼Œä¹ï¼ˆé¤åŽ…è·³èˆžå’Œæ¬£èµå¤§æç´ç‹¬å¥ï¼‰ï¼Œåªæœ‰å†œæ°‘åœ¨æ¡åœŸè±†æ˜¯å·¥ä½œã€‚,4,æŽ¨è,2,0.999983670675672
2023-08-05 20:16:02,è¡Œç©º,æ— å¯¹ç™½ã€æ—ç™½å’Œæ­¤ç±»çºªå½•ç‰‡å¸¸è§çš„èƒŒæ™¯éŸ³ä¹ï¼Œåªæ˜¯å¹³é™åœ°è®°å½•äº†20ä¸–çºªæœ«äººç±»åŽ†å²ä¸Šå‰æ‰€æœªæœ‰çš„ä¸€æ¬¡å·¨å˜åŽï¼Œå†·æˆ˜åˆ†ç•Œçº¿é‚£ä¸€æ–¹ï¼Œäººä»¬çš„æ—¥å¸¸ç”Ÿæ´»ä»åœ¨ç»§ç»­ã€‚æ²¡æœ‰å¯¹èƒœåˆ©è€…çš„æŠ•é ä¸Žå¯¹å¤±è´¥è€…çš„å®¡åˆ¤ï¼Œå¦‚ä½•è§£è¯»ï¼Œç•™ç»™ä»ç„¶æ´»åœ¨è¿™ä¸€äº‹ä»¶å½±å“ä¸­çš„è§‚ä¼—ä»¬ã€‚,4,æŽ¨è,2,0.9999999999241364
2023-08-05 20:19:32,ãƒžãƒ„ãƒãƒ©,é˜¿å…‹æ›¼çš„ã€Šæ— è¨€æ—¥è®°ã€‹w æœ‰è¶£çš„æ˜¯äººç‰©ä¸Žé•œå¤´çš„äº’åŠ¨ï¼Œä»¥åŠé•œå¤´å†…éƒ¨çš„æˆå‰§æ€§ã€‚,5,åŠ›è,1,0.844527065073251
2023-08-05 20:20:12,æˆäººè´©å¿’å„¿Cå„¿,ä¸€éƒ¨èƒ½è®©äººå¿ƒå®‰ç†å¾—åœ°èµ°ç¥žçš„ç”µå½±ï¼Œå®ƒä¸æ€¥äºŽè®²è¿°æˆ–è¡¨è¾¾ä»€ä¹ˆï¼Œä¹Ÿç”šè‡³å¯ä»¥è¯´ï¼Œå®ƒä¼¼ä¹Žå¹¶ä¸è¦æ±‚ä»Žè§‚è€…å¤„èŽ·å¾—å…¨èº«å¿ƒçš„å‚ä¸Žï¼Œè¿™ä¸€ç‚¹å°±åƒæ‘„å½±è€…æœ¬èº«ä¸ŽçŽ¯å¢ƒä¹‹é—´çš„å…³ç³»ã€‚çœ‹äº†å‡ éƒ¨é˜¿å…‹æ›¼ï¼Œæ…¢æ…¢æœ‰ç‚¹æ˜Žç™½ï¼Œé˜¿å…‹æ›¼çš„é•œå¤´å¾ˆåƒçŒ«æ‰“é‡ä¸–ç•Œçš„çœ¼å…‰ï¼ˆæˆ–è€…è‡³å°‘æ˜¯å®ƒç»™äººå±•çŽ°å‡ºæ¥çš„æ°”è´¨ï¼‰ï¼Œå®‰é™çš„ã€è€å¿ƒçš„ã€çœ‹ä¼¼æ¼«ä¸ç»å¿ƒåˆå¸¦ç€ç‚¹æŽ¢ç©¶æ¬²çš„ï¼Œå¥¹ä¹Ÿä¸å‚ä¸Žï¼Œæˆ–è¯´ï¼Œä¸å½»åº•å‚ä¸Žï¼Œå¥¹åªæ˜¯åœ¨åœºï¼Œå¹¶è§è¯ã€‚ï¼ˆbtwæ¯æ¬¡çœ‹åˆ°è·¯äººå……æ»¡æ•Œæ„çš„è¡¨æƒ…éƒ½æ‹…å¿ƒé˜¿å…‹æ›¼è¢«æ‰“â€¦å¯¹å¥¹äººå½±åƒæ‘„å–çš„å¤§èƒ†ç¨‹åº¦è®©äººæƒ³èµ· Vivian Maierï¼‰,3,è¿˜è¡Œ,2,0.9999999983864558
2023-08-05 20:24:09,ä¸åˆ†åŒ—å—,å‡è§†ä¸Žè¢«å‡è§†ï¼Œç²¾ç¥žä¸Žç‰©è´¨çš„åŒé‡ç¦»æ•£ï¼Œé¦™ç‰¹å°”é˜¿å…‹æ›¼çœŸçš„æ˜¯ç©·æžä¸€ç”Ÿåœ¨å…¶å®ƒç¾¤ä½“ä¸­å¯»æ‰¾çŠ¹å¤ªäººçš„è‹¦éš¾ã€‚ä¸Žå…¶ä½™å¯¼æ¼”çš„çºªå½•ç‰‡ä¸åŒï¼Œå¥¹çš„é•œå¤´å­˜åœ¨æ„Ÿæžå¼ºï¼Œä½†å´ä¸å‡å…¶ä¸­çœŸå®žæ„Ÿï¼Œåè€Œå½¢æˆæ¸¸ç§»çš„å¼‚ä¹¡äººä¸ŽæŸä¸€ç¾¤ä½“çš„è‡ªç„¶äº’åŠ¨ã€‚,5,åŠ›è,0,0.9999999924094616
2023-08-05 20:25:24,è è,èµ°è¿‡ä¸€æ¡åˆä¸€æ¡è¡—ï¼Œè·¯è¿‡ä¸€æ ‹åˆä¸€æ ‹å»ºç­‘ï¼Œçœ‹è§ä¸€å¼ åˆä¸€å¼ è„¸ï¼Œå´å‡ ä¹Žå¬ä¸åˆ°ä¸€å¥è¯ã€‚å®žåœ¨æ˜¯å–œæ¬¢è¿™æ ·çš„é•œå¤´å’Œè¡¨è¾¾ï¼Œå¤ªå–œæ¬¢äº†ï¼,3,è¿˜è¡Œ,2,0.4598653405866564
2023-08-05 20:26:04,æœ‰æ»‹æœ‰å‘³æ— è‰²,"ç¬¬ä¸€æ¬¡çœ‹å…¨ç¨‹æ— å°è¯çš„ç”µå½±ï¼Œæ²¡æœ‰å‰§æƒ…ï¼Œè§‚å½±éš¾åº¦è¾ƒé«˜ï¼Œå¼€åœºåŠå°æ—¶å†…æœ‰å°æ‰¹è§‚ä¼—é™†ç»­ç¦»åœºã€‚
æ˜¯è‹è”å€’å°ä»¥åŽçš„å®žæ™¯è®°å½•ï¼Œå…·æœ‰è¾ƒé«˜çš„æ–‡çŒ®ä»·å€¼ï¼Œå› ä¸ºé‚£ä¸ªæ—¶ä»£æ˜¯å†ä¹Ÿå›žä¸åŽ»äº†ã€‚é•œå¤´æˆä¸ºå®¢è§‚å†·é™çš„è®°å½•å·¥å…·ï¼Œé•œå¤´é‡Œçš„ä¿„ç½—æ–¯äººæ°‘å¯¹äºŽé•œå¤´çš„å­˜åœ¨å¤§å¤šæœ‰ç€é™Œç”Ÿçš„å¥½å¥‡æ„Ÿï¼Œä½¿å¾—è§‚è€…æˆä¸ºäº†åœ¨ä¿„ç½—æ–¯æ¸¸è§ˆçš„å¤–å›½æ¸¸å®¢ï¼Œå—äººçž©ç›®ã€‚",4,æŽ¨è,2,0.999999999890099
2023-08-05 20:53:18,å¥å¿˜çš„çŒ«å¤´é¹°,å…¬äº¤è½¦ç«™ã€ç«è½¦ç«™ç­‰å¤šå¤„é™é™æŽ’é˜Ÿã€ç­‰å¾…çš„äººï¼Œå¶æœ‰ç”°é—´åœ°å¤´ã€èˆžåŽ…ã€éŸ³ä¹ä¼šå’Œå®¶åº­ç”»é¢ï¼Œæ— å°è¯ä¹‹åŽç”»é¢å±•ç¤ºå†·æˆ˜åŽåŒ—æ–¹äººä»¬çš„æ—¥å¸¸ï¼Œæ‘„åƒæœºåŽé¢çš„äººä¹Ÿæˆäº†ä»–ä»¬è§‚å¯Ÿçš„å¯¹è±¡ã€‚æ²¡æœ‰å™äº‹é€»è¾‘ï¼Œå´æ¯”ä¸‹åˆä¸¤éƒ¨é˜¿å…‹æ›¼è®©æˆ‘æ›´ä¸“æ³¨ï¼Œ115åˆ†é’Ÿã€‚,4,æŽ¨è,3,0.999990420452763
2023-08-05 20:53:38,è¥¿ç“œå¤§ä¾ å¥³,è¿™æ»¡çœ¼çš„è²‚å„¿ï¼ˆå¸½ï¼‰å•Šï¼ä¸‹é›ªã€ä¸‹é›¨ã€å¤œæ™¯â€¦èˆžè¹ˆã€æœ€åŽè¿˜æ¥äº†ä¸€æ®µå¤§æç´è¡¨æ¼”æ¬£èµï¼Œç™½å™ªéŸ³å¤šï¼Œå¾ˆå¥½ç¡ï¼Œéšæ—¶ç¡åŽ»éšæ—¶é†’æ¥éƒ½ä¸è€½è¯¯ï¼è¿™å“ªé‡Œæ˜¯â€œä¸œæ–¹â€ï¼Œâ€œæ¥è‡ªä¸œæ¬§â€å§ï¼åœºæ™¯ç”»é¢å’Œäººçš„çŠ¶æ€æœ‰äº›è®©äººæƒ³èµ·åŸºè€¶çš„ã€Šåè¯«ã€‹ã€‚ä¸€ç›´è¯•å›¾åˆ†è¾©åˆ°åº•æ˜¯ä¸œæ¬§å“ªé‡Œæ‹æ‘„çš„ã€‚çœ‹ç”»é¢ä¸­å•†é“ºçš„æ–‡å­—åƒä¿„è¯­ï¼ŒæŸ¥äº†ä¸‹è±†ç“£ç®€ä»‹ï¼Œè¯´æ˜¯åœ¨æ³¢ç½—çš„æµ·æ²¿å²¸ï¼Œé›ªæ™¯åœ¨èŽ«æ–¯ç§‘ï¼Œé‚£ä¼°è®¡å…¶ä»–å¯èƒ½æ˜¯çˆ±æ²™å°¼äºšæ³¢å…°ç«‹é™¶å®›æ‹‰è„±ç»´äºšäº†ã€‚è™½ç„¶ä¸çŸ¥é“æ„ä¹‰ä½•åœ¨ï¼ŒçŠ¹å¦‚æ˜Žè§†ä¸Žå·çª¥çš„è®°å½•ï¼Œä½†è¿˜æŒºå–œæ¬¢çš„ å°¤å…¶å‡ ä¹Žé™æ­¢çš„ç§äººå®¶åº­å†…æ™¯ã€‚å¤§è¡—ä¸Šè½¦ç«™å‰æ‰«è¿‡ç­‰å¾…çš„äººç¾¤æ—¶ï¼Œé‚£äº›çœ¼ç¥žæˆ–å¥½å¥‡æˆ–æ¼ ç„¶ï¼Œå¶å°”æœ‰æŠ—æ‹’çš„ï¼Œæ¢æˆä»Šå¤©éƒ½æ³¨é‡éšç§å¤§æ¦‚æ²¡è¿™ä¹ˆå¥½æ‹äº†ã€‚åˆæ˜¯æ— å¯¹ç™½æ— å­—å¹•ï¼Œæœ‰çŽ¯å¢ƒéŸ³å’ŒéŸ³ä¹ã€‚é¦™ç‰¹å°”Â·é˜¿å…‹æ›¼ä½œå“å›žé¡¾ã€‚ä»Šæ—¥é˜¿å…‹æ›¼ä¸‰è¿žä¹‹ä¸‰ã€‚withä¸‹ç­èµ¶æ¥è¿Ÿäº†è¿‘1å°æ—¶çš„é²œè‚‰ã€‚èµ„æ–™é¦†1å·åŽ…çº¦67æˆæ»¡ã€‚ç©ºè°ƒå¼€åˆ°äº†æ•£åœºã€‚,5,åŠ›è,2,0.9999994638095662
2023-08-05 21:01:38,Aboo,å±žäºŽçŸ­æœŸå†…å†æ¬¡æƒŠçŽ°ã€Šæ— è¨€æ—¥è®°ã€‹ã€‚,3,è¿˜è¡Œ,0,0.5069885825334902
2023-08-05 21:03:48,å—æ‚ ä¸€,ç‰¹åˆ«åŽæ‚”è¿‡åŽ»ä¸‰å¹´æ²¡æ‹¿èµ·ç›¸æœºæ‹æ‘„ï¼Œè€Œæ˜¯ä¸“æ³¨äºŽå¾ˆè ¢çš„å·¥ä½œé‡Œé¢ã€‚,3,è¿˜è¡Œ,0,0.8757726086827792
2023-08-05 21:08:32,EzioAuditoreXY,å’Œã€Šå®¶ä¹¡çš„æ¶ˆæ¯ã€‹å‡ ä¹Žç›¸åŒçš„æ‰‹æ³•ï¼Œä½†åœ¨éŸ³è½¨çš„å¤„ç†ä¸Šåˆ™ä¸å¦‚å…¶ä¹‹å‰çš„ä½œå“ï¼Œä¹Ÿæ­£æ˜¯å› ä¸ºåœ¨å£°éŸ³ä¸Šçš„ç¼ºå¤±ï¼ˆæ˜¯å£°éŸ³è€Œéžå¯¹ç™½ï¼‰æ•´éƒ¨å½±ç‰‡å·²ç»æ²¦ä¸ºäº†èŽ«æ–¯ç§‘è¡—æ‹çš„ç¨‹åº¦ã€‚ä½†æœ€åŽé‚£æ®µå¤§æç´ç‹¬å¥æŒºå¥½å¬çš„ï¼Œå°±æ˜¯æœ‰ç‚¹å¤ªä¿„å›½ç¾Žå­¦äº†ã€‚,4,æŽ¨è,1,0.9959113795229928
2023-08-05 21:43:50,ç‘žæ³¢æ©,#èµ„æ–™é¦†ç•™å½±.é˜¿å…‹æ›¼ä¸“è¾‘#ä¸¤å°æ—¶å¦‚åœ¨æ—…é€”ï¼Œ1993çš„èŽ«æ–¯ç§‘å¤§é›ªçº·é£žåŠ«åŽä½™ç”Ÿï¼Œé•œå¤´å‰äººä»¬éº»æœ¨å†°å†·çš„è¡¨æƒ…é€éœ²ç€ç†æƒ³ä¸»ä¹‰å¹»ç­åŽçš„æŸç§å¤æ‚å¿ƒå¢ƒï¼ˆä¸€å¦‚ç–«æƒ…æ—¶æœŸçš„ä¼—ç”Ÿç›¸ï¼‰ã€‚ä¸€å¹•å¹•æ— åºæŽ’åˆ—çš„è¡—æ‹æ‹¼è´´ç”»é¢ï¼Œç«Ÿç„¶å‹¾èµ·æˆ‘çš„æ€€æ—§æƒ…æ„«ä¸Žä¸å¯åçŠ¶çš„ä¹¡æ„ï¼Œè¶…8æ‘„å½±æœºçœŸæ˜¯ä¸€æž¶è¶…ç¥žçš„æ—¶å…‰æœºï¼Œå¼•é¢†è§‚è€…åœ¨åŽ†å²çš„ç»†æµä¸­ä¸€è·¯ç©¿è¡Œâ€¦â€¦é˜¿å…‹æ›¼çš„é«˜æ˜Žåœ¨äºŽå¥¹è¶…ç„¶ç–ç¦»çš„æ€åº¦ï¼Œä½œè€…éšèº«äºŽé•œåƒèƒŒåŽå¯¹çŽ°å®žä¸äºˆç½®è¯„ã€‚åŽ†å²æ¯å¤©éƒ½åœ¨å‘ç”Ÿï¼Œç¬¬ä¸€æ¬¡å¦‚æ­¤æ·±åˆ‡è§‰å¾—ç”µå½±äººæ¯•ç”Ÿæ˜¯ä»¥çºªå½•åŽ†å²ä¸ºä½¿å‘½çš„ï¼Œæ¯•ç«Ÿç”µå½±å°±æ˜¯æˆ‘ä»¬æ˜¨å¤©ä»Šå¤©æ˜Žå¤©çš„åŽ†å²ã€‚,4,æŽ¨è,2,0.9999999999974348
2023-08-05 21:56:43,åä¸€ä¼ç‰¹,"ç”µå½±ç•Œçš„è¿”ç¥–çŽ°è±¡ï¼Œå›žåˆ°ç”µå½±è¯žç”Ÿä¼Šå§‹å¢ç±³åŸƒå°”æ—¶ä»£çš„åŽŸç”Ÿæ€çºªå½•ç‰‡æ ·è²Œã€‚ä¸‰å®…å”±çš„ã€Šæ— è¨€æ—¥è®°2018ã€‹å½¢å¼ç±»ä¼¼ï¼Œä»–æ‹çš„æ˜¯è‡ªå·±ç»åŽ†çš„ç”Ÿæ´»ï¼šé˜¿å…‹æ›¼çš„ã€Šæ¥è‡ªä¸œæ–¹ã€‹åˆ™ä»¥å¼‚ä¹¡äººé™Œç”Ÿè§†è§’æ‹æ‘„åŽè‹è”æ—¶ä»£çš„ä¸œæ¬§ç¤¾ä¼šï¼Œä»Žä¸œå¾·åˆ°æ³¢å…°ã€ä¹Œå…‹å…°å’Œä¿„ç½—æ–¯ï¼ˆæ²¡æœ‰ä»»ä½•å­—å¹•æç¤ºåœ°ç‚¹ï¼Œå¦‚æžœæ˜¯å½“åœ°äººçœ‹æˆ–è®¸ä¼šç†Ÿæ‚‰ï¼Œèƒ½å¬æ‡‚è·¯äººåœ¨è°ˆç€ä»€ä¹ˆï¼‰ã€‚
è¡—æ™¯æ¨ªç§»é•¿é•œå¤´è®°å½•ä¸‹æ—¶ä»£é£Žè²Œï¼Œå¯è§†ä½œ20ä¸–çºªæ–°æŠ€æœ¯ç”»å‡ºçš„ã€Šæ¸…æ˜Žä¸Šæ²³å›¾ã€‹ï¼Œé•¿è½´ç”»å·ç¼“ç¼“é“ºå¼€ã€‚å¦‚æžœä»ŠåŽæœ‰äººæƒ³æ‹90å¹´ä»£åˆçš„ä¿„ç½—æ–¯ï¼Œå¯ä»¥å€Ÿç”¨æœ¬ç‰‡åšæœè£…ç½®æ™¯çš„èµ„æ–™å‚è€ƒã€‚ä¸é€‚åˆåœ¨å½±é™¢å•†ä¸šå”®ç¥¨æ”¾æ˜ ï¼Œå¤ªå¤šçš„é•œå¤´æ‹å‡ºçš„éƒ½æ˜¯ç±»ä¼¼é‡å¤ç”»é¢ã€‚é•¿é•œå¤´å¤§å¤šæ˜¯åœ¨å¤œæ™¯æ‹æ‘„ï¼Œæ‹å…¬å…±æ±½è½¦ç«™å’Œç«è½¦ç«™çš„å€™è½¦äººç¾¤ï¼Œæµ·æŠ¥å›¾ç‰‡é‚£ä¸€é•œæ—¶é—´ç‚¹åœ¨100åˆ†é’Ÿå¤„ï¼Œå‚æ™šå¤©è‰²ç›¸å¯¹è¿˜äº®ä¸€äº›ã€‚
é˜¿å…‹æ›¼åœ¨ä¸ƒåå¹´ä»£ç”µå½±ç»“å°¾æ€»ä¼šæœ‰çš„å·§æ€å¤„ç†ï¼Œåˆ°äº†ä¹åå¹´ä»£éƒ½çœ‹ä¸åˆ°äº†ã€‚",4,æŽ¨è,1,1.0
2023-08-05 22:10:20,åŒ—æ²³æ²¿äº•æ–¯å¡”,2023.8.5ä¸­å›½ç”µå½±èµ„æ–™é¦†ã€‚èŠ±äº†60å—æ¥æ²‰æµ¸å¼ä½“éªŒè‹è”è§£ä½“ä¸¤å¹´åŽçš„èŽ«æ–¯ç§‘è¡—æºœå­ç”Ÿæ´»ã€‚åªè®°å¾—åœ¨ç§©åºæ—©å·²ç“¦è§£çš„ä¸–ç•Œé‡Œï¼Œè¡Œèµ°çš„äººä»¬æ–¹å‘ä¾ç„¶æ˜Žç¡®ï¼Œç›®å…‰é‡Œæ»¡æ˜¯å°Šä¸¥ã€‚æ— æƒ…èŠ‚æ— å­—å¹•ï¼Œç™¾åˆ†ä¹‹ä¸ƒå…«åæ˜¯å¹³ç§»é•¿é•œå¤´çš„è¡—æ™¯ï¼Œå‰©ä¸‹çš„å®¤å†…ç”»é¢åƒå®¶åº­ç›¸å†Œé‡Œæž„å›¾å¤å…¸çš„åŠ¨æ€ç…§ç‰‡ï¼ŒBç«™é‚£äº›æ ‡é¢˜ä¸ºæŸå¹´æŸåŸŽå¸‚è¡—æ™¯çš„åŽ†å²é•œå¤´ä¹Ÿæ˜¯è¿™ç§æ•ˆæžœå‘€ï¼è§†è§’å¤ªå¤–æ¥è€…ï¼Œåªæ˜¯å°å¿ƒè¿‡è·¯ï¼Œå’Œç«è½¦ç«™/å…¬äº¤è·¯ç‰Œçš„æ— æ•°é¢å­”æ“¦èº«è€Œè¿‡ï¼Œè¢«ä»–ä»¬åŒæ ·å¥½å¥‡åœ°æ‰“é‡ã€‚è¿™æ ·æœªå…å¤ªæµ®å…‰æŽ å½±ï¼Œæ²¡å’Œå¯¹è±¡å½¢æˆäº¤æµï¼Œæˆ–è€…è¯´è¿™æ—¶å€™æ¬§æ´²çš„ä¸œéƒ¨å’Œè¥¿éƒ¨ä»ç„¶æ— æ³•äº’ç›¸ç†è§£â€¦â€¦,5,åŠ›è,2,0.9999999999977596
2023-08-05 22:18:03,voiwereni,æˆ‘çš„å¿ƒç†æ—¶é’Ÿå‡ºçŽ°äº†æžå¤§çš„åå·®ï¼Œæˆ‘æ„Ÿè§‰ä¸¤ä¸ªå°æ—¶åº”è¯¥åˆ°äº†çš„æ—¶å€™ç”µå½±å¯èƒ½æ‰åˆšè¿‡åŠã€‚æˆ‘çœ‹è¿™ä¸ªçš„æ„Ÿè§‰å¯èƒ½è·Ÿå¤–å›½äººçœ‹ã€Šé“è¥¿åŒºã€‹å·®ä¸å¤šï¼Œå½±åƒçœ‹èµ·æ¥å¾ˆç‰¹åˆ«ï¼Œæœ‰çº¯ç²¹é²œæ´»çš„åŽ†å²ç—•è¿¹ï¼Œå¯æ˜¯åˆæœ‰é™Œç”Ÿæ„Ÿéš¾ä»¥å…±æƒ…ã€‚å½±ç‰‡é‡Œå‡ºçŽ°çš„ä¸€å¼ å¼ é¢å­”å’Œæˆ‘å¯¹è§†ï¼Œå¯èƒ½æ¯”æˆ‘ä¸€è¾ˆå­è§è¿‡çš„ä¿„ç½—æ–¯äººéƒ½å¤šã€‚ç©ºå¢ƒé‡Œæˆ‘ä¸æ–­èµ°ç¥žï¼ŒæŠŠæœ€è¿‘æŽ¥è§¦åˆ°çš„äº‹ç‰©å·®ä¸å¤šéƒ½æƒ³äº†ä¸€éï¼ŒæŠŠå‘¨èº«ä¸»è¦çš„è‚Œè‚‰é”»ç‚¼æˆæžœæ£€éªŒäº†ä¸€éï¼Œè¿˜åœ¨è„‘å­é‡Œå”±äº†å¥½å‡ éè›™æ± çš„ã€ŠæœèŠ±ã€‹ã€‚ç»ˆäºŽæƒ³å‡ºäº†è¿™ç§å¾ˆæ€€æ—§çš„æ°‘è°£æ­Œæ›²å¼å”±æ³•å’Œæ—‹å¾‹çš„ä¸€ä¸ªå‚ç…§ç‰©æ˜¯ã€Šé»„åœŸé«˜å¡ã€‹ã€‚,3,è¿˜è¡Œ,1,0.9999999999986218
2023-08-05 22:24:38,FakeRubberTree,#èµ„æ–™é¦†#,4,æŽ¨è,0,0.0328438752746986
2023-08-05 22:27:54,cr,æœ€è¿‘å¥½è„†å¼±çœ‹å•¥éƒ½å“­ï¼Œä¸‹é›ªé‚£æ®µç›´æŽ¥å›žåˆ°åŠå¹´å‰ã€‚å–œæ¬¢è¿™äº›å‡è§†æ‘„åƒæœºçš„é¢å­”ï¼Œçœ‹åˆ°å¥¹ä»¬çš„æ—¥å¸¸ç”Ÿæ´»ï¼Œä¼¼ä¹Žä¸€åˆ‡éƒ½æ— å…³ç´§è¦ï¼Œç»ˆç©¶ä¼šè¿‡åŽ»çš„ã€‚ï¼ˆæ²¡æœ‰å¯¹ç™½å¯ä»¥æ”¾è‚†å‘å‘†å“ˆå“ˆå“ˆè¿žç‹‚æš´ä¹‹å¾’è¿›å±‹æ‰«å°„æˆ‘è—å“ªéƒ½æƒ³å¥½äº†,4,æŽ¨è,3,0.9994209785026448
2023-08-05 23:07:46,äº•æˆ’,ç•™ä½æ—¶é—´ã€‚å¯èƒ½å¦‚æžœæ‹çš„æ˜¯ä¸­å›½ï¼Œè§‚ä¼—å°±æ›´æœ‰å…´è¶£çœ‹ä¸‹åŽ»äº†ã€‚,4,æŽ¨è,1,0.9604463371727372
2023-08-06 00:02:12,æ°§æ°”é±¼,è§‚å½±è¿‡ç¨‹å°±åƒå†¥æƒ³ä¸€æ ·ï¼šç”µå½±å°±åƒå‘¼å¸ï¼Œç»“æžœæ€ç»ªæ€»æ˜¯é£˜èµ°ã€‚å¬æŸä¸ªæ’­å®¢æƒŠè®¶çš„å‘çŽ°ï¼Œæ³•è¯­ä¸œæ¬§å…¶å®žç›´è¯‘å°±æ˜¯ä¸œæ–¹ã€‚å¦‚æžœæ²¡æœ‰é‡‘å‘ç¢§çœ¼çš„æ´‹äººï¼Œè¿™å°±æ˜¯åŒ—äº¬å•Šï¼Œå¤ªç†Ÿæ‚‰å•¦ï¼šå¤§å®¶æ²¡é’±æ‰€ä»¥éƒ½åå…¬å…±äº¤é€šï¼ˆæ›´æ—©ä¹‹å‰çš„å“ˆå†…å…‹ã€Šç¬¬ä¸ƒå¤§é™†ã€‹å¥¥åœ°åˆ©å¼€åœºå°±æ˜¯ä¸­äº§é˜¶çº§å®¶åº­æ´—è½¦ï¼‰ï¼Œçœ‹èµ·æ¥å®Œå…¨ç›¸åŒçš„å°åŒºç­’å­æ¥¼ï¼Œè£…ä¿®é£Žæ ¼å’Œä¹˜å®¢å½¢æ€ï¼ˆé™¤äº†å½“æ—¶ä¸çœ‹æ‰‹æœºï¼‰éƒ½ç±»ä¼¼åŒ—äº¬ç«™çš„ä¸œæ¬§ç«è½¦ç«™ã€‚æ€Žä¹ˆèƒ½å¤ŸæŠ‘åˆ¶ä½è¯±æƒ‘ï¼Œä¸åœ¨ä¹Žå¼‚ä¹¡å±±æ°´åèƒœï¼Œè€Œå®Œå…¨ä¸“æ³¨äºŽæ™®é€šäººçš„ç”Ÿæ´»çŠ¶æ€ï¼Ÿ,4,æŽ¨è,4,0.9999999974445152
2023-08-06 01:43:32,ç¥è€å…­,é˜¿å…‹æ›¼èƒ½åœ¨ä¸åŒçš„é•œå¤´å±‚æ¬¡è¿›è¡Œæ— ç¼åˆ‡æ¢ã€‚å¼€åœºæ²™æ»©ä¸¤äººä¸‹æ£‹ï¼Œæ˜¯å®Œå…¨å°é—­åœ¨çª—å†…ï¼Œå£°æºå³ä½¿åœ¨çª—å¤–å¯è§ï¼ŒäºŒäººæš´éœ²åœ¨çª—å¤–å’Œé“¶å¹•å‰è§‚ä¼—çš„ä¸¤é‡ç©ºé—´ã€‚è€Œåˆ°åŽæ¥çš„ç¾¤åƒå¹³ç§»é•œå¤´ï¼Œæ˜¾ç„¶ä¸æ˜¯çª¥æ·«è§†è§’ï¼Œé‡Œé¢äººä¸æ˜¯é€ƒé¿æ‘„å½±æœºçš„ç›®å…‰å°±æ˜¯çœ‹å›žæ¥ï¼Œæž„æˆäº†é“¶å¹•å†…å¤–ç›¸è¿žäº’çœ‹çš„ç´§å¼ å…³ç³»,4,æŽ¨è,0,0.999541774993865
2023-08-06 02:54:26,ç¥–èŒæ— åŒ,èµ„æ–™é¦†æ–°ä¿®å¥½çš„ç©ºè°ƒï¼Œä¸¤å°æ—¶æ— å¯¹ç™½æ— å­—å¹•æ— å‰§æƒ…æ— å†²çªï¼›å¸å›½æ–œé˜³ã€æƒ¨ç»¿æ»¤é•œã€æ¸…æ˜Žä¸Šæ²³å›¾ï¼›å›ºå®šäººç‰©é•œå¤´ï¼Œæ²‰é»˜çš„å¥³æ€§å’ŒåŽ¨æˆ¿,4,æŽ¨è,0,0.7767974991176267
2023-08-06 15:46:12,cinuts,â€œç›¸äº’æ³¨è§†â€çš„å·¡æ¸¸è®©æˆ‘åŽŒæ¶,1,å¾ˆå·®,0,0.9801501824870452
2023-08-07 14:55:59,å¾®åˆ†æµå½¢,éžå¸¸é‡è¦çš„ä½œå“ï¼Œè®°å½•äº†è‹è”è§£ä½“åŽä¸œæ¬§çš„ç”Ÿæ´»ï¼Œæ—¢æœ‰ç§äººç©ºé—´ä¹Ÿæœ‰å…¬å…±ç”Ÿæ´»ï¼Œå…¨ç‰‡æ— å¯¹ç™½æ— æƒ…èŠ‚ï¼Œæ˜¯é˜¿å…‹æ›¼å¸¸ç”¨çš„å‡è§†æ‹æ³•ï¼Œä½†åŠ å…¥äº†å¤§é‡çš„æ¨ªç§»é•¿é•œå¤´ï¼Œä½¿å¾—å½±åƒæ›´å…·éŸµå¾‹æ„Ÿã€‚éƒ¨åˆ†åœºæ™¯ç–‘ä¼¼æ‘†æ‹ï¼Œäººç‰©çš„ç«™ä½å’Œé€ åž‹å…·æœ‰å½¢å¼ä¸»ä¹‰çš„å¥‡è§‚æ„Ÿ,4,æŽ¨è,0,0.9999724984877228
2023-08-13 00:46:47,narcissism,"indifferent& hyperrealistic.Camera slowly moved, ocassionally took static shots towards the bypass passengers or waiting people, an interesting reflection constructed between the spectators-offscreen and the subjects-onscreen whereupon the scholars regard it as an issue of attention and distraction( deconstruct the â€œviewâ€ discourse system )",5,åŠ›è,0,0.1264327124429911
2023-08-24 12:54:32,woniu2048,ç”µå½±çš„æœ€é«˜å¢ƒç•Œå¿…ç„¶æ˜¯æ— å£°ï¼Œé•œå¤´ã€è°ƒåº¦â€¦â€¦æƒ…ç»ªå°±åœ¨å¹•å¸ƒåŽé¢,4,æŽ¨è,0,0.9906528788459228
2023-08-31 02:42:11,ä¸€æ ¹é¸¡æ¯›èœ,Ohï¼Œmy fake dreamï½ž,3,è¿˜è¡Œ,0,0.4476784585098667
2023-09-04 17:41:34,RhÃ¦gÃ¥rl,"å¯¼ç¼–éŸ³å‰ªéƒ½æ˜¯ä¸€å®¶äººå‘œ
å¨œå¡”èŽ‰äºšÂ·æŸ¥éœå¤«æ–¯å¡å¨…(1935-2017ï¼‰ï¼Œå¤§æç´å®¶ï¼Œå¥¹æ˜¯1962å¹´æŸ´å¯å¤«æ–¯åŸºå¤§æç´æ¯”èµ›çš„ç¬¬ä¸€ä½èŽ·èƒœè€…ã€‚",4,æŽ¨è,0,0.9349359059480928
2023-09-12 01:03:00,æ”¾å¤§çš„å¤œé‡,å¼€å§‹è®¡æ—¶ä¸€å¤è¿èµ°ï¼Œæ—©ç‚¹å…¥å†¬ä»¤å¤–èƒ½å¤Ÿï¼Œè¿˜è¯´å•¥å‘¢é“éƒ½é“äº†ä½ æƒ³è¿‡å—æˆ‘æœ‰æ¥æ¬§ï¼Œå†ç©¿ç©¿å§ä¸å…·åçš„ç®—ä¸ªæ€»çš„æ–¹æœ‰è¡€è‚‰ï¼Œéƒ½ç¤¾å®Œäº†éƒ½æµæ·Œç€ä¸€èµ·æŸ“çº¢ç™½ç­‰é®ä¸‘ï¼Œå®ƒæ˜¯æ¯”ä»Žå‰å¿«äº†è€æ’­äº›æ²¡æ„æ€çš„åŠ æ·±å°è±¡ä»¥ä¿„ä¼ ä¿„è®©é£Žå£°çˆ¬æ¥¼ï¼Œé€šå¸¸æ„ä¹‰çš„å¿«ä¹çœŸç©ºåŒ…è£…é”ä½æ°´åˆ†å¾®å¾ªçŽ¯äº†å¤§å‡ºé£Žå¤´ï¼Œå¯†åº¦ä¸åŒçš„æ—¥å¤œæ‹‰ä¼¸çŸ­è¾¹æµ…æºåœ°éœ‡é»˜è®¤å€¼äº†ä»£è¡¨æœ€æœ‰ï¼Œç«™åŽ…æˆ˜å£•ç«™ç‚¹æˆ˜å½¹æˆ˜ç•¥å‚¨å¤‡äººäººä¸ºäººåŠè‡ªåŠ¨åˆ°å…¨å¾—æ‰¿å—ï¼Œéƒ½å…ˆé—­äº†æ²¡å†æ”¹å£ï¼Œè¿½è‡³è¶Šè¿‡ç´§éšå…¶åŽã€‚,3,è¿˜è¡Œ,0,0.9991550463804296
2023-09-18 13:28:23,å°å,3.5æ˜Ÿï¼Œç åŽç®€è¯„ã€‚è€å®žè¯´ï¼Œè¿™æ ·çš„çºªå½•ç‰‡çš„ç¤¾ä¼šæ„ä¹‰å’ŒåŽ†å²æ„ä¹‰è¿œè¿œå¤§äºŽè‰ºæœ¯è¡¨è¾¾ï¼Œå³ä½¿çœ‹ä¸ŠåŽ»å®ƒçš„ç¡®æ²¡æœ‰å¤šå°‘è‰ºæœ¯å¤„ç†ï¼Œæ¾æ•£ï¼Œæ— åºï¼Œä»¥åŠç»“å°¾çš„æˆ›ç„¶è€Œæ­¢ï¼Œå‰©ä¸‹çš„åªæ˜¯ä¸€å¼ å¼ åœ¨æ—¶ä»£å·¨å˜ä¸­å¾®å¦™å¹³å‡¡çš„é¢åºžã€‚,4,æŽ¨è,0,0.9999999716009011
2023-09-20 16:05:19,ä¹”,æµ·æŠ¥å›¾ï¼Œå¯ä»¥æ˜Žæ˜¾çš„æ„Ÿè§‰åˆ°åœ¨è¿™ä½å¥³å£«å‡ºçŽ°çš„æ—¶å€™åœé¡¿çš„æ¯”å…¶ä»–é•¿ï¼ŒåŽé¢çš„ä¸€ä½æˆ´æ¯›å¸½å­çš„å¥³å£«è„¸å’Œå¸½å­éƒ½åƒæ¼«ç”»é¢çº±é‡Œçš„å¥³ä¸»ã€‚è‰²å½©ã€‚ä¸€äº›æˆ‘ä»¬çš„90å¹´ä»£å³è§†æ„Ÿï¼Œ80å¹´ä»£çš„èˆžåŽ…ã€‚è‰²è°ƒï¼Œç¯å…‰ï¼Œå¥¹å¤ªä¼šæ‹äº†ã€‚è½¦ç«™,5,åŠ›è,0,0.9762733518488256
2023-10-28 00:50:45,æˆ‘ä»¬åœ¨ä¸€ä¹å…«å››,é˜¿å…‹æ›¼çš„ç”µå½±éžå¸¸é€‚åˆçœ‹ä¸¤éï¼Œç¬¬ä¸€æ¬¡æ„Ÿå—å¥¹ç²¾å¿ƒæ‰“é€ çš„ç”»é¢ï¼Œç¬¬äºŒæ¬¡ä¸€ç¬”ä¸€ç¬”è®°å½•å¥¹çš„ç”»é¢ï¼çœ‹è¿™éƒ¨æ—¶å…¨ç¨‹éƒ½åœ¨æƒŠå¹é˜¿å…‹æ›¼çŽ¯çŽ¯ç›¸æ‰£çš„ç”»é¢å’Œé€»è¾‘ï¼è¿™éƒ¨ç”µå½±å°±æ˜¯é˜¿å…‹æ›¼ä»Žè¥¿æ¬§å‡ºå‘ï¼Œä¸€è·¯å‘ä¸œæ¥åˆ°ä¿„ç½—æ–¯ï¼Œä»ŽéƒŠå¤–æ¥åˆ°åŸŽå¸‚ä¸­ï¼Œä»Žç™½å¤©éšç€å…¬äº¤è½¦åœ¨åŸŽå¸‚é€›ï¼Œç›´åˆ°é»‘å¤œå›žåˆ°éƒŠå¤–ï¼Œç¬¬äºŒå¤©æ¸…æ™¨åœ¨æ¥åˆ°åŸŽå¸‚ï¼Œå…¨ç‰‡ç»“æŸã€‚æ­¤å¤–å°±æ˜¯ä¼—å¤šéšç€å…¬äº¤è½¦è¡Œè¿›è€Œäº§ç”Ÿçš„é•¿é•œå¤´ï¼Œæ¯”å¦‚ä»Žå€™è½¦å¤§åŽ…å†…éƒ¨æ‹åˆ°å…¬äº¤è½¦ç«™çš„å·¦å³å³å·¦çš„ï¼›åœ¨å¤§åŽ…æ ‡å¿—æ€§çš„å¤šä¸ª360åº¦è¿žç»­æ‹æ‘„çš„ã€‚å°¤å…¶åœ¨å…¬äº¤è½¦ç«™æŠŠç­‰è½¦çš„äººç¾¤æ‹å¾—æžå…·å¼ åŠ›å……æ»¡æˆå‰§æ„Ÿçš„ç”»é¢ï¼Œæ¯”çˆ±å¾·åŽéœæ™®éœ‡æ’¼ï¼Œåªä»¤äººæƒ³åˆ°å²è¯—æ¢å¼˜å¤§æ°”ã€‚å®¤å†…å¯¹ä¸ªäººçš„æ‹æ‘„ï¼Œäººä¸Žç©ºé—´çš„è‰²å½©æ­é…ï¼Œä»¤äººå«ç»ã€‚å½“ç„¶è¿˜æœ‰ä¸¤ä½è€å¦‡äººåœ¨é“è·¯æ—ï¼Œæ‹æ‘„è€å¦‡äººæ”¶å‰²åº„ç¨¼çš„ç”»é¢ï¼Œè®©æˆ‘æƒ³åˆ°äº†ç±³å‹’ï¼›ä¸€ä¸ªå¥³å­©åƒé¢åŒ…é¦™è‚ ã€‚è¢«æ‹æ‘„åˆ°ç”»é¢çš„æ‰“æ‹›å‘¼å’Œå®³ç¾žä¸å¥½æ„æ€ï¼Œéƒ½è®©äººå¿ä¿Šä¸ç¦ï¼Œå¯¼æ¼”å¾ˆå¹½é»˜ï¼,5,åŠ›è,0,1.0
2023-11-10 20:59:26,ç³–ç½å­.,é‡çœ‹ã€‚,4,æŽ¨è,0,0.3981357624079996
2023-11-10 20:59:26,ç³–ç½å­.,é‡çœ‹ã€‚,4,æŽ¨è,0,0.3981357624079996
2023-12-09 02:34:09,duang,9.2/10,3,è¿˜è¡Œ,0,0.5
2023-12-15 20:36:34,çŒ«å’ªå»ºç­‘å¸ˆ,"1h55min, Icarus Films, a restoration by CINEMATEK royal film archive of belgium. æœ€åŽå¤§æç´æ˜¯Natalia Shakhovskayaï¼Œ17å¹´åŽ»ä¸–çš„",4,æŽ¨è,0,0.5405044682981378
2024-01-21 17:16:17,Herring,å¦‚æžœæ²¡æœ‰è¯­è¨€ï¼Œä»…é å½±åƒï¼Œæˆ‘ä»¬æ€Žæ ·æ„Ÿå—å¯¹æ–¹çš„å­˜åœ¨ï¼Œåˆå¦‚ä½•ç†è§£å¯¹æ–¹çš„è¡Œä¸ºå’Œå­˜åœ¨ã€‚å¯èƒ½æ˜¯é è¡¨æƒ…ï¼Œå¾®ç¬‘ï¼Œå‡è§†ï¼Œæ·±æ€ï¼Œæˆ’å¤‡ï¼Œåˆæˆ–æ˜¯éŸ³ä¹ï¼Œé‚£æ˜¯äººç±»å…±åŒçš„è¯­è¨€ï¼Œåˆæˆ–æ˜¯å…¶ä»–ï¼Œæˆ‘ä¸çŸ¥é“ï¼Œåœ¨è¿™äº›é™Œç”Ÿäººçš„ç”Ÿå‘½çš„æŸä¸ªç¢Žç‰‡é‡Œï¼Œæˆ‘çœ‹åˆ°äº†ç›¸ä¼¼æ€§ã€‚é¥è¿œåˆç†Ÿæ‚‰ã€‚,4,æŽ¨è,0,0.999998980387828
2024-01-22 21:35:12,emfrosztovis,çœ‹é‚£äº²å¯†ä¸Žéš”ç»ä¹‹é—´ã€æŽ¨è½¨ä¸Žé©¾é©¶ä¹‹é—´ä»¤äººå¿§ä¼¤çš„éžç•Œé™ã€‚ç”µå½±çœ¼æ˜¯æœ€ç¬¨æ‹™çš„å¤©ä½¿ã€‚,5,åŠ›è,1,0.9999781382853958
2024-02-01 00:22:54,2046å°é©¬,24/1/31ï¼šå½“äººä»¬è¯´å­˜åœ¨ä¸€ç§å¥³æƒä¸»ä¹‰ç”µå½±è¯­è¨€æ—¶ï¼Œå°±å¥½åƒåœ¨è¯´å¥³æ€§åªæœ‰ä¸€ç§è¡¨è¾¾è‡ªå·±çš„æ–¹å¼ã€‚å¯¹äºŽé˜¿å…‹æ›¼æ¥è¯´ï¼Œæœ‰å¤šå°‘ä¸ªäººå°±æœ‰å¤šå°‘ç”µå½±è¯­è¨€ã€‚<D'Est>å°†å¥³æ€§ä»Žå®¶åº­ç”Ÿæ´»å™äº‹ä¸­è§£æ”¾å‡ºæ¥ï¼Œå‡ ä¹Žæ¯ä¸ªè¢«é˜¿å…‹æ›¼çš„ç›¸æœºæ•æ‰åˆ°çš„äººä¼¼ä¹Žéƒ½åœ¨æ— ä¼‘æ­¢åœ°ç­‰å¾…å¤©çŸ¥é“ä¼šå‘ç”Ÿä»€ä¹ˆï¼Œé•œå¤´æœ‰é™æ­¢çš„å›ºå®šè§†è§’ï¼Œæœ‰å¹³ç§»ï¼Œæœ‰æ²¿ç€è¡—é“å’Œå°è·¯ç¼“æ…¢ç§»åŠ¨ï¼Œæœ‰å®¤å†…å›´ç»•ä¸­å¿ƒç‚¹æ—‹è½¬ï¼Œå½±ç‰‡çš„å®žæ—¶é•¿é•œå¤´å¼ºè°ƒäº†ä¸ªäººåŽ†å²å’Œé›†ä½“åŽ†å²ä¹‹é—´è”ç³»çš„å¾ªçŽ¯æ€§ï¼Œè°ƒæŸ¥äº†ä¸œæ¬§é›†å›¢å´©æºƒåŽä¸ç¨³å®šæ—¶æœŸäººä»¬çš„ç”Ÿæ´»æ•…äº‹ï¼Œå¸¦ç€åŽ†å²åè§çœ‹è¿™éƒ¨ç”µå½±çš„äººå¯èƒ½ä¼šè¯´ï¼Œä»–ä»¬æ­£åœ¨ç­‰å¾…å‡ºç”Ÿåœ¨æ–°ä¸–ç•Œä¸­ï¼Œæˆ–è€…æ­»äºŽæ–°ä¸–ç•Œä¸­ã€‚è€Œè¿™äº›é•¿é•œå¤´ç¡®ä¿äº†è§‚ä¼—å§‹ç»ˆçŸ¥é“æˆ‘åœ¨å“ªé‡Œã€‚,3,è¿˜è¡Œ,0,1.0
2024-03-06 23:59:49,å®†äº—,çœ‹ç€çœ‹ç€è§‰å¾—è¿™ä¸ªä¸–ç•Œæ²¡ä»€ä¹ˆæ˜¯ä¸å¯èžåŒ–çš„ï¼Œä¸¤ç§åšå®šèžåŒ–åŽæˆä¸ºå¦ä¸€ç§åšå®š,5,åŠ›è,0,0.9941836548208658
2024-03-16 18:40:24,Blackmgk,æ¼«é•¿çš„ç¼“æ…¢å¹³ç§»çš„é•œå¤´åº”è¯¥æ˜¯å…¶äº®ç‚¹å§ã€‚åœ¨å®¶ä¹¡æ¥ä¿¡ä¸­ä¹Ÿæœ‰è¿‡è¿™æ ·çš„é•œå¤´ã€‚å·è½´å¼å±•å¼€ï¼Œä¸æ—¶ä¸Žç”»ä¸­äººå¯¹è§†ã€‚,5,åŠ›è,0,0.982430026090236
2024-03-17 11:02:04,æµå²‘è·,web-dl,5,åŠ›è,0,0.5
