2009-08-04 15:32:45,喘喘,zk,4,推荐,0,0.5
2009-08-09 15:21:33,大奇特(Grinch),镜头很凌厉，音乐相当突出，普雷明格黑色电影的典范,4,推荐,2,0.8341460266774754
2009-08-23 21:35:57,左胸上的吸盘,一个总被人算计，活在阴谋中的倒霉蛋的故事，演员不错，但不知道他们卖力演了这么一出主角被各种人整的傻逼片子到底图个什么。另外傻逼们津津乐道这是第一部出现吸毒的电影，第一就这么牛逼么？难道你妈的第一次不是给了你爸，所以你看见“第一”这两字就耿耿于怀？我操你们妈的,2,较差,8,0.9998737027449468
2010-06-28 23:12:08,mongolialong,好多早期电影的结尾都值得学习。,4,推荐,0,0.998884709258548
2010-10-17 18:51:27,易老邪,4星半,4,推荐,0,0.1417706279221743
2010-10-18 18:23:58,惧色,这才是黑色电影中最好的爵士配乐,5,力荐,2,0.888946031348349
2010-10-25 12:45:10,Soc,现实和电影一样，没一次是你以为的那样,5,力荐,0,0.7600568990843154
2010-11-12 17:26:38,上林苑,我看过最早的吸毒电影，联想《桃色凶案》的强奸，《华府风云》的同性恋，奥托普雷明格真是挑战审查制度的先锋和扩展电影题材的旗手。 FrankSinatra在爵士鼓前小露几手很拉风；EleanorParker是个很有味道的少妇，哪怕在轮椅上； 自从《眩晕》之后，见KimNovak好难,4,推荐,11,0.995132173147074
2010-11-12 23:43:25,秦诺诺,西纳特拉演的不错，不过一直在想要是这个角色由白兰度来演会是个什么样子呢，哈哈哈，JAZZ配乐也相当的到位。,4,推荐,1,0.9991292308835056
2010-11-13 17:40:53,桃桃林林,怕是最早的关于吸毒的故事了吧。配乐实在太强了，整个情绪都被调动起来了。奥托·普莱明格很擅长营造一种紧张的气氛。,4,推荐,6,0.9916061360326494
2011-04-03 21:23:24,stknight,奥托·普雷明格这部电影相当不错啊，也是我目前看过的最早的探讨毒瘾的影片，容易让我联想到最早探讨酗酒的《失去的周末》。实在没想到弗兰克·辛纳特拉能够演得这么好，另外演他妻子的埃琳诺·帕克也挺让人印象深刻。她的这个角色固然有可恨之处，但实际上也是很可怜的，她只是想留住弗兰奇的爱...,5,力荐,1,0.9999999528003234
2011-04-24 15:51:22,christann,看过涉毒最早的一部电影。如果做庄不出老千，那“金臂”不是徒有虚名吗？如果明知道会出千，发现了又有啥好大惊小怪的？,4,推荐,2,0.9066426112911008
2011-05-12 21:34:43,空羽,宗师级别,5,力荐,0,0.7017058846761752
2011-07-25 21:10:21,[已注销],"What a soundtrack! The movement of Frank Sinatra is so beautiful, and the score captured his walking rhythm and his anxiety perfectly. And the camera movement is just SENSATIONAL.",5,力荐,0,0.0479051604146978
2011-08-05 16:10:07,朱朱朱朱,情节丰富却不显杂乱 ,5,力荐,0,0.5641969596257167
2011-08-22 10:52:30,查明Shan,第一次在这个年代的黑片中看到drug问题体现。jazz meets film!,4,推荐,0,0.9119017569464364
2011-09-29 00:34:17,purr,又见Novak，一入虎穴音乐就亢奋起来了,3,还行,1,0.4468872559020501
2011-12-04 10:55:58,柏拉不图,整部电影的爵士配乐很给力。一开始就觉得男主角很眼熟，一时没想起来，最后一查，原来是Frank Sinatra ，如果他在里面开口唱一嗓子就过瘾了。八卦一下，这部电影的片头设计是美国著名设计师索罗.巴斯。,5,力荐,1,0.9999620357760652
2012-04-08 17:28:50,浮世蛋,看电影的同时还看题玩电脑看照片聊天。。不过觉得还挺好看的，男猪脚挺杯具，女主角长得漂亮人也特别好～,5,力荐,0,0.9995093319316416
2012-09-08 22:55:25,琧婯,伯恩斯坦经典配乐 爵士真赞 著名的片头同名曲 有个神经病老婆的人太可怜了,4,推荐,0,0.9256653544793528
2012-10-06 05:32:56,肖三爷,不看字幕的老电影真是考验听力... 演技太好电影还行 左西坏的太纯粹了不科学,4,推荐,0,0.980679185529485
2012-12-04 10:24:44,HurryShit,Hands of Orlac。好女孩／壞女孩。場面調度棒，音樂帶勁！,4,推荐,1,0.9910189915024872
2013-01-31 14:28:15,影中漫步,走出了吸毒戒毒场面的第一步.,3,还行,0,0.9938030131288488
2013-02-25 08:40:20,a little mark,我还是很喜欢这部的~最爱的黑色导演之一和3个我喜欢的男女演员。,3,还行,0,0.9998672327849402
2013-09-19 22:33:19,…,激烈的剧情设置不会使一部电影更好，如果过度反而会让它变得不稳定甚至混乱。佐希的角色设定因此是相当失败的。完全地下社会的场景设置也让这电影不是很有说服力。不过，配乐和弗兰克辛纳屈的表演带来了足够的气氛，还有普雷明格的长镜头就和这部电影对毒品和审查制度的挑战也非常引人注目。,3,还行,0,0.9999996860813788
2013-10-03 23:30:16,dinosaurs,低于预期的一片。文本几乎局限在戒毒训诫的范畴里。不过辛纳川演得是挺动人的。奥托普雷明格的电影让我很难诚心去爱，比如劳拉。。。他有点像希区柯克，在他们懂得的领域，他们闭着眼也可以做到十分老辣，但到此为止，意义既不深入也不展开，只是停在原地。,3,还行,1,0.9999989353942426
2013-11-11 19:32:39,私房歌,据说这是最早的涉毒影片。,3,还行,0,0.4970663638639508
2013-11-18 20:45:21,雨王拧发条鱼,热泪盈眶看完这部电影，“毒瘾”真是隐喻。 法兰克·辛纳屈和金·诺瓦克表演太棒了，配乐精彩！,5,力荐,0,0.9999955218150942
2013-12-26 21:27:44,了花,不够黑色总觉得男主最后得死了结果是HE其余都非常好,4,推荐,0,0.6140867797941661
2013-12-27 21:28:06,Février,【油管英字 http://www.youtube.com/watch?v=-N1DanrS-bo】普雷明格的片头总是这么酷么！刚知道Eleanor Parker也是这个月去世的，9号，她在《Detective Story》中的角色我很喜欢，毒品太可怕了,4,推荐,1,0.974398329173432
2014-02-07 10:29:21,LOOK,3.5 标准的高质量B级片，近乎纯内景的空间内搭配长镜头把控下的舞台调度，强力烘托出了笼罩在毒瘾阴影之下的压抑恐惧气氛。鼓点配乐作为内心撞击的外显以及叙事主轴的推力，效果突出。整体水准不如同类题材的《失去的周末》。,3,还行,3,0.9996253039951248
2014-02-22 02:22:18,Morkrum,2:22……,3,还行,0,0.5
2014-03-16 19:08:45,godannar,可能是普雷明格太计较于和PCA的斗争，电影明显过度向Sinatra的“本色”演出倾斜，而忽略了腾出其他漩涡中人的演出空间。尤其是Eleanor Parker，天生就是要毁灭男人的公主，结果给普雷明格折腾成一只受惊的猫。好在，最后她得到了一个机会。坏在，noir的部分早就结束了。,3,还行,0,0.9997235635517524
2014-04-05 03:50:57,石墙,越到后面越有意思，正当男主角即将戒掉毒瘾挽回生活尊严的时候，这部黑色电影的落脚点却放在了那个假装跛足的女人身上。总要有人沉迷并且毁灭，不是因为毒瘾，就是因为爱欲。,4,推荐,0,0.9999984288322008
2014-12-12 10:33:30,kubrick215,这是一部讲绝望的电影 长镜头 明星 爵士乐 黑色主题 导演很有野心 但是片子效果很平庸 主要原因是表演很平庸！不光是辛纳屈，还有诺瓦克！,4,推荐,0,0.9968537473607022
2015-03-10 22:31:45,九命猫@victor-eyes,sinatra演瘾君子演得很好呢，诺瓦克演好女人不习惯哈哈哈。对着装残疾的控制欲老婆真是爱不起来啊。。这个女的完全可以得最佳女配了。爵士配乐很赞，鼓声烘托心理啥啥的不输《鸟人》,5,力荐,2,0.999923182679978
2015-03-13 18:28:06,休·D·天然兽,http://dianying.fm/movie/the-man-with-the-golden-arm/,4,推荐,0,0.5
2015-03-18 04:23:17,arapallas,节奏实在太拖沓了，吸毒、赌博、病态的妻子、无私的女神，两个小时的黑色电影塞这么多主题进去真的好么。配乐确实不错,3,还行,0,0.9999368978565948
2015-04-09 10:48:30,Cloud-D-Zoro,3.5。黑色电影的女人，真的太美了。镜头风格明显，导演喜欢营造框内的调度，从室外到室内的转移。,4,推荐,3,0.8354289580720563
2015-04-30 15:23:49,蒋行适,有点可惜了，导演是一流的，角色是特别适合的，辛纳屈完全可以拿影帝的。《教父》里的影射好歹让他拿到了一次，现实太残酷，哎。,5,力荐,0,0.999999944842648
2015-09-22 16:33:53,弓长忄享,A-,4,推荐,0,0.6666666666666666
2015-12-01 17:03:46,徐旷来,毒品发作,3,还行,0,0.890142453148024
2016-03-07 14:47:55,宣崇君,很沉闷的电影，戒毒和戒赌一样难，金诺瓦克宛如希腊雕塑般美丽！,3,还行,0,0.9988794730513826
2016-04-30 19:40:41,影迷的自我修养,精彩的配乐和摄影，剧情各种俗套，但涉入吸毒题材，影人勇气满分,5,力荐,0,0.9998443564692374
2016-05-17 18:43:27,Caneloni,好像第一次看Novak演这种对男主有好影响的女性。,4,推荐,0,0.8057062059343966
2016-06-10 13:34:01,玖兰优姬,奥托的电影，不错,4,推荐,0,0.9533883572839208
2016-06-12 20:23:13,尘世流年,情是种不可琢磨的东西,4,推荐,0,0.7986331580142243
2016-07-14 14:29:31,日落黄沙,8.0,4,推荐,0,0.5
2016-09-29 23:37:22,whitehead,DRUGS,4,推荐,0,0.5
2016-11-15 16:10:44,东北洪常秀,黑色电影，最早的一部关于吸毒题材的电影。,4,推荐,0,0.9899515547855348
2016-12-17 05:47:50,adamhodgkins,Notable mostly for an incredible score,4,推荐,0,0.4476784585098667
2017-02-07 23:50:45,mdld,据我所知60年代之前好莱坞第一部详细描述吸毒镜头的电影，这题材在当时算的上耸人听闻了，音乐好评~,4,推荐,0,0.999337628761619
2017-02-09 21:53:57,尚在影,黑色电影迎面而来的味道，观感真棒棒哒！,5,力荐,0,0.561749154223542
2017-02-09 21:53:57,尚在影,黑色电影迎面而来的味道，观感真棒棒哒！,4,推荐,0,0.561749154223542
2017-04-08 23:11:16,可乐李,故事不是很黑，前面部分再紧凑一点就好，配乐存在感很强，三位主演表现都很好,4,推荐,0,0.9989841685843736
2017-04-22 21:59:57,Noyaclaire,配乐不错，印象挺深刻的,3,还行,0,0.9950808074018472
2017-05-06 23:14:29,戏中戏,"鼓手~赌瘾~毒瘾~轮椅女~火车怪客Strangers on a Train(1951列车上的陌生人/追魂记 /列车上的生人~@#完美犯罪这条线@~他人之颜~1966~用德语歌词写俄国风格的圆舞曲~武满彻@Einst im Lenze, dachte ich fest,dass du zu mir gehörst, zu mir.
Wir waren eins,ja, im Herzen fest. Ich schaue dir ins Gesicht,das vor mir steht.
Doch erkenn' ich dich nicht mehr.Wo bist du?Wo bist du?Von gestern, du?#<《他人之颜》被标记成科幻也是醉了@！其实每个片都有“科幻”的成分？@#@单单说漫威吧，难道漫威是文",4,推荐,0,0.981006143333496
2017-05-28 22:06:09,玉面虎,Eleanor Parker当年真的没有提名最佳女配吗?? 另外短评有人说她不知名(? 另外让Kim Novak扮演好女人无疑是让野猫装家猫 为她俩比心心,4,推荐,0,0.9885430240621454
2017-06-01 21:39:08,西条肆柒,实在是不爱看这样的电影，这种小人物身不由己的无助和被蒙蔽的现实，实在是太压抑了，人生这么苦，真不愿意看这么丧的片子让自己变得更丧……,4,推荐,0,0.9999980803177164
2017-07-29 13:07:38,伊菲吉妮娅,这可能是最早的关于吸毒的电影了吧，本片可以说是以配乐带动气氛的绝佳范例，虽然结尾坑女人的死让人惋惜又暗爽，但其实还是不够黑...,4,推荐,0,0.9974711725740872
2017-10-13 03:52:13,麦田里的小霸王,"Sinatra perfected the role of the “tender tough guy” and passed this signature image on the screen to several generations of Americans. Slowly he explores a way to allow a mellow tenderness in his mainly performance, and deeply embed such masculinity into his persona.",5,力荐,0,0.0344809880863035
2017-11-08 23:52:50,Oblivión,描写上瘾的片子好像都特别容易出彩。3.5,2,较差,0,0.985197294668258
2017-11-11 16:35:21,基顿不抹口红,大概算得上50年代最出色配乐，普雷明格真是喜欢在封闭空间里讲病病的小故事，两个女性角色属性置换的设定好妙。没想到第一部涉毒电影有这般尺度，大概也是法典晚期的特权吧,4,推荐,0,0.9999163531772997
2018-01-19 23:39:51,cczsz,近朱者赤近墨者黑，泥足深陷难以解脱。Sinatra唱演俱佳，Novak很温婉，爵士风格的配乐抢了不少风头。,3,还行,0,0.9868733232030455
2018-03-10 17:42:07,TurboGarden,Film Noir 3.5 最後the end出來的樣子蠻好看的 癡情的妹子,3,还行,0,0.8354508680627029
2018-05-30 12:01:41,按时对话法,毒品电影 不是特别noir 更像是抓马；Kim Novak也太好看了；Eleanor Parker这样的角色还真的是第一次见,4,推荐,0,0.9908440649364296
2018-05-31 02:53:26,麻木粮姜,普雷明格不是一个大师吗？普雷明格当然是一个大师 开场的长镜头 如梦似幻的场面调度 古典的布光 无与伦比的节奏 杰出的人物塑造：瘾君子之殇 音乐的表意,4,推荐,2,0.9981882181774694
2018-07-06 21:39:56,无际荒原,毒品、赌博、犯罪、50年代、爵士乐、金发女郎，黑色电影所具备的元素基本都有了，还能说什么，好看！,4,推荐,0,0.9996307103266854
2018-07-11 00:46:51,VINCENT,Sinatra原来演戏也这么好,4,推荐,0,0.8225132240156915
2018-09-17 20:07:02,晃,这节奏,5,力荐,0,0.6956521739130435
2018-10-02 23:06:50,北埠走卒,I like the jazz bgm and the artistic design. Otto Preminger seems pretty handy with accommodating such genre to films rooted on realism. Frank Sinatra played unexpectedly cool.,4,推荐,0,0.0317821443952386
2019-01-02 00:57:10,张贤强,剧本值得研究,4,推荐,0,0.963886433093097
2019-02-14 01:16:31,陈聪,Frank Sinatra竟然能演这么好，shot一时爽，一直shot一直爽。,4,推荐,0,0.9315648620565764
2019-02-18 16:17:54,CelineSiYuet,作为黑色电影的经典作品，该片忠实地记录了战后美国肮脏破败美国底层社会图景，电影中多次出现肢体残缺的退役老兵，男主角也曾是“军中大人物”，但是在退役后却成为被操纵利用的金臂人。配乐出彩，情绪调动力量强大。此外，在题材上可与《漫长的一天》对应，后者关于酗酒，该片关于戒毒。,5,力荐,0,0.9999999999988516
2019-05-24 20:14:45,(๑⁼̴̀д⁼̴́๑),第二十八届奥斯卡金像奖最佳男主角提名,4,推荐,0,0.8777780233442635
2019-05-24 20:20:26,ʕ•̫͡•ʕ•̫͡•ʔ•̫͡•,第二十八届奥斯卡金像奖最佳男主角提名,3,还行,0,0.8777780233442635
2019-05-24 22:17:10,星似月,第二十八届奥斯卡金像奖最佳男主角提名,4,推荐,0,0.8777780233442635
2019-06-09 21:03:48,小皮球踢呀踢呀,印象最深的是里面的爵士乐，很有感觉很好听，里面那个女配角不错。,3,还行,0,0.9933384173751112
2019-07-26 21:23:55,pd,镜头语言无可挑剔，电影跟绘画一样，只能看着经典望洋兴叹，除了乱来，根本赶不上更无法超越。,4,推荐,0,0.9920959059248776
2019-08-26 22:19:18,一只罐,BGM真swag，黑白摄影光影特写好棒，字幕不知道是谁编的。,4,推荐,0,0.9863738057940624
2019-10-10 04:52:01,Giniya,配乐👍🏻Sinatra入选我的丑帅名单，越看越迷人,4,推荐,0,0.6180675376374751
2019-11-14 07:37:31,飞行家🌀,不错 五星,5,力荐,0,0.8362004294435746
2019-11-18 22:41:44,我不在这,表演糟糕透顶，不投入也没来由……格式化的noir，想当然地堆叠各种元素，太难看了。酒吧里的几个闲笔人物还将就，搭景也挺认真的，配乐真叫一个又满又直给，想把主人公所处环境的腐朽表现出来？？？格局太小了，镜头也没想法，完全表达不出来。挺差劲，高分也是瞎的。,2,较差,1,0.4798330002339411
2020-02-08 11:13:56,航空母舰,不喜欢这这种类型的,3,还行,0,0.5440850823232203
2020-04-15 20:45:53,麻麻睇,剧情很硬，后面的一系列转折简直是掰断的节奏。除了毒瘾发作那场戏，弗兰奇多半时间平庸做作。蛇蝎美人不够狠也不够美，诺瓦克倒是光芒四射。终场都未得圆满，遗憾之余也算是个异数。毒瘾赌瘾交织在一起，深陷其中的无力与绝望还是很表面。,3,还行,0,0.9999480003659204
2020-04-18 21:45:56,公子小七,配乐挺带劲儿的,3,还行,0,0.7445135988271309
2020-04-30 18:52:35,imee,这样的海报感觉好少见啊…,3,还行,0,0.2661641894523293
2020-04-30 20:28:07,サー,表演配乐都挺不错的（喜欢两人在橱窗前的那段！）可是摄影机的阴影也太肆无忌惮了吧 ……,4,推荐,0,0.9969683128725596
2020-05-08 11:02:30,FWSWU-LLDAF,总有坏人想害你，见不得你好，硬拉你回地狱,4,推荐,0,0.266254268961116
2020-05-25 23:22:11,k-pax,场景少，且故事线太稀太长，只能靠运镜来撑片。需要凝练一点。🤓 Novak女士当然还是养眼的,3,还行,0,0.1861439170121255
2020-06-29 20:44:07,古天娱,吸毒毁一生。毒瘾之视听，看的真心难受。听到一首之前听过的爵士乐！用在了男主毒瘾发作的时候，太狂爆了。演员们演技太强，疯癫控制欲老婆，毒瘾发作男主，倒是“金臂人”这个题目有点不知所以然，不知道还以为是义体人呢..,4,推荐,0,0.9955804777319772
2020-06-29 20:44:07,古天娱,吸毒毁一生。毒瘾之视听，看的真心难受。听到一首之前听过的爵士乐！用在了男主毒瘾发作的时候，太狂爆了。演员们演技太强，疯癫控制欲老婆，毒瘾发作男主，倒是“金臂人”这个题目有点不知所以然，不知道还以为是义体人呢..,4,推荐,0,0.9955804777319772
2020-07-21 09:10:10,漩涡之外,补标。较早探讨毒瘾阴影的影片，镜头凌厉、调度出色，配乐音效对于精神世界的表达作用突显。黑色宿命，腐朽压抑，氛围代入感强。,4,推荐,0,0.9999867696598814
2020-08-10 21:12:04,羊以,感觉有些拖沓的,3,还行,0,0.6566564945930892
2020-08-18 12:16:33,暂时被分裂,50年代好莱坞挑战审查制度的电影。奥托 普雷明格。关于毒瘾的电影。无资源。,3,还行,0,0.999042923232872
2020-08-20 11:53:49,盗賊の極意,4.8,4,推荐,0,0.5
2020-10-30 11:08:32,Mr_killer,算是最早涉毒的片子了 一个好女人贤内助对一个男人的重要性 毒品即是诱惑欲望 更甚 双宿双飞的完满结局 欲望一旦沾身便不再清白了 它会诱惑你一再深入 除非你有一个好女人 否则就惨了 音乐的铺就太直白了不够讨巧感觉像学生作品,3,还行,0,0.9999998189568804
2020-11-23 21:40:05,Grace,每次情节张力十足时，鼓声配乐都是很精准。针管吸毒惊讶了一下，貌似是看的最早一部吸毒内容。自从看了贝蒂和琼那部剧，对辛纳屈就有了标签：跋扈。所以全片感觉出戏，另外俩女主应该换一下。,4,推荐,0,0.999999882120908
2020-12-16 16:13:19,CSS,有几场scenes太动人了，简直不像film noir,4,推荐,0,0.2891655508689394
2020-12-16 16:13:19,CSS,有几场scenes太动人了，简直不像film noir,3,还行,0,0.2891655508689394
2021-01-07 02:36:50,Elvis Presley,即使是客观评价剧情片我也觉得真的蛮好看的，，，另外配乐非常🐂,5,力荐,0,0.8265226829712833
2021-01-25 18:41:39,蓝翼,三星半，戒毒宣传片。家居橱窗外的想象中的夫妻对话和用收音机里的爵士乐鼓点掩盖砸门声的设计有意思,3,还行,0,0.5845979545866632
2021-01-30 14:33:30,spondee,3.5。癮君子和爵士樂的高潮雖銷魂，Eleanor Parker才是最搶眼的女配角 ! 假裝殘障碎碎念是因為想鎖住你，永遠愛我照顧我；得不到你那就以死明志，給你留下難以磨滅的傷痕.....,3,还行,0,0.9348746203690494
2021-02-01 03:23:16,电个爆炸头,我倒是把注意力都集中在那个装瘸的女配角上了，其实这是个挺疯狂的角色，换我就不会轻易把她写死。起码在死前，她理所应当地应该给众人带来一场毁灭。世界确实会有这样的人，每日在爱与恨两个极点上跳舞。有时，只是说有时，我觉得我明了她的心态。,3,还行,2,0.9999998842385188
2021-03-04 14:53:28,中二妹系少年,B,3,还行,0,0.4666666666666667
2021-03-19 21:46:06,西门吹花,……………………………………………………,3,还行,0,0.5
2021-03-21 00:24:39,LYRIST,Sinatra的演技和Shelly Manne的鼓技battle整场...突然想到Kim Novak是不是因为这部片子跟The Rat Pack走太近，才和Sammy Davis Jr.有一腿的？,4,推荐,0,0.602806100942957
2021-03-21 00:24:39,LYRIST,Sinatra的演技和Shelly Manne的鼓技battle整场...突然想到Kim Novak是不是因为这部片子跟The Rat Pack走太近，才和Sammy Davis Jr.有一腿的？,4,推荐,0,0.602806100942957
2021-03-21 08:04:12,狞狞,Not just a pretty voice，他居然很会演！还居然没在戏里唱两曲！,4,推荐,0,0.4756761259634183
2021-03-21 08:04:12,狞狞,Not just a pretty voice，他居然很会演！还居然没在戏里唱两曲！,4,推荐,0,0.4756761259634183
2021-06-06 00:54:38,SparkleH,电影里面出现的所有Molly，都那么美,4,推荐,0,0.9565338992085728
2021-07-13 23:06:49,bd,佐西装瘫，是比吸毒有趣的多的话题。本片着力描绘毒品对人的控制，那又是谁控制了佐西？,3,还行,0,0.9997525250145096
2021-07-31 05:19:13,青柠树与咖啡因,看得我难受...配乐也好夺命😢但cp真的很有高挑坚强大美女照顾生病的外星宠物即视感......（这部的小辛我见犹怜。,5,力荐,0,0.9978089406042044
2021-08-08 01:20:39,激流火枪手,第一部以全爵士樂配樂的電影,3,还行,0,0.951315648613991
2021-08-23 21:58:39,杨小槑,7.黑色电影，宿命论。海报的手臂所强调的是人物所受的影响，一次次的企图挣脱，却永远都是徒劳。那个资本之下，物质匮乏与道德缺失的底层社会中，好人总是不好过。几处聚焦面孔的推镜深入人心。,4,推荐,2,0.9999891758303072
2021-08-23 22:52:33,阿钧猫唧,算是早期比较深刻的禁毒宣传片了，选角也非常有意思，看起来就很“贤妻良母”的Eleanor Parker反而饰演的是一个将Frank Sinatra拖入深渊的女人，而身材外形比较性感妖艳的Kim Novak成了背后鼓励男主做正确事情的小三，这种反差使得原本在价值观上黑白分明的世界显得格外的真实起来，电影对社会现实话题的捕捉精准到位，一个决心从良的人在探寻人生的道路上很难走出去甚至重蹈覆辙，这个时候，有一个正能量的人在身边真的难能可贵了。,4,推荐,0,1.0
2021-10-04 13:27:10,Gillian,有点高举轻放了……Franky和Zosh之前的爱恨纠缠和毒品阴霾下的人性明暗本可以大做文章，但是就这么轻描淡写地过去了。也许是电影编剧的时代局限性所致吧。,3,还行,0,0.9999999877722648
2021-10-12 18:00:12,特别想  非常近,不觉得配乐太吵了吗,3,还行,0,0.0630315285626319
2021-11-07 11:44:29,QUYED,看不下去。男主角跟着毒贩去注射的时候非常70年代男同志厕所接头的紧张和刺激感,4,推荐,0,0.966963459241138
2021-11-12 14:51:45,CM,弗兰克·辛纳特拉 / 埃琳诺·帕克,4,推荐,0,0.6572586181382133
2021-12-09 06:06:05,松鼠排队,Frank Sinatra一落魄就变成了James Mason。配乐一流,3,还行,0,0.9654653743646848
2021-12-15 22:18:00,Summer,比预想的要精彩，Algren被文学界排斥后，开始混迹于芝加哥的地下赌场，他每天拿个笔记本，把瘾君子、毒贩和赌博的人之间的对话记录下来。如果没有作家的这段经历，这些地下语言不会为外人所知。我没看过原著，但只看电影也能感受到Algren对底层人的好奇和情感。,4,推荐,0,0.9999998697890145
2021-12-22 17:27:30,Berger,后半部分真是高潮迭起！结尾佐西一句“我非常爱你”让本身坚固的黑色的形象出现了松动。,4,推荐,0,0.9240279444824778
2022-02-07 23:56:53,手皮仑了,人生的绝望和悲怆写在了Francis Sinatra的脸上,5,力荐,0,0.5937219006505542
2022-02-11 19:26:04,LucidFerrari,很容易让人想到《失去的周末》，但从“瘾”的角度来看，表现力似乎不如怀尔德。从黑片角度来看，人物设置挺有意思又好像不够深入，不过一紧张就吹哨的神经质老婆倒又是一个印象深刻的黑片女角色。普雷明格的镜头好像总是没那么抓人，配乐倒不错。Kim Novak永远有种神秘的魅力,4,推荐,0,0.9999996236014146
2022-02-28 18:23:34,胖头🐠,1.两个女人，一个占有、索取、脆弱、心机，为了把男人留在身边不惜毁了他，另一个善良、温柔、美丽，陪男主戒毒熬过最艰难的时刻，直男理想型老婆。2.不想做垃圾，就🉐️远离垃圾堆呀,4,推荐,0,0.9702598319180036
2022-03-16 18:26:41,Likekids,很棒！什么时候有像莫莉这样的女朋友就知足了…,5,力荐,0,0.975450532725414
2022-03-22 20:33:58,打死泥塑,“不能辜负一个爱你又不能照顾自己的人”,4,推荐,0,0.9858010336728468
2022-03-25 13:32:47,午夜禁言时分,因为不够”黑“导致觉得挺无聊，要是再画面上多下点功夫也不至于如此。帕克过分美丽了，这里的癫狂更多是外在，很少有让人感觉到那种内在的癫狂，不够味。也是看的第二部sinatra+kim novak的片子。感觉就是，没有感觉。当然kim novak还是很漂亮啦。,3,还行,0,0.999982269137416
2022-03-26 23:31:59,小奇c,底层人悲剧就在这里，好不容易有了一个人生翻盘的机会，却要马不停蹄地与周围一切诱惑源做斗争，有的是自己难以改变的恶习，有的是身边对自己发展多为负面影响友人，有的甚至是自己爱的人，为了自己的利益阻碍他。一个人是很难对抗环境的，他唯一能成功摆脱旧我的方法唯有远离故土，远离友人，有时甚至得远离爱人，而这无一不需要巨大的魄力。这是底层人难以实现阶级跃迁的原因之一：人难以对抗环境。女主演得非常好，把一个爱到病态，不惜以道德绑架的方式也要把爱人牢牢拴在自己身边的女人演得活灵活现。男主演技更不用多说，也是一流。导演普雷明格算是拍黑色电影的高手了，从劳拉秘史到铁牛金刚，再到这部金臂人，拍得真不错。,4,推荐,0,1.0
2022-06-26 22:12:36,灰胶带带熊,Frank演的真好，难怪能俘获万千粉丝芳心,3,还行,0,0.9928169778061308
2022-06-28 19:14:52,龙潜,这片子应该给戒毒戒赌的人看,2,较差,0,0.940271384856474
2022-06-29 15:53:14,W梦游侠客W,1955,5,力荐,0,0.5
2022-07-01 02:29:42,fooox_,居然把du瘾发作的部分拍得这么完整，惊。小辛演得好好啊（好涩琴🤤🤤）BGM太酷了！,4,推荐,0,0.993588584316809
2022-07-10 11:08:16,シャボン,片头和爵士给了我太高期待。Otto Preminger的调度固然令人享受，但我实在无法容忍这个故事：Frankie的性格极度模糊，美版骆驼祥子………Zosh看起来很坏、性格激烈，实际演技……被Louie威胁时不也是只会张嘴瞪眼吗。以及老婆限制自由，情人助你改邪归正……每个人的深层动机和需求如同一张白纸，我不如把失去的周末和蝴蝶梦重刷一遍(),3,还行,0,0.999920633809194
2022-07-11 11:50:13,yinei,怎感觉kim novak在别的片子的服化都比vertigo好看…,3,还行,0,0.4071484858498063
2022-08-13 20:28:08,磕了电影的药,看他的电影总是心情愉悦，但毒品议题感觉可有可无，并不像《失去的周末》那样扣题。,3,还行,0,0.998619552432416
2022-08-21 22:22:06,Sam,剧情前半段太太太拖拖拉拉了～,5,力荐,0,0.4189660353407465
2022-08-25 16:46:17,銀河映像創作組,普雷明格是真厉害：一个以描述吸毒人员与自身过去种种争斗的、比较写实的故事，却也能将其拍成极尽风格化的黑色电影，而且那年代能让这类人群以主角身份出现在电影中也是颇具先驱性的做法。男主由那年代知名男歌手Frank Sinatra出演，着实有些没想到他的表演能如此入木三分(戒毒戏份以及男主一些心理活动戏码都演得不错)，作为歌手出身来说算是足够优秀了。如上述，整个故事并不像传统意义上的“黑色电影”故事，不过男主的老相好这个角色(亦即本片女主角)，其身上一些特质还是有些像传统黑色电影中会出现的“蛇蝎美人”角色的，而且男主虽在开头已跳出了旧圈子，可最后又被自身之过去拉回去很大程度上也是因为女主。当然，这个剧本跟导演另一部黑色电影作品《铁牛金刚》都有个问题就是还是不够“黑”233...,4,推荐,0,1.0
2022-09-24 23:44:21,Lena Luo,描写底层人的生活状态。男主是个瘾君子，但有两个女人喜欢他，一个为留住他故作下肢瘫痪还性格暴躁，一个善良温柔体贴陪男主戒毒度过了最艰难时刻。最终厄运和好运自会降临在各自的头上。,3,还行,0,0.9999999960740475
2022-10-11 16:20:09,FranzCamus,特别精彩的禁毒宣传片。盲目的爱 对生活的迷茫与无法自拔的毒瘾 最终导致了一场悲剧。配乐极赞 普雷明格的导演掌控力十足。很喜欢Frank Sinatra和Kim Novak的表演 张弛有度。,5,力荐,0,0.999999975610948
2022-10-18 01:02:08,巅峰Futurama迷,某种意义上的超级反面教材。,3,还行,0,0.987859732690458
2022-12-05 22:37:33,猫日那,3.5 辛纳屈的推动下，伯恩斯坦和一众swing好手开始令爵士乐进入电影配乐之列蔚然成风。奥托大导的本片其他方面摄影讲究，故事稍弱。,3,还行,0,0.9316557065211442
2023-01-23 12:55:22,宇翔,"金臂人戒毒、吸毒、重操旧业，在妓女女友帮助下再次戒毒。
女人为了留住金臂人装成截瘫残疾人，把毒贩推下楼，真相揭晓，跳楼自杀。",4,推荐,0,0.994818969973217
2023-02-21 21:57:49,啾啾,3.5,3,还行,0,0.4166666666666664
2023-02-22 19:41:51,Top Form,老电影的剧情比我们想象要更丰富，节奏也没有说特别快，但是演绎的都很细致。这个片子，其实算是一个禁毒宣传片，不知道当时的人看到，现在美国已经随便吸毒是什么想法。配乐超级棒，可能是因为男主对打鼓的热情吧，感受到了当时电影配乐用交响团来录音的震撼效果。但剧情设计中，原配演绎成一个疯狂自私然后不断拖后腿的这样的形象来成全男主角的婚外情，这种还是不太让人舒服。,4,推荐,0,0.9999999996357434
2023-02-24 17:54:24,火娃,8/10。片头白色条纹在黑色背景上连续运动，立体的条纹绘制成扭曲的手势图像，间接表达了毒瘾者没有未来的虚幻人生，费兰克生活的街道充斥着小酒馆、赌博房和妓院，瘫痪的妻子和陈腐的房间构成了一系列禁锢空间。弗兰克和朋友被拘留时，身后发病的瘾君子冲撞铁栏，接着镜头推向费兰克嘴角抖动、眨眼的痛苦状态，隔离和被压抑的欲望，驱使他与赌徒们彻夜不眠地守候在赌桌旁，幻想赢回早已输掉的希望，但爱、友谊治疗了他的伤痛，堕落为夜总会舞女的莫莉忍耐和体贴，成为弗兰克逃避毒瘾的避难所，甚至在他涉嫌杀死毒贩后不顾一切地藏起他，企图帮助戒毒，他的朋友也没有因为警察的威逼利诱而背叛。妻子和弗兰克一样害怕孤独，借助残疾的谎言将他囚禁在身边，结尾她被发现有实施杀人的能力，警察包围了住所，逃跑的她在跳楼自杀前吹响口哨作生命最后的呼喊。,4,推荐,0,1.0
2023-03-14 02:41:59,遁地热干面教主,好顶的设定 好无聊的剧情....,3,还行,0,0.2274360256031417
2023-03-29 19:08:49,ebitchu,最早的毒瘾演绎 其实Frankie从未clean过 假装残疾的女友和毒贩 是他永远都摆脱不了的海洛因,5,力荐,0,0.8862645358116276
2023-05-02 12:28:25,NUTPROOF,Parker还挺适合演这种焦虑型的,4,推荐,0,0.9507072820997332
2023-05-02 12:28:25,NUTPROOF,Parker还挺适合演这种焦虑型的,3,还行,0,0.9507072820997332
2023-05-12 06:24:39,二毛,2023，标记第375部,3,还行,0,0.5007443522020023
2023-06-01 14:24:31,䒳,kim和Eleanor美得。长镜头调度流畅得毫无痕迹，爵士乐也不只是影片的点缀，而融于到人物和情节中，成为了重要的部分。故事除了少见的戒毒宣传其实挺无聊的。,4,推荐,0,0.9220944528355826
2023-07-04 19:27:41,lessspicykiss,第一次扎针的画面和Bgm配合的好，感觉心和男主一起堕落了，底层人物无法逃脱命运的指引，反派人物讲吃糖的一段心理暗示很有意思。埃琳诺帕克绝对是实力派，辛纳屈演技还挺好，金诺瓦克也算是把同一类型的女性形象吃透了。,4,推荐,0,0.9999999984958976
2023-07-26 20:02:24,mlyywd,悲惨人生。,5,力荐,0,0.963222498888374
2023-10-05 23:38:11,合纥,手臂可以用来出千，可以用来扎针，也可以用来敲鼓，是黄金，还是破铜烂铁？上帝不会给你多少机会选择。发现那个年代许多这类小人无翻身失败的电影，十分吻合男性观众的心理，剧情开展还不错，分数有点偏低。,4,推荐,0,0.9935983179809826
2023-10-12 00:51:08,TWY,比较剧本主导的普雷明格，单义感让音乐也被固定为不实的梦想。,3,还行,0,0.928430498408253
2023-10-21 03:18:14,MOB,沥青一样漆黑的故事终是照进一点亮光，温柔到发指的56：30（《梦之安魂曲》如果也有这样个光明的尾巴就好了,5,力荐,0,0.8298080660934312
2023-11-09 00:16:04,未沙丈雅,"Elmer Bernstein's score is way too good for this. The roughness of the production scares me, and I just can't accept that the control freak woman pretending to be disabled is the most frightening setting. It's even a little funny as an anti-drug propaganda film, but I won't deny that this film has no clever ideas at all. Sinatra is okay, at least much better than his casual portrayal in other films. Fortunately this role didn't go to Marlon Brando, otherwise his nowhere to place acting desire might have taken this character out of space.",2,较差,0,1.4882175179975476e-06
2023-12-20 23:05:57,石新雨,一部有神秘事故、但是结尾流于剧本设计的普雷明格，不是他最好的作品，但是从这部电影的混乱与天真之间，能看出好莱坞有多渴望大卫·林奇。,5,力荐,0,0.9999993908210002
2023-12-26 00:09:35,朗韵,虽然宏观层面仍然是厌女，但是家庭内外女人的道德伦理秩序来了一个颠倒，倒是有点意思。如果故事精炼到90分钟讲完，可以多加一颗星。金·诺瓦克的演技实在是糟，帕克一如既往优秀。,3,还行,0,0.999997076275675
2023-12-31 14:09:28,2046小马,23/12/30：如今，许多人习惯了将普雷明格视为电影史上推翻海斯法典的名人，而他的电影艺术价值却肆意无视。毒品/酒精成瘾在那个年代还是阻碍电影制作的审查法则，情感勒索鲜少表露在电影中。,4,推荐,0,0.9999998764272204
2024-01-01 06:52:37,諾醬,#DVD 2023年末一片，不小心選了暗黑系，總算是happy end。Kim像極美式漫畫女主,3,还行,0,0.4022914598526076
2024-01-08 20:41:10,大祝燒臾,補標。,4,推荐,0,0.2523992690561052
2024-02-04 21:06:35,陈,"7
戒毒片，环境对人的影响远大于精神意志,还有就是远离烂人",4,推荐,0,0.8010563666472317
2024-02-04 21:06:35,陈,"7
戒毒片，环境对人的影响远大于精神意志,还有就是远离烂人",4,推荐,0,0.8010563666472317
2024-02-06 14:21:41,momo,光看片名我还以为是关于机械手臂的“科学怪人”，结果内容和我的猜想完全不一样…音乐印象深刻，但佐茜的人物实在过于单薄，能懂想要表达什么，可看得很吃力,4,推荐,0,0.4159589960777345
2024-02-07 20:39:09,让你能够看懂,不如《失去的周末》啊,3,还行,0,0.6710526315789469
