2006-10-31 14:07:56,张天师,虽是翻拍，也挺好看的,3,还行,2,0.7848599312352065
2007-06-18 10:48:33,布宜諾斯,前半部分其实铺垫得很好，70分钟以后就开始失控了,3,还行,24,0.7726567770260935
2007-08-14 19:18:57,左儿,结尾太傻了,3,还行,0,0.7803599432687744
2007-11-30 10:49:59,sjj,不错的恐怖片，本来以为没鬼的，后来真的有鬼了，情节经典，悬疑不断，比较纯的一部恐怖片，表现力佳,4,推荐,0,0.999447048029387
2008-01-16 10:24:20,数着脚豆儿的你的手,worst movie I've ever seen,1,很差,1,0.7642709336536204
2008-01-16 20:35:10,司令,只从看了周星星的片，再也不怕贞子了！,4,推荐,0,0.452844822003197
2008-01-26 00:14:19,Eveer〓它就这么这么这么长,说实在 看到最后有种被娱乐的感觉 自己想了那么多...结果好象搞的真的是有鬼一样...真不想去相信....,3,还行,0,0.0606489686964313
2008-02-13 14:41:39,Utopia,2006.9.23,2,较差,0,0.5
2008-04-03 22:20:40,小果☆V,闹鬼的场景还是蛮恐怖的，欧文威尔逊死得怨啊,4,推荐,0,0.9695220942373404
2008-05-12 17:13:53,"杉小爱|好姑娘,咱们走起来",故事远没有这座房子精彩，那城堡式的外观和鬼魅优雅的室内装饰让人惊叹。这么牛的故事拍得如此漫不经心也是醉了，整个电影没什么灵魂，也没什么思想。,2,较差,2,0.99999996771128
2008-05-25 19:11:13,MusicGenie,般般～～,3,还行,0,0.3462292070528266
2008-06-22 12:21:23,且听风吟,经典美式恐怖...,4,推荐,0,0.4140087466020221
2008-06-30 11:24:30,梳子,哇 找了半天 终于找到这片子了 加上去 还是在家和妈妈一起看的电视,4,推荐,0,0.708560699326441
2008-07-09 13:24:36,仙R,至多能算个魔幻片，泽塔就是一大大的大花瓶。,2,较差,0,0.5107561519434236
2008-07-26 12:23:54,亢龙无悔,可以看，气氛和特效不错,3,还行,0,0.9657743537706466
2008-08-05 22:04:28,青山,前面挺可怕的，当转入正邪大战就那样了,4,推荐,0,0.7908620054442933
2008-11-02 14:01:35,steven,鬼屋，一般,3,还行,0,0.5
2009-02-10 05:19:43,乌鸦火堂,生死时速、龙卷风的导演，特效和场面不错，但这可是恐怖片啊，导演可能对“恐怖”二字有什么误解,3,还行,1,0.9969348787062664
2009-03-31 16:14:35,苏克Suke,中学时代囫囵吞枣看过的一部。那个时候很多恐怖片都是走肾（上腺素）看的，只为看恐怖片段所以跳过剧情，如今走心又看了一遍，才知道难怪当时看完毫无印象的原因。这片子的恐怖段位真的让我不忍心贴上恐怖片的标签，充其量算是迪士尼风格的暗黑魔幻片吧。剧情一般般但片子的布景真的很不错，女主也算是恐怖片中比较少见的“老娘知道有鬼但老娘不怕，不但不怕还好兴奋啊，不但兴奋还觉得有股莫名的责任感？”。另外片子里的小天使鬼魂们这么萌真的好吗？根本是一部温情热血浪漫精美的合家欢电影啊。,3,还行,0,0.999999999999837
2009-04-09 13:26:35,一贫,记得的只是琼斯。。。,3,还行,0,0.7353012985749413
2009-04-26 18:24:35,饭饭之辈,还行/通常美式恐怖片吓不到我/就是很恶心,4,推荐,0,0.1058561037311844
2009-07-29 22:57:13,BRUCE|查实我系柯伯文,死亡的小孩,4,推荐,0,0.82899457344733
2009-08-16 21:40:35,开●逆光,看完第十放映室才发现自己看过(ーー゛),3,还行,0,0.055435240256625
2009-08-17 09:23:10,传奇☂,那城堡…… 太漂亮了！,4,推荐,2,0.9679990569859136
2009-08-20 11:31:50,Funny Bones,带着些许的宗教意味，不过最后灵魂还是得到了升华,3,还行,0,0.9999032435741928
2009-12-21 10:22:07,綦,"小时候一次发高烧时爸爸买的碟一家人一起看的。想来有些恐怖，但不无温馨,因为也是关于家的故事。",3,还行,2,0.9871956305235776
2009-12-21 21:16:49,命--假如...,孩子的守护者和虐待孩子的留着相同的血·~,3,还行,0,0.9908017503631114
2010-02-05 11:27:55,胖得来要戏,都是大腕儿啊！恐怖气氛营造的好棒！,2,较差,0,0.978679615923502
2010-02-06 15:45:07,谁,"为什么我会看这部片子？囧死我了  恐怖片拍成这样算是路道粗的
唯一亮点就是房子还蛮好看的",2,较差,13,0.590213893508926
2010-02-15 11:47:04,Claudia,好像是去電影院看的，當時只有五個人，空蕩蕩的影院成了恐怖片最佳的發揮空間。,4,推荐,2,0.0384260613916631
2010-03-28 22:12:43,银河铲屎官,之前在第十放映室看过介绍之后四处寻找这部片子，总算可以看完整部影片了。女主长得真不怎么样，还是泽塔琼斯美呆了。,4,推荐,0,0.9967477041973284
2010-04-29 15:12:30,沙漏之瞳,还不错。。。,4,推荐,0,0.8645560670154977
2010-05-04 17:10:28,正值雏的威特儿,其实，我是来看CatherineZeta-Jones 的……,2,较差,1,0.6706976445730135
2010-05-16 14:34:22,乐,结局很囧~我完全不知道凯瑟琳泽塔琼斯在演什么……,3,还行,12,0.9722195437451264
2010-05-17 09:59:34,黑大头,其实凯瑟琳·泽塔琼斯不是女主角，最好看的还是那所House。,3,还行,2,0.9976590640474642
2010-09-10 15:18:36,安魂,没剧情没特效没演技，甚至没最起码的逻辑，那么，作为一个鬼片，它还剩什么？可惜了了风情万种的bi美女和老型男,1,很差,2,0.975414053983254
2010-09-25 13:20:06,Esther GDB,不吓人其实~,4,推荐,0,0.075044825585282
2010-09-30 18:16:39,上海堡垒|以眼泪淋花吧,烂片 即使有泽塔琼斯 欧文威尔逊 连姆尼森都不能挽救的烂片,3,还行,3,0.0644497974527026
2010-10-18 15:50:23,玄月见草,对那城堡太有爱了，尤其是四面是镜子的旋转舞厅。后面的鬼怪有点糊弄人，整体还是不错的。,4,推荐,2,0.9986959141373714
2010-10-31 19:59:57,骚年ben,像血色玫瑰,5,力荐,0,0.7297953905324696
2010-11-21 00:07:21,柳无码🌈,没搞明白，最后是怎么斗过鬼的,3,还行,1,0.1437312621821945
2011-01-11 10:30:09,潘西,1999年能拍出这i样的片子也算不错了，城堡很古典很漂亮，但是剧情显的有些无力，烂尾了,3,还行,1,0.998599201823938
2011-03-07 03:05:12,莫沫。,小时候看都不害怕~,3,还行,0,0.7672362701775928
2011-03-21 19:33:18,Nervosa,Sucks.,2,较差,0,0.5
2011-04-10 03:05:18,Azazel,一部恐怖片一点都不恐怖就是最失败的，完全就是明星撑起来的，完全比不上同年上映的另一部猛鬼屋。,2,较差,0,0.1889363196016377
2011-04-12 23:12:27,桃不错,烂！,1,很差,0,0.167785234899329
2011-04-25 22:37:11,Bréagnú,那时候觉得蛮好看的。。是俺买的最成功的盗版碟- -,4,推荐,0,0.2412428347286761
2011-05-20 07:28:51,仙境徒尽各休戚,"房子很美妙,泽塔琼斯很美貌.可惜故事很糟,主角们的表演更糟,尤其是莉莉,到后面一看到她的脸就难受",1,很差,1,0.9958525346137218
2011-06-03 11:02:45,桔一闻,十一二岁的时候看的，当时吓的尖叫不止，受此片影响至今也非常喜欢鬼屋类的恐怖片~,2,较差,2,0.5498990150500248
2011-06-21 21:52:54,茶不二,亮点1：房子真是好看呐。2：凯瑟琳泽塔琼斯美丽呐！！！,3,还行,0,0.9981864924054104
2011-06-25 16:46:45,吴耀,哥特式建筑装潢教学片,3,还行,0,0.9378461959791012
2011-07-08 02:33:49,shawn,我小时候看的，之后再也想不起名字。今天夫人帮我找到了，跪谢。,2,较差,0,0.8512150474407784
2011-07-10 22:14:55,散步的鳄鱼,2.9 +0.5point for the mansion. =3.4,4,推荐,0,0.421874597530976
2011-07-17 22:36:38,兽布鸟,剧情太一般~~而且女主角演得好假，角色本身有时候跟个傻子似的~~就那座城堡弄得还挺好~~,3,还行,23,0.9888600636322484
2011-08-13 19:25:58,男巫的戏里戏外,此片告诉那些想住城堡的女孩子们，城堡里面不仅住着王子，还有妖怪哦。,3,还行,3,0.9968266476300118
2011-09-01 12:42:26,隔壁老王甘乃迪,主要是为了看凯瑟琳·泽塔-琼斯，其它没什么，剧情有点没头绪！房子的主人为什么杀人，又为什么杀自己的孙女，小孩子们怎么死的，为什么只有女主角能求孩子们，什么都没写清楚！,3,还行,0,0.9943133115095903
2011-09-28 23:33:47,★菰兒ɑゞ蕾,那古堡太美啦，闹鬼我也喜欢,3,还行,0,0.9500668357887272
2011-10-01 09:52:19,咩男。,翻拍凑和 房子很美。,3,还行,0,0.9168287407910012
2011-10-03 10:09:05,深层次空间,女主角的演技的确不怎么样。但是电影中这种古典庄园确实非常的华丽，非常的美。,2,较差,3,0.9996869770490382
2011-11-29 12:22:50,Sunman,"观影前请自备爆米花。

PS：凯瑟琳·泽塔-琼斯实在是太美了。",3,还行,2,0.8364688032361289
2011-12-01 09:49:47,mewho,看回1999年的片子还是蛮有趣的。,2,较差,0,0.9949929589447964
2012-06-11 22:08:49,白残墨,很难说到底有什么感觉，打发打发时间吧~,4,推荐,0,0.3660403549119678
2012-06-15 14:57:25,春夏秋,冲着泽塔琼斯。。本来还以为她会演一个性感的女鬼或者女吸血鬼嘞。不过还好啦~也同样被她的美丽震到了。古堡修得很漂亮，简直大开眼界，修这古堡的人也太会享受了。不过用来做心理实验？这个真有点牵强。。。心理实验的经费没这么多吧，而且还是这么“不科学”的心理实验。。,3,还行,0,0.9999994051672142
2012-07-14 20:46:49,由二宙,烂片啊==。。。,1,很差,0,0.1664789368649665
2012-07-17 04:03:04,白胖饺子,在当年看来，特效很出色，剧情一般但是氛围和节奏很好，场景美工也很漂亮。记得当年票房也还不错，国内的电视节目也有推荐过。,3,还行,0,0.999999748150834
2012-07-22 14:13:45,Ron Chan,气氛不错，但是过于俗套，神神秘秘的“百科全书”什么都知道，就是不告诉你；组织者的阴谋论还贯穿全片；到了最后依然不免要扯出些有的没有的救赎，可以说看到开头就可以猜到结尾。所以，本片的亮点其实也就只有凯瑟琳·泽塔-琼斯。,3,还行,6,0.9999999991218668
2012-09-15 20:59:57,库尔特怪笑着,很久之前看，当年也没觉得多惊悚。就记得一些画面，小孩子窜来窜去，镜子屋，美人凯瑟琳。,3,还行,0,0.999707692542496
2012-10-03 16:13:32,且聽風吟,小时候看的,3,还行,0,0.8971196651667275
2012-12-24 23:01:26,朱公子,特效是很早前的那种特效，但你真的在惊叹，也真的被吓到。绝对值得看的恐怖片，你不看，绝对会后悔的。。。,5,力荐,4,0.9688921487526488
2013-01-04 04:37:05,EVA_征服天堂,如果喜欢上世纪60.70年代鬼屋风格的电影，那此片就是千禧年来临之际的圣诞大餐！体现的风格是现在鬼屋电影中少有的经典了。PS：VCD打码,5,力荐,23,0.9999999460490708
2013-02-18 06:52:56,yangyang05,大烂片，毫无恐惧可言。,1,很差,0,0.4146513009050988
2013-02-26 13:51:15,廿四,後來的死神來了是不是借鑒了很多點子？,3,还行,0,0.9688001108492864
2013-03-15 10:49:08,cless1987,比较失望，故事很一般，画面亮亮的一点不吓人~,3,还行,1,0.0521966030359167
2013-07-31 01:52:26,丷语轻浅丷,【难道被惊声尖笑恶搞过的电影真的都是烂大街么】,1,很差,0,0.0312919039040046
2013-07-31 01:52:26,丷语轻浅丷,【难道被惊声尖笑恶搞过的电影真的都是烂大街么】,3,还行,0,0.0312919039040046
2013-08-12 01:27:10,双鱼桑,少有的几部看过的恐怖片，在小学看的居然还能找到真是惊喜！,4,推荐,0,0.9958249939723968
2013-10-16 03:51:05,明少,♥梦工厂。神秘古堡中的恶灵，遭禁锢的孩童冤魂。★★★★D143（D9/M9-134/1+3+6+OST） 。H16,4,推荐,1,0.999509044685422
2013-10-16 18:17:31,狗不理酥皮面包,毫不犹豫的烂片。。。没什么好哗啦啦的啦。。。一星，走人,1,很差,0,0.8775793005688352
2013-10-16 20:36:35,五亩田,2009--18    9.0,3,还行,0,0.4737672181921917
2013-11-19 23:50:52,eminemheaton,竟然是大美女泽塔琼斯演的~~~不过剧情实在是忘了。 观影日期：010519（6）,4,推荐,0,0.0846281505821154
2014-01-04 22:11:56,甲🎹,老早看过，没有吓到,3,还行,0,0.6030213612453552
2014-01-24 11:53:58,蟹‖無駄,就是这部！十几年了我看见繁复的浮雕都还会觉得可怕。。。。,3,还行,0,0.958009579687759
2014-02-08 21:01:12,重光,老美的鬼屋情结是没完没了，看这种片的时候总琢磨，拆迁办的都干嘛去了？,3,还行,1,0.5245901965321625
2014-03-06 19:23:19,裸奔大仙儿,我觉得很好看啊，小时候看的第一遍，当时印象就很深刻，不怎么恐怖但是很有气氛，99年的电影但是现在看也不粗糙,4,推荐,0,0.99952050319511
2014-03-15 15:04:13,张小豆,有凯瑟琳泽塔琼斯大美女参演，就够了,3,还行,0,0.9990752833841136
2014-04-23 23:12:12,小琪琪,建筑真漂亮～搞得我以后都不敢去古建筑里了～凯瑟琳真漂亮～～～,1,很差,0,0.992344361525763
2014-05-24 00:17:37,貓不,"套路太明顯，房子加一分
",3,还行,0,0.101327647589741
2014-11-10 04:22:13,杜鹏,前面都挺好 结尾水了点,3,还行,1,0.9465388554849542
2015-07-22 19:44:44,Al,三个那么有爱的演员陪着一个只会喊NO的蠢女人在干什么啊...Zeta-Jones实在太美~,3,还行,0,0.7666281543330314
2015-10-16 04:04:35,Vash,"题材比较普通,怨灵的故事,但是2000年前拍这样宏大的场景和特效,再加上这些后来红极一时的大明星们的脸,怎么也下不去四星标准了. 也是神奇的这部片子里除了女主其他人感觉都大红大紫了,女主反而脸生了说~",4,推荐,0,0.9981811686434336
2016-06-18 07:39:20,itsmyseat,当年看的时候Real震撼，如今二刷剧情实在一般般。给个情怀分4分说得过去。凯瑟琳美艳不可方物。,2,较差,1,0.9725459781614316
2016-08-03 15:08:23,莉莉SUN,以当年的视觉效果打3星，但是剧情太糟糕恐怖气氛营造得也不行，我已经很胆小了……,3,还行,0,0.7346352608249499
2016-10-16 21:41:40,沙场点指兵兵,摘取了1963年版的一些精华片段，比原版好看很多。宅子更大更奢华，故事性更完整，女主不神经质，而是勇于自我发现，甘于牺牲，解救了一帮被困于大宅里的儿童灵魂，特效场景也足够好看。不过结尾的解困方式有些简单，女主牺牲原因没解释清楚，如果活下来从此振作就是个大龄剩女励志片了。★★★☆,4,推荐,1,0.99999999999889
2017-02-05 04:25:39,木山豆睿,影片前大半段都在怀疑这是鬼片还是精神病片。不明白女主怎么突然洞悉Hill House的一切与自己的身份，还很怪异的变得母性十足，要保护能作她爷爷辈的孩子们，最后同孩子们一起升天，这是啥？圣母玛利亚？另外几个角色也太没有存在意义了。,4,推荐,0,0.99992864066831
2017-06-15 23:18:32,RYZ,超豪华鬼屋，超low逼剧情,2,较差,2,0.6884227034518908
2017-09-04 15:42:21,盗盗~,不知所云 看到房子那一刹那想到的完全是The Haunted Mansion,2,较差,0,0.0342962561379657
2017-12-04 14:15:32,张咏轩Wayne®,以现在的眼光看，故事的确老套，但这个庄园的场景实在美妙，高贵复古，还透着邪魅，电影的美学设置都依附于这座神秘巨大的无人古堡，每帧镜头都能进行一次古典文学的深度探讨，说哥特式装潢的教学片也不为过，演员堪称巨星云集，剧本就无力吐槽，摘取经典片段进行复制粘贴，结尾更是Low出了水准,3,还行,51,0.9999999999999925
2017-12-16 10:29:56,荒林,可惜了这布景，剧情走到后面全崩了。,2,较差,0,0.5228126411994106
2018-07-26 18:24:29,兔子小i,看过书之后，来补电影，开头最喜欢的女主逃离的感觉不如书中描写，但是庄园还是很诡异很豪华的。,1,很差,0,0.9999843395950412
2018-07-26 18:24:29,兔子小i,看过书之后，来补电影，开头最喜欢的女主逃离的感觉不如书中描写，但是庄园还是很诡异很豪华的。,3,还行,0,0.9999843395950412
2018-08-16 18:21:44,白苏打饼干,我是借碟看的呀，借的碟，结果没有借到DVD机，流泪还回去了。所以后来有钱了报复性看碟。后来再看此片的时候，虽然是恐怖片，但是老想哭。,3,还行,0,0.7208085224957889
2018-08-21 12:47:25,梦之安魂曲,画面，配乐，气氛都挺到位的。但剧情拍得还是无聊了一点。,3,还行,0,0.8869167563838178
2018-09-21 10:36:08,豆友捌伍柒叁,超级古典，浑身都透着一股子耿直劲儿。倒是真的发现了不少童年时期看见过但又没了意识现在只在潜意识里一闪而过的意象，比如那些个黄铜制的小孩头颅。,2,较差,0,0.668192729430494
2018-10-14 15:06:39,蚂蚁没问题,看剧之前补一下，片子里三个被蒙骗来山庄参加实验的人是内尔，迪欧、卢克，也就是剧版三个最小的孩子的名字，山庄主人和目前的管理员夫妇名字也被带到了剧版里，成为爸爸妈妈名字，和管理员夫妇名字，那个打不开的房间就是镜子房间吗？btw，单纯说这部片子，在当年可能算特效不错，但实际是一点也不吓人了,3,还行,31,0.9999927151816363
2018-10-28 19:39:37,寂寞的枕头,场景美术设定美轮美奂，特效近30年后看，感官也说得过去，剧情上比较稀烂。,3,还行,0,0.949726219042028
2018-10-31 14:11:52,夜丫儿,看完2018年的电视剧，发现还有一个1999年的同名电影，发现意思是一样的，人物名也有一样的，原来编剧之一均有雪莉·杰克逊 Shirley Jackson，原来她是一个20世纪50年代的作家，The Haunting of Hill House是她的代表作，亦被誉为“20世纪最佳鬼故事文学作品之一”。,2,较差,0,0.999999895132751
2018-11-05 15:48:03,眼眶有点屎。,又长又臭，节奏真的是太慢了，影片接近三分之二还是立意不明，导演像是跟观众在玩一场无聊的古堡内生存游戏，唯一能看的也就古堡内外所散发的古典美还有迪欧扮演者的肉体美了。,4,推荐,0,0.9999716798599856
2018-11-26 23:05:02,Bead lotus,读大学的时候看过，突然想重温一下，写个女演员演妈妈，很好的……,3,还行,0,0.9999936383893075
2018-12-02 18:07:08,豆友1673453,诶和之前的同名美剧设定有点像啊，特效太惊人了吧！,4,推荐,0,0.7736938542865466
2018-12-16 02:55:28,雲無憂,作为一部恐怖片，演员阵容豪华得有些不可思议，相比之下，影片质量差得有些感人。一开始还注意看细节，什么遗产纠纷blah blah blah，以为后面会有所呼应，结果尼玛就是带大家来欣赏古堡的。老斯参与制片未署名,3,还行,0,0.9998627032118236
2018-12-28 18:21:45,豬頭,怎么看都像一部披着迪士尼外壳的国产恐怖片，开头疑神疑鬼，中途装神弄鬼，结尾全都神经病,2,较差,0,0.0279427251364071
2019-02-22 00:14:14,zzfznp,注意力全在泽塔琼斯身上。这个城堡我特别喜欢，但是剧情实在看不下去，主要就是来看动画特效的吗？莉莉的表演太让我出戏了。惊声尖笑2应该是有借鉴这部电影的元素吧。,2,较差,2,0.9987697909581972
2019-03-16 03:42:15,左胸上的吸盘,这片子的看点基本全附着在那个古堡上了，内部繁复华丽，置景花了大力气，还有些主题房间（尤其那个旋转的镜面房间），这古堡在英格兰，是一所美国大学的校产。其次CG上的表现也算亮眼，做了碎玻璃飞溅、雕像和房间活化之类效果，在实现的技术跟艺术上，都是99年里电影工业进境的一个证据。此外的环节基本都烂掉了，女主的表演是灾难级的，她表演惊慌就冲进书房胡乱扒拉书，连扫一眼书架好定位的动作都没有——你这样会被章子怡老师骂死的好吗？泽塔琼斯的角色完全是花瓶，还有参加实验的第四人演了一场戏就消失了。这个实验也非常扯，尼森博士以研究失眠的名义，找了四个人住古堡里，观察他们受惊的表现，这种生活里随随便便就能做到的所谓研究你搞出这种事？最后糟烂演技女主凭血缘关系随便几句话就打发了祖先怨灵——编剧你不想写这个剧本了可以直接点,2,较差,28,1.0
2019-03-31 02:36:04,Piglette,"六岁的时候看过，当时被血脚印和会动的浮雕吓得不轻，现在回看真是感慨当年少不经事……剧本简直太烂了，对白里至少有100个无意义的""No!""，感觉尼森大叔后面已经放弃了……女主这时候的演技真青涩啊，十多年后《招魂》里进步真大。",3,还行,0,0.9947096076956068
2019-04-28 14:11:09,巴阿巴阿,城堡的装潢既华丽也处处流露着诡异与邪恶，这种诡异美在旋转屋中达到了顶峰。配乐前半部英雄无敌3，后半部哈利波特。,2,较差,0,0.9999999987425904
2019-07-04 15:35:32,何倩彤,美術和視覺效果水準很高！,3,还行,1,0.0908442625748554
2019-07-26 23:42:55,索博斯基,7/10，非常好看有趣的恐怖片,2,较差,0,0.7495799174696337
2019-08-13 11:25:30,telisha,女主角居然死了，真是不符合套路。看过恐怖片里最可爱的鬼。电影中的庄园很漂亮。,3,还行,0,0.9900383891642583
2019-09-05 04:05:13,黄浦夜空,哥特城堡和音乐，胶片的感觉，配合的无与伦比，泽塔琼斯也是美的不可方物，情节可以不去关心。,4,推荐,1,0.999664189008047
2020-02-07 21:06:32,清風澈水,这部片是给孩子看的魔幻片，类似哈利波特中的特效。城堡很漂亮，剧情很一般。,3,还行,0,0.9999999245196596
2020-03-24 19:41:55,Morning,两星半。论恐怖程度，还不如哈利波特，但这个庄园很美，确实值得徐徐叙事，莉莉泰勒也很好，她睡在古典床榻上，简直和古堡融为一体，即使她论长相并不十分美丽，但气质演技真是秒杀了凯瑟琳泽塔琼斯。情节方面就有点过于漫不经心，这个电影似乎没有立足于一个主题或者一个矛盾，比较像游记。,2,较差,1,0.9999999264588024
2020-04-05 21:04:21,机智的小晴,好几次让人觉得无聊的电影。一星给古堡，场景搭的真好，细致入微；一星给凯瑟琳女士的绝世美颜，美人的眼睛里真的有星星。,2,较差,0,0.9996347754160912
2020-04-08 19:28:33,董小姐,这剧情跟闹着玩似的 不过特效和场景还挺有恐怖片的气氛的,3,还行,0,0.9300679441375326
2020-04-16 22:15:22,jason,怎么说，剧情一般，但特效和电影画面真的很有时代代入感，一看就是上个世纪的电影！,3,还行,0,0.9997062409439708
2020-04-26 23:38:17,莽果,我真的很在意那栋房子最终留给了坏亲戚的事。,3,还行,0,0.6362950082033931
2020-04-27 07:25:09,如晴天似雨天,房子很好看，电影本身很烂。本以为美剧版就够烂的，不曾想电影版要烂的多,2,较差,0,0.9965170547890057
2020-05-03 14:23:16,John Doe,记得这部片的片段首先是在一部DTS演示DVD上看到的，看这个电影的最佳欣赏场所应该是具备DTS系统的电影院，当然现在只能在家庭影院上看了，出色的音效，迷人的泽塔琼斯，华丽而恐怖的宅，加上极其出色的音效，是这部片的看点，加上20年后看来仍然不过时的视觉特效，果然不愧当年被收入DTS演示光碟啊。,2,较差,0,0.9999999999671512
2020-05-11 19:51:37,轻风羽,影片的这个感觉…就是大鱼解谜游戏啊，好像回到了大学通宵通关的快乐时光，布景和人物（女主除外）都比游戏更华丽，如果故事再紧张点就好了。,3,还行,0,0.999999691890955
2020-05-27 13:27:18,世紀末の魔術師,古堡繁复奢华，和剧版中是完全不一样的感觉。剧本拖了布景和CG的后腿，女主角大多时候像个精神病，其他人的作用就是跑跑腿。另，老妖怪Hugh Crane凭什么杀了年轻孟浪的大男孩Luke!,3,还行,0,0.9769026367756336
2020-06-11 21:22:41,Yivkeh,太棒了！99年圣诞档极其漂亮的叙事和城堡设计。女性的敏感、团结、责任感、保护欲、冒险精神、机智力量和坚定，以镜像幻境表现的对凝视和被控制的恐惧和反抗。男性过度的理性、缺乏同理心和侵入占有控制的欲望。更高权势的男性（曾祖父恶鬼）对权势较弱的人的控制。而在理性和逻辑被打破后，女主选择了坚持留在鬼屋继续反抗，男二则因为冲动被kill。最后女主面对曾祖父的巨大恶魂灵：“I will stop you now（about the family）you go hell”这部片子绝对值得更高的分数,5,力荐,0,1.0
2020-06-14 17:05:17,Miss Panda,家产给那姐姐了？？很一般，除了凯瑟琳泽塔琼斯是真美！,3,还行,0,0.9898552478338976
2020-06-20 22:07:43,个人观影记录,感觉没啥故事线的剧情，就是一组试验志愿者来到一座城堡，发现这里困着很多曾经被城堡主人杀害的孩子亡灵，女主一路逃窜最后明白自己就是城堡主人的外孙，勇敢面对制止了邪恶，解救了孩子们，自己也随着去了,2,较差,0,0.9999992313350692
2020-08-13 22:21:17,kylegun,资本家剥削童工死也不放过，天花板触手围牢，铁狮嚼头石像溺水爆骨仓……华丽布景加愚蠢CG，几个好演员都救不了这片子，对比之下更反衬Netflix剧版《鬼入侵》改编的优秀,3,还行,5,0.997950408600502
2020-09-09 22:31:44,影愈者,假实验遇到真鬼宅，看了一会发现这个以前是看过的，虽然不记得剧情但还记得一些镜头，这次标记上，以后遇到不会再看了,3,还行,0,0.9892144718383856
2020-10-05 16:03:17,蘑菇拌猫饭,女主演技比鬼故事本身吓人，带着了然于胸的冷静微笑全程参与大型真人鬼屋秀，甚至分不清她刚做了微笑唇or她才是幕后大boss。医生的实验狗屁不通，这种装满诡异雕像和镜子的古堡关谁谁疯。唯一亮点是女二非常美。,2,较差,0,0.9999995286360228
2020-10-18 05:11:54,资深低阶路人,奢华美丽的古堡是本片值得看的点，剧本就乏善可陈，像个半成品，4个莫名其妙的人住在古堡里就号称是一个实验了，糊弄鬼啊。女主角每次被惊吓就会像疯子，惹人厌，另外3个主角经常神隐，等女主角在城堡里乱跑乱叫时才突然上线去找她，不停的发疯-安慰-惊吓-更疯的循环。结局也是编不出来的那种思路,3,还行,2,0.9999818384870602
2020-12-26 23:55:58,火娃,6/10。有了罗伯特怀斯对[邪屋]做出小说视觉化的基础，本片美术设计、数字特效上更是将这栋充满邪恶的庄园大放异彩，迷宫般的走廊和房间、罗马式雕塑、诡异华丽如音乐盒般旋转的镜屋和恐怖腐朽的螺旋梯，都制造了心理上的幽闭恐怖感。妮尔的心灵感应实际是一种宗教情绪的隐喻，入夜总能听见一些孩子灵魂的呼唤，是她作为后代必需要揭露、弥补祖先犯下的罪恶秘密，结尾宏伟的审判大门上复活的雕塑将男爵拉入地狱，证明信仰救赎的妮尔得以和孩子一起升天。可惜导演未运用更具压迫和纵深调度的运动场景和视点，去表现故事环境造成的外部压力，仅有开头和结尾相呼应的宽阔空间将观众代入森林、庄园的地理位置，本应该逐渐增强的恐怖效应，反而因为吵闹的视觉奇观逐渐递减。,4,推荐,0,1.0
2020-12-31 03:42:44,雪滴子,泽塔琼斯做个安静美丽的花瓶也挺好，然而她不甘心…呃，跑题…整个电影该温情的地方不够温情，该恐怖的地方不够恐怖。人物关系链莫名其妙，女主不知道在折腾什么，也不知道怎么就突然顿悟了；医生到底会不会治病，看完都没想明白；人畜无害的歪鼻子欧文也没干啥就被斩了首；泽塔琼斯明显带资进组，女二的戏份女一的光环，命比金坚。多个关键线索的承接生硬，布景的钱都用在灯光上了吧？没见过这么亮丽堂皇的打光效果，晚上恨不得比白天还亮，导演是不是忘了自己在拍恐怖片结果拍成舞台剧？黑心变态企业家阴魂不散，善良二婚妻子也阴魂不散，俩阴魂也在暗中掐架…然后二婚妻子后人最终carry局面，独霸庄园为己有…哎~脑子好累,2,较差,0,0.9999082724754184
2021-01-01 16:50:05,不走闹钟的时针,想看七点多的鬼入侵的没想到进了这个全程看完了 还在想怎么值七点多分 一点也不吓人 说是恐怖电影不如说是悬疑梦幻冒险电影 最后说grandpa的时候莫名还有一点亲情感 女主突然圣母爆棚emmm也行吧 没什么吓人的 忍着困意跟闺蜜看完了 其中一个中途还去睡觉了,1,很差,0,0.9919694917428528
2021-01-15 21:57:42,MR.Z,完全就不恐怖啊，剧情非常的无聊，白白浪费了这么好的服化道，这么酷炫的特效。这个城堡是真的精致，标准的鬼屋，很漂亮，服装也很赞。女二惊艳，很有魅力，真真真的好看。女主完全被压了。如果剧情再好一些，至少再恐怖一些，我也愿意给五分,4,推荐,0,0.9999307960231708
2021-01-30 20:53:37,不懈不戒,这显然不是雪莉的邪屋，而灵感于温彻斯特鬼屋，但纤柔灵动的特效幻像和盛大奢靡的古堡建筑依然深深震撼了我。,4,推荐,0,0.996493016332301
2021-02-21 18:02:25,Merov Mugatu!,百闻不如一见其烂。这片是怎么拿到这么多钱的？除了女主，其他三个也算有头有脸，演得更烂——尤其是凯瑟琳泽塔琼斯,4,推荐,1,0.9517433257644368
2021-02-24 22:08:55,...,对原著有形无魂的借用让许多情节都显得古怪且不合理，如果说原著对夜半惊魂场景的塑造意在反馈邪屋对埃莱娜渐入佳境的感召，电影则直接改成了圣母女主对抗恶贯满盈还拥有魔力的曾祖父，甚至试图用“我要救孩子，你下地狱吧”这种呼唤试图唤醒恶魔的良心，竟然叫醒了无名审判者（早干嘛去了？），恶鬼被带走，女主也上了天堂。在情节这么乏味无理的情况下，值得一看的也就只有哥特式的建筑风格和泽塔琼斯惊为天人的美貌了。,3,还行,2,0.9999999787458234
2021-03-14 01:03:06,Tristin,第一次开弹幕看恐怖片着实新颖 女主在床上爬的屁滚尿流的同时屏幕上出现的是叠个千纸鹤 再系个红腰带 布景真的太实太好看 其他就没了,2,较差,0,0.4368140631099013
2021-04-23 01:43:11,Drizzt,较差，桌游「荒屋惊魂」的典型范本，喜欢这个桌游的可以看看，美术和特效布景方面没少砸钱，执行的也很到位，可惜其他方面太差了。,2,较差,0,0.0032672645194783
2021-05-01 17:29:57,clover,Hill House is really charming。PS：为什么四人组只挂了卢克一个，这么倒霉。。。,3,还行,0,0.1428120449954214
2021-06-26 16:49:02,大漁,99年真是泽塔琼斯老师的颜值巅峰,3,还行,0,0.928952783482595
2021-07-06 12:28:47,紫衣雨露,2021.7.6/爱奇艺 灵异3.5/教授为进行心理实验借用古堡召集三名男女作为被测者。古堡主人男爵杀死孩子们，他的第二个妻子是女主的曾曾祖母。青年男被石头像撞死。审判大门上复活的雕塑将男爵拉入地狱，女主解救了一帮被困于大宅里的儿童灵魂，证明信仰救赎的女主死和孩子一起升天。教授和另一女活着。/古堡位于英国的格兰瑟姆归伊凡斯维尔大学。,3,还行,0,0.9999999999999358
2021-07-19 16:08:24,衬里,布景很华丽，音效也可以，但是剧情很弱智不如看网飞的电视剧，但是网飞的电视剧没这个场景漂亮,3,还行,0,0.978373060223577
2021-08-01 19:01:30,張而自持,【2021/08/01   @ 家里电视机】 因为凯萨琳泽塔琼斯看,2,较差,0,0.998795659280089
2021-08-15 17:29:49,两个猫,两星给宅子，尤其狮子壁炉和温室花园，甚至想给三星；剧本和女主也太差了吧，从悬疑到魔幻，结局看呆了。,2,较差,0,0.9999062287101854
2021-08-19 19:45:09,Lululun𓅪,鬼屋造的不错，真一把火烧光又是闪灵系列。旋转楼梯断裂，水池雕塑喷血和狮子头削脑阔几个镜头很是惊艳。,3,还行,0,0.775101406674469
2021-08-22 11:48:23,巫巫,被张泽以一种房产中介的热情推荐的，堪称电影里最豪华浮夸的城堡,3,还行,0,0.9917754507300188
2021-08-30 01:59:38,V for Vendetta,7分，能不能让我打3星半啊，干嘛只能6分8分里选。虽然是上世纪的电影，但前半部分太拖了，既然是鬼主题而不是一群人里有个坏人，那么没必要铺垫太多，直到连姆尼森被鬼按到水里后整部电影爽起来了，后半部分很耐看的，前半部分靠丝欧对妮儿的橘里橘气撑着看下去的，她是对妮儿最好的人，别人都叫她爱莲娜，就丝欧对她一直妮儿妮儿的叫，真希望丝欧把妮儿扑倒，然后滚床单嘿嘿嘿，可惜前面橘里橘气的铺垫到了最后连吻别都没，所以，前半部分不行，应该缩成一个半小时。恐怖片还是有鬼耐看，一群人联合起来斗鬼拍得还行。对了，其实没啥悬疑。,4,推荐,5,0.9999945398626556
2021-09-09 11:09:55,k**,一群大牌拍了一部超级无聊的电影 抛开时代特效限制，电影里反派像个喜剧角色不说，故事和氛围也和恐怖扯不上关系，虽然也是一群人关在封闭空间里精神逐渐失常（也不是）的故事，这部里关于这个方面就象征性地用了一下，并且大家一个个生龙活虎也很没有恐怖片的意思。最后女主角和大家一起死也说不出的奇怪。。,2,较差,0,0.9907533080806644
2021-09-20 17:41:41,Lacia,虽然大腕是真的多，但剧情也是真俗套：又是老宅子吃人，又是来的人跟宅子有关系，又有人圣母心想着拯救天下。我只想去看一下63的老版。,2,较差,0,0.9447660249204276
2021-09-24 14:13:05,Jorge. Wo 🍇,庄园的的诡谲装饰成了全片最有意思的地方,3,还行,0,0.7388619890125385
2021-09-24 14:13:05,Jorge. Wo 🍇,庄园的的诡谲装饰成了全片最有意思的地方,5,力荐,0,0.7388619890125385
2021-09-27 14:53:54,黑色的伯劳,虽然同63版相比发生了明显的偏移，由外化的精神转移至动作化的奇观，但最棒的部分依旧是关于屋子的。,4,推荐,0,0.9988487630249832
2021-10-11 11:23:51,苍耳,小时候看都不觉得恐怖的一个无聊鬼片,3,还行,0,0.5142940489824535
2021-11-22 15:34:36,君心可晴,古堡恐怖片，不但好看，还是众星云集。颜值巅峰的凯瑟琳泽塔琼斯，营救大叔连姆尼森，还有帅气的欧文威尔逊。……只不过想不通一大堆颜值明星，竟然给又老又丑的莉莉泰勒配戏。,4,推荐,1,0.9980227590895296
2021-12-29 14:37:03,猫阿水,这两天看古老的鬼片，发现现在的大牌几乎当年都演过鬼片😂虽说这部片子里的演员当年也挺大牌的了……,4,推荐,0,0.99999416254978
2022-04-06 23:05:05,重力泉零号土著,连姆尼森?莉莉泰勒?泽塔琼斯?欧文威尔逊?我非常郑重的质疑这几个人都不会演戏,2,较差,0,0.3875217771832587
2022-04-17 20:16:24,释迦尼莫,一个星星献给泽塔琼斯的美貌。,3,还行,0,0.9649729814090384
2022-05-10 21:35:18,失忆的肋骨,探险是军人的专利，或是那些斗牛士忠爱的女人的专利。女主不穿鞋到处走确实让人心疼。城堡到处的雕像确实有点毛毛的，加上房间里还挂着那么多头像和孩子的浮雕，那扇审判之门埋下伏笔就知道有用的。整体来说还不错。,3,还行,0,0.9999676078009612
2022-07-20 18:20:52,囍弗斯,"2022-05-06
大制作，卡司也不错，古堡也不错，但是剧情好蠢，莫名其妙的实验，莫名其妙的爬楼梯救人反被救，莫名其妙要烧房子。。。。",2,较差,2,0.9125897261288686
2022-08-01 23:24:05,Manstein,F.糟糕.全片唯一的亮点在于前期的钢琴丝击中Mary眼睛的一幕，甚至营造了一种要向血浆片发展的错觉.然而其余的一切都是灾难性的.没头没尾的剧本、廉价的CGI和面瘫般的表演堆砌出一个极其滑稽而幼稚的祖先怨灵故事，而且还被简单地几分钟打发了，如果本片有精心铺垫的话这样虎头蛇尾的结局实为浪费，幸好本片根本没有铺垫可言.,1,很差,0,0.9999989040111624
2022-10-14 00:01:45,小西天的六七月,剧情七扯八扯，毫无内在张力和逻辑，亮点在美术和特效，令人叹为观止，凯瑟琳泽塔琼斯当年真的颜值身材最巅峰啊……,2,较差,0,0.9999646855857244
2022-10-16 16:30:48,莫须有,与其说是恐怖片，不如说是华丽古堡风景宣传片，太奢华太美丽了吧！！！,3,还行,0,0.0468304270069604
2022-11-06 20:27:40,二册的眼镜,"服道化很精美，神秘的古堡里面原来有这么多故事，但有些情节太生硬，浪费几位优秀的演员。
还是实拍经得住时间考验，当年惊艳的特效，现在看来只会增添喜剧效果，看过剧版的可以放心大胆观看。
",4,推荐,0,0.9999999048548728
2022-12-19 16:18:14,YiQiao,一不小心连看了两部凯瑟琳泽塔琼斯的片子 居然还是网飞鬼入侵的原版电影  感觉上还是剧版更加好看,2,较差,0,0.9993612888651816
2022-12-31 18:25:02,玄猫,"以古典迷人却又诡异神秘的古堡为核心视角推动的电影，电影美学与场景美术高度契合

然而古堡很美，故事太差，有些可惜",3,还行,1,0.9999999687135136
2023-01-27 22:54:58,别枝雀,画面特效很美 两星全给特效,2,较差,0,0.6685140221263515
2023-01-28 18:56:57,三岛由纪喵,4分，纯纯看个热闹……既不恐怖也不科学，纯纯魔法。不过看下来会觉得有点荒谬的，毕竟谁能想到女主竟然在恐怖片最后官至天使👼🏻，乐,3,还行,0,0.9998616290231102
2023-03-27 22:29:11,对影成三人,其他人睡不着是刺激过后的余波，只有女主是不够“刺激”。话说睡梦中被长辈急急拍门叫醒真的很痛苦，会心里发毛心跳加速神经衰弱的，难怪女主会疯……,4,推荐,0,0.0505628219407933
2023-04-01 21:48:05,李湘,看过很多遍的恐怖电影。特效做得相当不错。,5,力荐,0,0.9889817634046968
2023-05-28 20:32:06,mills,4k修复画质不错，这是个视效类恐怖片，99年做出这视效真太好了，很多后来的片子都赶不上它，布景弘大且精细，可惜人物立不住、拖的长叙事效率过低，结尾又很草率，很难熬的恐怖片,3,还行,0,0.9999458762401898
2023-05-29 22:15:04,斯巴西巴,看完电视剧版再来补原版的，感觉电视剧改编得像神作一样。剧版只是把这群人改成了一个伐木累的关系而已，其实设定大致相同。凯瑟琳泽塔琼斯靓到爆炸，而且到最后她也能活下来，谁让她叫dior呢。剧情其实有点好笑了，女主被吓了一通以后突然家人侠附体，就要拯救屋里小孩的灵魂，明明自己都打不过鬼屋还说有我在你就伤害不了他们？因为这就是家庭的力量？这么喜欢小孩的话一开头答应妹妹照顾熊孩子的工作要求好啦。【看桃上的版本的，是很高清但感觉是有删减了画面。,2,较差,0,0.9999999896108864
2023-06-20 15:25:54,六月十五小满,我这是捅了neil的窝，昨天看的最后一次驱魔女主也叫neil。泽塔琼斯好美，完全抢走女主风头。看老电影有个好处，你能看到N个巨星出现在一个片里。鬼出现的方式让我想到了邪恶力量，原来是源于这个电影，鬼出现了周围空气就会变冷。这个片是下了血本了，不知道是真的借了个古堡还是搭的景，这个内饰真的很阴森，给我钱我都不会去住。20多年前的故事，剧情真的很老套，也不太恐怖，女主最后是死了吗？,2,较差,0,0.9999999364639328
2023-08-17 13:42:49,Yiannis,虽然这种一群人去一个古早鬼屋探险的戏码已经被玩烂，但每次看还是很开心。,3,还行,0,0.9955779014147016
2023-10-03 20:49:04,Newslance,节奏不太好，剧情一般，主角的戏份太重，其他配角的行为显得有点不合理,3,还行,0,0.8535012196468496
2023-11-17 13:52:20,发条Kiyo,都说换个人演女主会更好，我反而觉得莉莉泰勒把一个孤僻内向，不善于与人沟通有点轻微神经质的这么个角色演得十分到位,4,推荐,0,0.9854630999617886
2023-11-18 21:07:45,牧三洵,房子特别精美。‖原来赞达亚和泽塔琼斯这么像。‖可是卢克又做错了什么呢？‖除了不恐怖什么都好。或许如果陀螺来拍，会让它在不恐怖的基础上变得更胜一筹。,3,还行,1,0.9907713418662591
2023-12-28 22:55:38,茉莉的茉。,小红是妳吗小红？snp玩家蠢金毛、the Z 以及没啥机会卖弄硬汉形象的liam，主角还有大宅。,4,推荐,0,0.699329360927633
2024-01-17 22:23:58,呆梨和小队长,故事毫无吸引力……剧本也不好。但是美术场景和演员可以加分。就这样吧，有点长。,3,还行,0,0.991952915903038
