2005-08-24 07:19:46,影志,“太阳所能照到的地方，都是我们的国土” 随时随地、再看百遍、都会感动如初的经典。,5,力荐,2332,0.9794051551209912
2006-01-05 00:16:40,寂地,狮子王实在也是很喜欢的,5,力荐,25,0.6053967828501474
2006-04-21 21:29:03,私享史,台湾佳译影院译制的，非常用心的翻唱了所有曲目，相当不错。不过故事就次了点儿。,3,还行,92,0.9966573347079066
2006-05-13 08:01:49,恶魔的步调,hakunamatata,5,力荐,2019,0.5
2007-02-24 11:15:22,[已注销],"The Lion King。獅子王。我看過的第一部電影。(..呃,我是說,我看懂的第一部電影。..呃,我是說,我自以為看懂的第一部電影。) ——5歲。",5,力荐,0,0.5338576779811818
2007-04-14 11:36:13,Over5,主流电影的程式化让人真的无话可说，那个年代英雄人物的发型都一样，连动画片的主角——一只长毛狮子留得都是中分，看着跟斩召似的，为什么啊？,5,力荐,6,0.9998742753896522
2007-06-12 19:08:31,Ivan,[中学] 电影院看了又在英语课看了遍英语原声的 应该是第一次看不带字幕的原声电影 OST很好听 为此头一次买正版OST磁带,5,力荐,0,0.6959548335203561
2007-06-12 19:08:31,Ivan,[中学] 电影院看了又在英语课看了遍英语原声的 应该是第一次看不带字幕的原声电影 OST很好听 为此头一次买正版OST磁带,3,还行,0,0.6959548335203561
2007-06-24 10:37:42,战国客,令人激动的动画片！可惜，最近再看，忽然觉得不像印象中那样精彩了~~,4,推荐,34,0.97552264155418
2007-09-23 19:58:55,甲🎹,据说是disney第一部原创剧本。。但是，分明就是个猫科动物版的《王子复仇记》嘛，这不重要！重要的是十多年以后再看这动画，我仍然觉得里面人物是那么能打动我。在我心目中 The Lion King是disney的标志。关于勇气的故事，讲多少遍都很动听哦～～～,5,力荐,0,0.9999585571072064
2008-01-10 16:46:34,老鸡｜扶立,从此得知，原来动画片还可以是这样的……,4,推荐,667,0.8971668809974598
2008-01-14 14:57:55,胖得飞不动,亲情+美妙的音乐+如诗如画的场景。,5,力荐,0,0.9995973411285892
2008-02-02 12:03:44,寒  汐,动物版哈姆雷特,5,力荐,965,0.9540804380442436
2008-02-06 11:23:26,ly莉,The best Disney animated feature!,5,力荐,0,0.2673264094671704
2008-02-07 16:55:34,jacqie,有时候简单的画面也能给予你最深刻的印象，因为重要的是有着饱满的故事内容，这笔现在许多三维动画片都好太多了。,4,推荐,0,0.9806307104666948
2008-02-16 21:51:22,copymie,media老师以这部片子为例，教我们如何识别gay,4,推荐,0,0.961683491434621
2008-03-20 17:39:33,zenz,小学五年级时候跟朋友去电影院看的，迪斯尼的一代经典，我认为是迄今为止最好的迪斯尼剧场动画。,4,推荐,0,0.9999999134202098
2008-03-23 14:39:47,侯二六,神作神作！迪士尼手繪時代最後的經典！喜歡震撼的開場，成年辛巴的聲音（SJP的老公），《哈姆雷特》變成《乞丐王子》，然後在雨中奪還王國。記得小表妹每看DVD木法沙落崖必哭，初戀對象揹著獅子王圖案的書包走進校門，以及觀影時鎮上位於百貨公司頂樓的電影院，如今那電影院也不存在了。,5,力荐,0,0.999999210792846
2008-04-21 22:28:59,鱼婆婆,"小时候很喜欢..看了不知道多少遍(学校还组织全校去看的,我的母校真是好学校^^)",5,力荐,1,0.9999855105925892
2008-06-22 23:22:35,闲情小娜,轻易相信的下场就是被暗害，一切都是为了更强大。幸运的是，它遇到了值得信任的朋友，有失就有得。战胜困难，让自己不再畏缩不再逃避。,3,还行,1,0.9959739862987588
2008-07-14 20:18:38,德拉库拉拉,2008-7-14 20:16:19 9/8.1(85755) #188 你是电，你是光，你是唯一的神话，小时候迷得不行,5,力荐,0,0.7351852611970506
2008-07-23 15:33:59,Fan要坚强,小时候.一柜子的小狮子纪念品.哭湿的枕头.想妈妈的时候.,5,力荐,2,0.9615801765941936
2008-08-09 20:46:43,从前有一只考拉,怎么也忘不了辛巴钻到爸爸手掌下面的时候说 爸爸你醒一醒。,5,力荐,1,0.9904463749217496
2008-10-02 11:07:05,老卢R,迪斯尼早年的片还行 喜欢John的主题歌,4,推荐,0,0.9986571089678322
2008-10-04 03:44:04,TORO VAN DARKO,又是一部是属于那个年代的影迷的经典,5,力荐,390,0.9426553487901892
2008-11-13 10:21:39,躲猫猫社社长,"以下我自翻的对话请各位复习500遍：
木法沙：辛巴，你已经把我忘了。
辛巴：不，我怎么会呢？
木法沙：你忘了你是谁，也就忘了我。看看你自己，你不止你现在变成的的样子，你一定要回到生命的轮回中去。
辛巴：我怎么还回得去呢？我不是曾经的我了。
木法沙：记住你是谁。你是我的儿子，是唯一真正的王。记住你是谁。",5,力荐,6,0.9999999825446968
2008-11-27 18:59:05,誰|ぼくちゃん,哇··我小学看的，是电影上映时姑姑给我一张高中生的票，印象很深在2楼，当时个子太小坐在座位根本看不见··是站着看完滴··妙啊,5,力荐,0,0.9720603588884952
2008-12-03 18:55:11,Tiff,"Put your past behind your back,
Hakuna Matata!",5,力荐,0,0.1161352929236129
2009-02-19 13:31:19,印第安纳波利斯,那个年代我看了地区首映，这是我自己第一次看电影。,5,力荐,0,0.9158682750403472
2009-05-05 14:08:52,lizzycoucou,小时候看过的第一部动画大片 不管有多少毛病都是完美的,5,力荐,0,0.9987010625539996
2009-05-18 11:06:46,路西法尔,今天回想起来，算是入宅作吧，让我第一次领略到了动画的魅力……不管怎么排，这部动画都是迪斯尼的巅峰之作。,5,力荐,2,0.9999911220407336
2009-05-30 04:09:24,嘉沐難再續.K,我真的不覺得特別。,3,还行,423,0.1219544010262516
2009-07-25 11:54:19,Arrhyth,情节动人心弦，音乐引人入胜。不过94年的动画技术，稍显粗糙了。,5,力荐,0,0.9609934273974116
2009-08-02 02:19:15,代表月亮rock你,其实我还记得剧情也记得经典的背景音乐 不过，JUST SOO SOO~,3,还行,1,0.995831048072732
2009-08-05 13:46:26,lostcat,经典得都烂了,5,力荐,565,0.3894881710594287
2009-08-08 14:32:08,祥瑞御兔,我承认我在http://movie.douban.com/review/6530374/里言过其实了。frozen heart还是没法跟the circle of life比。复习时已流泪。http://www.bilibili.com/video/av393376/index_1.html,5,力荐,1,0.8457802050114952
2009-09-07 10:47:41,absolutmilk,一个不喜欢动画片的朋友跟我说 狮子王贼难看 一群假的动物说说笑笑 唱唱跳跳 无聊的要死- - 但是从小到大我看了不下10遍 依然经典 百老汇的歌剧一样很好看,5,力荐,0,0.9923648507633226
2009-09-10 20:55:27,番茄杀人狂,在引进的那年就租了5遍了 想想多好看那时候大家都在看,5,力荐,0,0.9471608661194818
2009-09-25 02:35:06,逆十字の荣光,一般般，美式的东西大多没感觉，美式动画早期的还行，现在的美式动画除少部分更加不喜欢，欧洲还是法国动画最好，亚洲就是泥轰,5,力荐,4,0.9961477861310444
2009-10-23 19:09:39,零,配音真不错，尤其是陈佩斯，多好的一个喜剧演员，被潜规则了，现在只能演舞台剧,4,推荐,0,0.9997648966274232
2009-12-13 14:22:54,冰糖木耳,非常经典的迪斯尼动画~~ 很感人的故事~~ Avec papa et maman，@顺四条文化宫~~,5,力荐,0,0.9999832295380184
2009-12-23 09:29:13,找凹的凸,史上经典力作啊，《哈姆雷特》动物世界版，还用说别的吗？,5,力荐,0,0.9999791380916264
2010-01-04 19:17:52,十个斗的眼窝浅,"记得看得录像带呢~~~~~~~~~~~~~


里程碑，经典~~~~~

我从此爱上动画影片~~~~~~~~~",5,力荐,1,0.9969743003087388
2010-01-15 00:09:41,Anakin,和妈妈，北图，当时看之前就这是一部动画片还是真人片和妈妈纠缠半天，不知道为什么那会儿放电影中间有休息上厕所的时间，妈妈去给我买冰棍，半天不回就去找她，她的包和我的手表都在椅子上放着，结果回来就是一顿臭骂，我只好拿着冰棍哄她，想想真是怀念,4,推荐,1,0.0444555769293153
2010-02-01 10:42:08,Jacky,Can you feel the love tonight?--到现在仍是我最喜欢的英文歌之一。狮子王也是Disney与Pixar合作之前90年代最好的迪斯尼卡通了。,5,力荐,1,0.7914842247031337
2010-02-01 15:32:37,往事如烟,"很多事情是忘不掉的……
比如那句：ha ku la ma ta ta
还有 木法沙：
你看那些星星
过去那些伟大的君王从那些星星上看着我们呢.
真的？
是呀。
所以每当你寂寞的时候，要记得那些君王永远在那里指引着你，还有我也是。",5,力荐,0,0.9999990290684592
2010-06-05 19:03:09,一只麦麦,记忆中我的第一张VCD动画，那时还在上学前班呢。前阵子看颇具解构意味的狮子王3，重温第一个镜头第一声嘶吼的影史经典，激动得眼泪都要掉下来。记忆中年纪最小、最渴望拥有的一件东西就是狮子王的棋（虽然现在想想多半是盗版，也不会有多好玩），那种家长没给买的遗憾和难过能记一辈子...,4,推荐,3,0.9999999944992546
2010-06-05 19:03:09,一只麦麦,记忆中我的第一张VCD动画，那时还在上学前班呢。前阵子看颇具解构意味的狮子王3，重温第一个镜头第一声嘶吼的影史经典，激动得眼泪都要掉下来。记忆中年纪最小、最渴望拥有的一件东西就是狮子王的棋（虽然现在想想多半是盗版，也不会有多好玩），那种家长没给买的遗憾和难过能记一辈子...,5,力荐,3,0.9999999944992546
2010-06-24 15:22:11,刘建明,"动画歌舞版《基督山复仇记》
CAN YOU FEEL THE LOVE TONIGHT？
原来电影里的歌不是ELTON JOHN唱的呀。。。。配乐是Hans Zimmer 很强大呀",3,还行,0,0.9999660490176844
2010-06-28 00:22:18,stknight,小学的时候租的VCD看的。迪士尼最受欢迎的动画之一，也是中国80后的集体回忆。动物版的《王子复仇记》，片中智慧爆棚的狒在最后教训土狼时的身手，则犹然让人看到了李小龙的身影。标志性的吼叫、利索的踢腿、快速的出拳，虽然是动物但拉菲奇神形兼备的酷劲儿并不输给任何人类模仿者,5,力荐,4,0.9999999995879956
2010-07-08 18:09:30,罗弘霉素,败在“刀疤”没有反派魅力！,4,推荐,1312,0.8721711755005341
2010-07-10 23:01:12,lin,the father become the son.the son become the father.--《supermen 》,4,推荐,0,0.421874597530976
2010-07-27 16:49:16,vivien,在我心中永远的DISNEY经典。。无可挑剔极致完美。。从画面场景形象歌曲。。Disney演绎经典Hamlet。。经典+经典。。,5,力荐,0,0.9999927801397106
2010-07-27 16:49:16,vivien,在我心中永远的DISNEY经典。。无可挑剔极致完美。。从画面场景形象歌曲。。Disney演绎经典Hamlet。。经典+经典。。,5,力荐,0,0.9999927801397106
2010-07-28 00:01:55,妙儿,小学看的 难忘的时光 真是励志片啊,5,力荐,0,0.9861881198977176
2010-07-31 22:13:25,小柒゜,"那时候的大片。。。
已经完全不记得剧情了。",3,还行,0,0.6933439823013794
2010-08-25 12:20:50,缘三,这是我看的第一部国外动画，也应该是第一部国外电影。记得那时还是借的王成的正版碟看的，也是第一次看正版碟吧，开创了好多个第一。动画的优点就在于，它首先不会让人讨厌，那么它让人喜欢的概率就增大了不少。。美国动画与日本动画的区别，或许就在于，他们已经喜欢宣扬人性。宣扬英雄主义，个人魅力,4,推荐,0,0.9999999999171711
2010-09-27 12:56:27,秦幽轩,第一部在大银幕看的迪斯尼动画电影，片头的日出景象一出来就被震撼了，因为此前从未想到动画片竟然能拍出这种效果！另外小狮子太可爱了！（2017.7补记：今天为陪孩子看而重温了一遍，才发现这片子原来是如此经典！依然觉得那么好看啊！不知为何当时猪油蒙糊涂了心，居然只打了4星，现在怒改5星！）,5,力荐,0,0.99999384235588
2010-10-03 13:51:01,Z,重温狮子王，Remember  who you are,4,推荐,0,0.9133224613253615
2010-10-16 18:25:00,路可可,反面角色没有灵魂太可怕了。,2,较差,54,0.9694125142288736
2010-12-20 18:34:27,=_=秋叶,喜欢主题曲 can you feel the love tonight,5,力荐,0,0.5341793878671717
2011-01-04 09:30:51,阿布豆,小狮子长大后刚出现的那一瞬间很惊艳。似乎跟老狮王没什么区别，但又确实不是。,5,力荐,1,0.9994656679960532
2011-01-23 14:43:20,AGPの黄昏,can you feel the love tonight?,5,力荐,0,0.3780725815057335
2011-02-12 00:23:53,七,那时的俺还小……还听不懂can you feel the love tonight，还不认识Elton John……,4,推荐,0,0.336123149423059
2011-02-19 10:39:39,骑马的丁丁,"90年代，长沙，影院，补登豆瓣。
当年的十部引进大片之一，掀起了看动画片的高潮！",4,推荐,0,0.996095250156798
2011-03-04 13:51:25,烟视媚行,动画片也可以这样庄重。讲述男孩的成长成熟以及成为顶天立地的男人。很经典。,5,力荐,1,0.9999224583119208
2011-03-12 22:37:55,芒果果果果果子,记得95年是和爸爸在电影院看的    隔了16年再次看  剧中什么都没变   可是剧外却发生了翻天覆地的变化   我已不在是当年那个什么都不懂被家人捧手心的小屁孩了····,5,力荐,1,0.9999250421645756
2011-03-16 20:44:17,伍德与夏洛蒂,最爱的迪士尼，没有之一。,5,力荐,873,0.9480172210473516
2011-03-19 15:30:35,小妙妙,我就是不喜欢这种动画啊。。。。。怎么办，，。。。,1,很差,3,0.714214977845591
2011-03-26 11:41:55,方聿南,四星半，精雕细琢的台词中会偶尔插进一两句狗血的，好莱坞的剧本医生也并非事事完美啊,4,推荐,4,0.945074655026082
2011-05-20 00:23:31,葱油饼,"the blatant American logic: we eat the deers, and we die, our corpses feed the plants, and the deers eat the plant.",4,推荐,0,0.2395217615025801
2011-07-23 16:53:07,冰与火之歌,这已不能用一部电影来衡量，这是一种回忆、一个童年，就像失而复得的初恋，那么弥足珍贵，那么心潮澎湃！,5,力荐,42,0.9999957405606544
2011-07-24 08:40:11,钟笑乂,编剧相当猛啊，这想象力，不喜欢歌舞片，但是却是相当精彩,4,推荐,0,0.9430846696419244
2011-07-28 23:03:38,sharon,童年回忆啊，辛巴是最帅的王者,4,推荐,4,0.9999642784089164
2011-08-29 21:24:00,White Shadows,P孩子时候看的作品，当时还是看的录像带的，那个把我震撼的啊，现在再看，没感觉了……,4,推荐,0,0.9623941274192168
2011-09-03 23:22:17,spawn4,以前只是断断续续的看过，看过的都说好，这次却是快进看完，配乐毫无亮点，就结尾的主题曲耳熟能详，比起我看过的其他迪士尼的动画差太多了。,3,还行,1,0.9973615640788844
2011-09-12 20:30:03,Augentropfen,好电影总是不怕时间的考验。当辛巴登上荣耀石的时候，如17年前一样，我激动不已。我让那只狒狒闹死了，太可爱了。,5,力荐,0,0.9971771703560678
2011-09-20 21:33:15,劳永逸,劇情太弱，歲數大於8的直接跳過吧，留著給什麽外甥、侄子、兒子、女兒收藏倒是不錯。Mr. Pig這隻豬跟Hans Zimmer相當impressive啊~,5,力荐,20,0.7218855317427195
2011-09-23 11:53:41,朱古力粒橙,今儿看了一把3D的 虽然3D部分比较坑爹 但电影还是很好看啊(╭￣3￣)╭♡ 歌还是那么好听~~,5,力荐,0,0.928651796643356
2011-09-28 11:26:39,瓜爺,"3D沒起太大作用, 有些經典還是停留在2D就好.",4,推荐,0,0.6209792594688217
2011-10-01 19:26:52,游牧人·芳汀,小时候看的,4,推荐,5,0.8971196651667275
2011-10-03 10:11:45,只手撕天,我只会完整唱一首英文歌，那就是《can you feel my love tonight》。,5,力荐,0,0.9534246021200056
2011-10-03 21:31:33,圣无常,小时候只看过电视版，由于3D重制版在北美的热映才翻出电影来看，虽然以现在的眼光来看剧情简单，技术也很粗糙，但经典终归是经典。,3,还行,0,0.993311515852797
2011-10-04 14:58:06,pabu,当年的录像带时代  我曾无数遍看过这部辛巴的王子复仇记 童年的记忆 多年之后进电影院看狮子王 发现那些音乐 那些角色还是那么熟悉 那么亲切。。。童年不再了 童年的记忆依然在。。。抛开情节3D效果什么的都不说 就冲着刚开始小辛巴被举起时那让我回忆童年而直刺我泪腺的感动 五星,5,力荐,0,0.9999999999999768
2011-10-09 14:38:28,大臀村,狮子王作为迪士尼最后一部纯手绘制作的动画片 具有划时代的意义 不再根据现有童话改编 加入了大量成人观众也能为之共鸣的内容 有圣经元素 莎翁戏剧加持 是真经典,5,力荐,0,0.999999648262054
2011-10-23 14:48:34,🇫🇮🐧,童年回憶 記得當初是小時候在大光明電影院看的 人超多的 我爸去買票的時候還蹭到了血 但不曉得是誰的  我媽還要搞笑 本來沒想看的 後來莫名其妙當她發現的時候 已經在放映廳裏面了 等於人潮把她擠進去了 就這樣白看了一場電影 電影內容到現在還記得呢 特別是辛巴爸爸死的時候 超難過的,5,力荐,0,0.9997426770843396
2011-10-24 04:08:32,拯救二百五星人,今儿回顾了一下3D版，虽然有点沉闷，不过我一定要和我的孩子一起再看一遍狮子王，就这么决定了,5,力荐,0,0.985860106168865
2011-10-31 17:52:15,还没想好叫什么,约翰爵士的Can you feel the love tonight真的很好听,5,力荐,0,0.6770471930828995
2011-12-07 19:46:02,[己注销],现在回头来看，已经很难从这种二元化的作品中找到感动了……,3,还行,106,0.9941659035348748
2011-12-14 19:56:40,Y.15,我记得当年看的还是那种录像带 后来爸爸买的光盘 一遍一遍的看 但是拿到手的时候已经是快2000年了 就靠着狮子王 玩具总动员1和泰太尼克看了好长时间 侏罗纪公园那个时候觉得恐怖都没敢看 这都是回忆了,4,推荐,1,0.9996192045805256
2011-12-16 10:30:16,黑骨精,《狮子王》的视觉形象非常壮丽，有传统史诗片的气魄，又巧妙融进了真人片难以拍摄的新颖视角。动物形象的绘制精美生动，既有拟人的妙趣，又保持了动物的本色；场景描写更是气壮山河。非洲音乐和西方通俗摇滚乐的结合水乳交融，没有丝毫刺耳的摩擦。,4,推荐,0,0.9999999999946848
2011-12-25 06:25:31,髦髦,★★★★☆ 儿时最爱。曾经认为是最好的动画，那是在还没有看日本动画之前,5,力荐,0,0.9997986147834128
2011-12-28 06:41:36,陀螺凡达可,又是一部是属于那个年代的影迷的经典。,5,力荐,25,0.9426553487901892
2012-01-22 11:37:13,酱爆,小学时候学校里发电影票让我们自个儿结小伙伴去看，那是第一遍；后来我又两次借录象带看……反正是看了好几遍。,5,力荐,0,0.9832560648696678
2012-02-21 17:50:18,戕茕,这我小时候最喜欢的，数不清看了多少遍。,5,力荐,1,0.9744902418629304
2012-03-26 16:20:00,语然小语,动画版哈姆雷特，记得儿时有个快餐店里成天放着，招徕很多孩子买汉堡,5,力荐,0,0.9999870803173488
2012-05-08 06:15:16,É,这真是第一个让我头晕的3D电影，真没必要硬是把狮子头也做成3D的。。。其他的虽然只有法语配音版的，但是充满了回忆！光凭这点就值得去看了！,5,力荐,0,0.9988133588558148
2012-05-23 03:14:16,Escaper_Viola,还记得小时候家里放得是录像带的电影，那时候看见爸爸救辛巴而死掉的时候就一直哭不停。,5,力荐,3,0.9992996357123358
2012-05-23 15:47:47,抹茶,Can you feel the love tonight,5,力荐,0,0.3537114131661251
2012-06-17 20:56:12,83年结婚照,看了电影节的3D版本，可3D效果不太明显，也不知道是制作的问题，还是影院屏幕的问题。但那些都不重要。影院里到处能听到附和的歌声，大家都是来追忆狮子王和过往的自己的吧。结束的时候响起了掌声，一直到卡司完全结束，影院才亮灯，这感觉真好。只是重新制作都不加个彩蛋福利，小小遗憾一下。,4,推荐,0,0.9998043940794208
2012-06-21 01:47:51,saturdaylou,#SIFF# slow motion lion fight 也太好笑了,5,力荐,1,0.5277073875308252
2012-06-22 23:39:39,叶洲,18年前第一次看狮子王，也是在上海大光明，光阴如梭，记忆依稀可辨，景色依旧美好，音乐依旧震颤人心,5,力荐,5,0.9999931494232596
2012-06-24 02:02:44,Mignon松弛地,十几年过去了，如今重温才发现画面的简陋和美国价值的输出。不过经典还是经典，当那些熟悉的音乐响起，不由自主热泪盈眶,4,推荐,6,0.9999467586943608
2012-08-18 13:57:34,朝暮雪,一部比大部分真人电影还优秀的动画片。,4,推荐,37,0.9967790379971444
2012-09-03 14:13:00,你好我叫肉饼,小时候家里有租来的录像带，后来租录像带的店关门了一直没还，然后一直看一直看,5,力荐,0,0.0253445211606817
2012-09-04 20:37:48,豆皮子子,小时候去电影院看的第一部动画电影,4,推荐,0,0.97510605666904
2012-09-05 02:07:46,晴枫,尤记得小时候就很喜欢。去年视听说期末考内容。,5,力荐,0,0.9997876410654778
2012-10-28 18:47:54,同志亦凡人中文站,现在看剧情真的好简单啊，不过拟人感实在太完美了。还有那个“哈库那莫塔塔”，好多年没听到了...Can You Feel My Love Tonight？,4,推荐,558,0.888603592903293
2012-11-10 21:25:36,私房歌,非常喜欢的片子，记得刚刚上映的时候我还在上小学。完全陷入剧情之中，到现在还非常喜欢这个片子。,4,推荐,3,0.9999469590828124
2012-12-11 11:29:06,葛奴乙的香水,今天纳粹电影课最后一次放映应该是个惊喜来着，结果教授给我们放的是这个…… 从来没想过这部经典动画片里有这么多纳粹理念啊,5,力荐,1,0.9997500923934344
2013-02-02 22:11:07,一十一,回忆外加欣赏，现在看来此片已经是2d动画的巅峰之作，也是最后辉煌。片中的某些场景已经开始使用3d设备，任然没有皮克斯的立体感，不仅配乐大气磅礴，之后的动画再无重现，画质更有3d动画难以超越的美感。,5,力荐,0,0.999999998524132
2013-05-12 00:10:31,vivi,故事逃不出没有情欲的童稚王子复仇记。技术终会输给时间。唯独音乐依然萦绕。,5,力荐,13,0.9998809600579808
2013-06-18 11:54:13,白目兄,远没有想象中的经典，故事俗套的不行 。  对与手绘我还是比较喜欢日式的,3,还行,0,0.9888101642893252
2013-12-15 02:37:04,坍塌,配乐，动作，神态各方面都不错，但总感觉缺了点什么。hakunamatata★★★☆,3,还行,1,0.643954362559873
2014-02-14 11:05:04,TheFlash振魏泽,庆幸的是，我看的晚，所以能够更好地理解其中歌舞的魅力。遗憾的是，我的童年少了一部可以回忆的动画片。,4,推荐,1,0.9999640948333098
2014-06-13 03:49:45,小凯,重温一遍我心中最经典的动画电影.Can you feel the love tonight. How it’s laid to rest. It’s enough to make kings and vagabonds. Believe the very best！,5,力荐,0,0.999583488968942
2014-09-08 20:29:00,团小纸,今年是上映20年，94年真是个神奇的年份。童年记忆里木法沙死去的部分简直是梦魇总也忘不掉；再来就是那年埃尔顿约翰钢琴弹唱的主题曲。重看时对动画在场景上的渲染依旧臣服，赞美伟大的迪斯尼！,4,推荐,1,0.9999999880834765
2015-01-28 12:47:45,寒花,從初中就循環的soundtrack，每一支曲子都爛熟於心，不能接受翻唱版本，動畫片竟然現在才看（因為當時木有買到碟☜）。後來迪士尼就很少出這樣美的二維動畫了，不能更懷念丁滿和彭彭。哈庫吶瑪塔塔。,5,力荐,4,0.2908043179179963
2015-02-25 03:55:26,阿茶,虽然是儿童片，但确是一个深刻的成长故事。没有刻意避开大自然准则的严酷性，而是借老狮王之口用粗浅的语言讲清了食物链与物质循环的道理，片头片尾又是轮回。还有大受哈姆雷特影响的剧情。家长都应带孩子观赏。另，以前的动画更倾向把动物高度拟人，如今却相反，越美萌越上佳，也是一种态度的转变吧。,4,推荐,2,0.9999999999999308
2015-06-21 07:40:34,梦里诗书,《狮子王》是迪士尼2D动画时代无以复刻的巅峰， 在关乎爱与责任的命题中，电影以一只名为辛巴小狮子的成长，将亲情、爱情、友情三者皆淋漓尽致，那音乐与剧情绝佳契合的完美演绎，无论任时代更迭，无论任你我成长，这样的经典总能动人心房，,3,还行,8,0.9999999999999998
2015-10-27 20:35:32,冰红深蓝,重温童年经典，依旧好看。故事内核是动物版的哈姆雷特，但主题由复仇改为偏重对成长与责任的诠释。严肃黑暗与滑稽温情完美平衡，一部成人和儿童都会拍手叫好感动不已的经典动画电影。配音出彩，抓住了角色神韵，Hans Zimmer的配乐大爱。（9.0/10）,3,还行,16,0.999999999999998
2015-12-13 14:00:47,Catete,我觉得这个片子最厉害的一点在于 它特别低幼 故事特别简单 但正好够小孩子能接受的程度 其他的动画 比如最近几年很火的frozen 都不太低幼 而且二十多年了这制作依旧很神啊,4,推荐,3,0.9987063349165506
2016-02-22 16:39:36,优杉,有点失望，可能是之前期待太高了，真以为迪士尼会做出一部恢弘壮阔的史诗片，结果迪士尼还是不适合做这种大格局的片子，前期还是很不错的，从辛巴逃亡那里节奏开始乱掉，辛巴最后的回归毫无王者归来的霸气，轻轻松松就夺得了王位，太缺乏戏剧张力了，看得十分泄气。,5,力荐,6,0.9999999883478868
2016-07-26 21:14:57,巴喆,这动画说的是龙生龙凤生凤、狮子王的孩子还是王；野心家的夺权、王子的复位，以及童年情愫、成年的炮。这动画加分都在技术项，比如使用了当时最先进的2D动画技术，现在看来极具美感渲染的画面，以及太经典的歌曲，《Can You Feel the Love Tonight》一曲足矣！8.4,4,推荐,338,0.9999999943575996
2016-11-02 22:31:06,股神看不懂,经典之所以称之为经典正是因为他无法复制，狮子王就是这样的经典，每一个细节都那么出色，每个音乐都那么动听，恰到好处的搞笑和贯彻始终的感动。这样的片子不管放到什么时候都不会落伍，因为他本身就是传奇,5,力荐,741,0.99999999952317
2016-11-12 16:07:50,yocofcjx28,那一年，我还是小孩时的美丽童话！,5,力荐,12,0.9932636706236376
2016-11-12 18:11:07,小伙锅,哈苦纳玛塔塔 （电影频道重放 觉得对话精彩极了）,5,力荐,2,0.5567850146909584
2016-12-18 15:08:22,十一,辛巴！辛巴太帅了！,5,力荐,4,0.9989091023569892
2017-02-14 16:59:56,铃儿响叮当,经典的迪斯尼，满满的童年啊，我们何尝不是小时候的辛巴，但长大后呢？,4,推荐,6,0.9999990403523236
2017-03-16 21:51:09,芝麻蛋老妈,小时候最喜欢的动画片，歌也好听的不行，很温暖,4,推荐,3,0.9941235370613398
2017-03-16 23:32:35,杨大志°,都说是童年回忆，但我一点都不记得小时候看过。还是大学的时候和同学一起看了一遍。,5,力荐,11,0.999978804614925
2017-03-18 07:21:03,美女菜kun,小学的时候就去电影院看了。我哭了！,4,推荐,3,0.9053380161194984
2017-03-19 20:31:33,天然呆,温馨的动画片，喜欢辛巴,5,力荐,7,0.9975287633316352
2017-03-21 23:50:59,仙仙美代子,童年回忆啊，看到木法沙当上狮王那一刻有感动其实也有点惆怅！长大意味着变强大变成优秀的领导者，然而我跟喜欢他天真快乐的时光,5,力荐,6,0.9999999999819068
2017-03-22 07:45:15,曜晶75,哈姆雷特中的复仇小王子变成了丛林中的狮子王，原始森林的广袤无垠凸显了一种雄壮的气势。,5,力荐,6,0.999999531171644
2017-03-22 11:18:42,炫3D,这部动画绝对是经典，内容积极向上，音乐无可挑剔。,5,力荐,306,0.9953120692335344
2017-03-24 09:06:10,王杰希o_O,真的是非常喜欢狮子王的故事，相比于迪士尼这部电影，更喜欢小时候在电视上看到的长篇动画片。,5,力荐,4,0.9999629516214216
2017-03-24 09:14:49,蓝下老婆,好看，温馨，励志,5,力荐,18,0.9096300195886056
2017-04-12 19:52:36,吃瓜小能手,勇气与成长的故事，即使过了多少年，即使生处不同的时代，仍旧能够让人有所感悟……辛巴是在波折的人生中踏出了那条成王的道路！,5,力荐,248,0.999999965717626
2017-04-16 01:05:20,shield,正义总能战胜邪恶，在你经历坎坷之后。原声音乐也超好听,4,推荐,14,0.998914998873058
2017-04-16 01:21:36,爱情海,迪斯尼最经典的动画片，不知道看了多少遍。,5,力荐,32,0.9894307002103068
2017-04-21 22:20:12,Kylin,童年经典回忆 超喜欢里面的配乐！辛巴～,4,推荐,3,0.999974775566716
2017-04-25 20:49:56,小肉兔,动画版王子复仇记~小时候的经典~,4,推荐,4,0.9999614361454215
2017-05-06 22:59:57,未央,童年回忆，动物版《哈姆雷特》，哈哈，故事很励志，小狮子辛巴很招人喜欢,4,推荐,5,0.9999991103627598
2017-05-13 22:33:52,今晚熬夜了吗,辛巴作为主角，天性顽皮，然而在以后的成长历程里却给他带来了身心的巨大变化。经典的动画电影。,4,推荐,10,0.9999999996179414
2017-05-16 20:27:01,柠檬海盐,经典的童年记忆，喜欢辛巴，很好看。,3,还行,7,0.9999619294858284
2017-05-20 18:11:23,茹影随形,非常经典的动画片，老少皆宜。看的时候会忘了这是动画片。,4,推荐,17,0.8907911628238268
2017-05-26 19:57:35,圆圆的宝贝,经典，作为一位母亲，希望儿子成为辛巴一样的人，坚毅，勇敢！成为他想成为的样子！,5,力荐,4,0.9990796585011852
2017-06-03 23:30:58,顾俏乜,动物版的《哈姆雷特》。,4,推荐,27,0.9892576711698968
2017-07-01 22:08:48,🐈,我看了三遍。。。。😂😂😂,4,推荐,5,0.8455936156937374
2017-07-02 00:19:30,seabisuit,不明真相的阴谋篡位，麻痹国民不受拥护的领导人早晚都会下台被正统所复辟的。耀莱重温二维动画是有些老旧而且剧情场面也比较简单，但政治意味说教不少，靠几段歌舞转折得很快。这片真不知看了多少遍了，记得买录像机时还送了一盘带子，里边的角色名记得特清楚，汉斯季默的配乐和埃尔顿约翰的歌就值五星。,5,力荐,6,0.9999999996666328
2017-07-07 21:37:40,橙曦羽潞,第一次看这部动画片还是童年时候，很经典，很感人的故事,4,推荐,3,0.9999182224546308
2017-07-20 22:46:28,历史理性,95年，和父上，第一次进电影院,5,力荐,6,0.9089910757444069
2017-08-06 21:57:05,Sunset、,baby一看到晚上的场景就说好恐怖，我好怕，不想到，我跟他说那你去玩不要看，又舍不得走，后来看到那个野猪和那些土狼决斗那里一直在笑，还一边大声说野猪好厉害，野猪也能打败坏蛋，感情辛巴没有感动他，野猪让他产生了兴趣！辛巴爸爸掉下去那里他都哭了，不过他说里面唱的歌好好听！,4,推荐,6,0.9999998299471043
2017-08-14 02:56:31,Leon Winters W,这么经典的动画居然没有标记？童年的记忆！总之，狮子王不光能让我们回到童年一次，还能让我们重新成长一次。所以，不管3D不3D的，如果有机会，劝诸位还是去看看吧。哪怕只是问候一下十六年前的自己，也是好的。,5,力荐,2,0.9999953484311068
2017-09-12 19:48:46,蜜思丝,最近重看了狮子王，有两个感想：一个是配乐很不错，另一个是果然美国的超级英雄都没baba,3,还行,2,0.9966135329028332
2017-11-10 14:25:06,遇见彩虹🌈,应该是我看过的第一部迪士尼动画电影，还是看的英文版的，绝大部分句子没听懂，光看画面当年就觉得很惊艳！,5,力荐,153,0.9995433226221122
2018-01-12 13:08:27,沧海一小生,看过无数遍了，一遍又一遍地沉浸在宏大的场景里，沉浸在父子关系的感情里，喜欢，值得一看再看！,4,推荐,6,0.9999996178159088
2018-02-08 16:32:29,EL_CR,四星半吧…真的很喜欢…小时候看的…还看哭了哈哈哈…和家人每次说起The Lion King反倒不是提起辛巴…而是那三只hyena（好像是狗吧没记错的话）…被质问的时候第三只点头的笨蛋样子太深刻了哈哈哈…,4,推荐,83,0.9926334765831912
2018-04-20 08:41:20,做一件事很难吗,"
小狮子王辛巴在朋友的陪伴下，经历了生命中最光荣的时刻，也遭遇了最艰难的挑战，最后终于成为了森林之王的故事。",4,推荐,37,0.9999999889941108
2018-04-20 23:12:00,穿过肉身的痛,成长中不可或缺的作品！磨砺和披荆斩棘的精神！,5,力荐,8,0.9999135163655332
2018-04-25 16:06:49,铃铛,我只是在必要的时候才会勇敢，勇敢并不代表你要到处闯祸。,4,推荐,730,0.8951293046631658
2018-05-21 00:10:11,grace-xhu,小时候最喜欢的动画片之一，现在再看还是同样的爱,4,推荐,7,0.9810131609435369
2018-06-06 07:53:13,呆萌小七,绝对称的上经典之作，小时候只要电视播放我就看，现在给儿子看，喜欢辛巴！,5,力荐,12,0.9997511348141402
2018-06-11 14:33:09,回忆与否之,现在看来，迪士尼不愧为业内的领头狮，可能故事上并无太多新意，但形式上却极其亮眼。讲究的制作，考究的细节，甚至还将歌剧元素融进了作品(这点至今看来还是很让人惊讶)，各个角色依旧出彩（个人尤其喜欢那只狐獴，太Q了），保持着高水准视听的同时，亦流露着它的非凡厚度：但当太阳升起 在这湛蓝的天空 伟大与渺小 永不止息的轮回 这便是生生不息 它驱使着我们步行远方——这才应当是人类展现予后代的作品啊,5,力荐,47,0.9999999999999998
2018-06-27 13:27:20,般若儿,辛巴小时候真的太可爱了！木法沙是一个真正的国王，喜欢他❤,5,力荐,22,0.999486096536504
2018-07-06 12:33:17,慕詩,童年记忆。,4,推荐,7,0.9723665709653476
2018-07-06 14:47:11,吃瓜少年,动物界的王子复仇记，顺带留下了一首好听的歌,4,推荐,6,0.9963402536307404
2018-07-21 12:11:30,godzilla,电影传达的信息是：我们在一生中会遇到一些不好的事情，但是我们必须接受并继续前进。这些思想都是重要的、有意义的，尤其是对于孩子们。,5,力荐,26,0.9969830928438782
2018-07-21 15:21:20,波波维奇,成长故事，成为王者的故事，有亲情有励志。,5,力荐,5,0.9999153263151228
2018-07-24 21:59:58,黄不溜丢,当太阳从水平线上升起，夜晚转成白昼，非洲苏醒了，万兽群集，荣耀欢呼，共同庆贺小狮子王辛巴的诞生。小狮子王辛巴在众多热情忠心的朋友的陪伴下，不但经历了生命中最光荣的时刻，也遭遇了最艰难的挑战，历经生、死、爱、责任等生命中种种的考验，最后终于登上了森林之王的宝座，也在周而复始生生不息的自然中体验出生命的真义。本片荣获1995年奥斯卡最佳原著音乐和最佳电影主题曲两项大奖，成为最成功、最卖座的动画电影。,4,推荐,1,1.0
2018-09-07 14:51:04,橘猫爱吃鱼,主题曲“Can You Feel The Love Tonight ”太好听了。,4,推荐,12,0.0535253972784193
2018-09-10 04:27:22,托尼·王大拿,重看，这一部当是Disney Classics的集大成之作了，汉斯·季默、埃尔顿·约翰联手为其锦上添花；另外个中暗含的隐喻也很值得玩味：刀疤在鬣狗领土密谋造反后检阅那场戏，简直就是照着《意志的胜利》扒下来的，哈哈。,5,力荐,70,0.9999954610798027
2018-11-23 09:14:08,обломов,肉食动物捕食草食动物，当肉食动物死去又重新滋养草地，让草食动物维生，这就是一个生生不息的循环，小时候不懂，现在来看，狮子王是伟大的,5,力荐,2,0.9999934110855914
2018-12-13 23:05:28,极圈里的燕鱼,波澜壮阔的开场、充满希望的结尾，完美的史诗模板。画面、音乐、构图、色彩、整体色调的切换、明暗的对比、气氛的烘托、大场面的描绘、烟雾感的运用……就是在奔着谱写一部史诗。木法沙的配音实在是完美，低沉浑厚有力，威严仁慈的君王展现无遗。辛巴与父亲的对话让我回味良久。主题曲《Can You Feel The Love Tonight》更是成为超越电影的经典。不过主线故事乏力是这个时期迪士尼动画电影的通病，也是让人感觉故事太短的原因。而且能看到后来各个领域的太多作品借鉴了本作中的元素，观影中我不止一次想起那个有些似曾相识的悲剧国度洛丹伦。,5,力荐,2,1.0
2019-01-17 14:21:16,伍月,【A－】在迪士尼看过真人舞台剧，对这个王子复仇记也早已耳熟能详。但是第一次看动画原版，居然还被震撼的一塌糊涂。除了辛巴的两次转变有些生硬，结尾收场过快外，近乎完美。片长这么短，要是能再多铺垫铺垫就好了。配乐太完美了，寂寞大神什么时候都是那个寂寞大神。经典能永不褪色，当然是有原因的啊。别说过了25年，就算再过250年，我相信，它也是同类型里最耀眼的那一个。,5,力荐,2,0.9999959014857484
2019-07-12 14:05:11,寒枝雀静,C / 单论剧本原版未必要比真人版好，有几处的转折还要更生硬。但是动画的优势实在是太明显了，从第二场戏开始气质就完全不同。主要的几个人物都是由丰富、夸张甚至是妖娆的“姿态”连贯而成，加上几个华彩段落的视觉表现力，整部片富于狂欢感的节奏一下子就充实了起来。不过这把年纪看余味倒也没有多少……,4,推荐,27,0.9999992669271952
2019-07-13 21:04:52,Blank Grid,"迪士尼二维动画的永恒经典。动画改编自莎翁的四大悲剧之一《哈姆雷特》，讲的是一个王子向篡位的叔父复仇的故事。
迪士尼动画的一大特点是注重画面色彩、形象设计，而且相比于日本动画而言偏低龄化，迪士尼用类似音乐剧和舞台剧的效果展现了这个经典的故事，深情的演唱、用心的配音、完美的作画、背景和美术设定，时而奇幻，时而恢弘，时而细腻抒情，呈现了一个近乎完美的动画电影。
影片开场辛巴诞生那段，美到极致，恢弘的瀑布、万民跪拜的场景，再加上动听的背景音乐，长久萦绕脑际，完美诠释了“荣耀”二字的含义。
值得一提的是，该动画也诞生在1994年，当之无愧的永恒经典。",5,力荐,1,1.0
2019-07-14 19:20:01,张华弥,相比王子复仇，经典之处在于生生不息的成长主题，Circle of Life。小时候觉得如果不是刀疤获得王位后荒于锻炼，吃虫子长大的辛巴根本不可能打赢对方（素食少年痛殴破相老头。,5,力荐,12,0.9999999997848228
2019-07-20 22:33:51,夜神月的猫,王子复仇记，Never gets old！,4,推荐,1,0.9460724963799982
2019-07-23 18:32:49,康报虹,"电影开场，一声嘹亮通透的非洲土著语划破寂静，传入天际，随后红日缓缓升起，照耀在广阔的热带草原上，犀牛昂首、狐獴四顾、猎豹雄视、象群前行、大雁过空、麋鹿跳跃、斑马奔腾，一同汇聚在雄伟的荣耀石前。
伴随着Carmen Twillie沉稳而绵长的歌声，镜头移至荣耀石上睥睨天下的狮子王Mufasa。在阳光普照下，在动物的瞩目中，手拿法杖的山魈巫师Rafiki将狮子王的孩子Simba高高举至头顶。此刻，所有的动物欢呼雀跃，对未来的统治者俯首称臣。由Elton John谱曲的《Circle of Life》也在这生命轮回的一瞬敲下最后一个音符。
——也许这就是许多人对《狮子王》最深刻的回忆。",5,力荐,11,0.9999999999999942
2019-07-24 09:35:25,赱馬觀♣,土狼纵有千般厌点，但至少——兄弟齐心，绝不内斗！特别考虑到本故事主题核心便是取材于文学史上的内斗极品哈姆雷特，就更加反衬出……等等！为什么绝大多数观众并没有感受这种“反衬”，而是几乎完全按照影片设定好的善恶轨迹去移情狮子厌恶土狼？只能说明本片编导狡诈地更或者是无意识歪打正着地充分利用了土狼的丑陋猥琐外在形象彻底主导了观众好恶心理，以至于“土狼远比狮子更团结”这个主题动向上形成的叙事偏差也被掩盖住了。试想一下换作魔戒双塔决战圣盔谷，此节主题重点之一展示“勇气”，而城内飞石从天而降，强兽首领怒吼一声纹丝不动……,4,推荐,25,0.9999999999995
2019-08-16 06:18:47,宇宙夾縫,"傲慢與偏見。父權體系、選民意識與精英主義。洗腦式教育、自我意識的泯滅、極其表面的「非洲元素」堆砌之下明顯地缺乏想像力的爛俗內核。

一面冠冕堂皇地高唱「Circle of Life」，一面對鬣狗這一整個物種進行肆無忌憚的醜化抹黑與邊緣化，堪稱種族歧視。

最大的bug是，獅群是母系社會，並且根本沒有王位世襲制這回事兒。。

三星給畫面和音樂，迪士尼再見。",3,还行,23,2.963748059192639e-07
2019-12-31 20:57:36,nikki,19162#这把年纪已经不会为这么简单的剧情而感动了，基本上只能从真是经典啊之类来感概。虽然每个角色都有像丁满这种贱的和彭彭这种呆的类似丑角之类的搞笑存在，但这里面这两角色份外有趣是真的。JeremyIrons的配音相当迷人可惜角色戏份太少没啥（奸角）的魅力，另外有趣的一点就是反派总是被小角色杀掉主角并不会真正动手啊（毕竟是主角,4,推荐,0,0.99999999488224
2020-05-22 12:49:48,高詩遠,hakuna matata～这片子厉害就厉害在属于上个世纪却制作超前，可是在如今看来更多的是一种对于辛巴的情怀，故事性是真的弱，剧情没有什么出彩的，也只能用歌舞来让这个片子的内容更加丰富一些，把歌舞去了真的啥都不是。,3,还行,1,0.9999860362570422
2022-01-03 01:51:24,豆友213246713,"尽管可以选择哈库拉玛塔塔——如果世界背弃了你，你就背弃整个世界，但早晚要面对——我是谁，的问题。

角色原型取自英国小说家鲁德亚德·吉卜林于1894年出版的童话《丛林之书》、奥地利作家费利克斯·萨尔腾于1923年出版的童话《小鹿斑比》。影片中生生不息的宏大开场，使观众无法忘怀，曾是具有力量的动画片场面之一。而3D版本仍然充满力量，但看上去总是哪里有点不正常，这就是被糟蹋了以后会产生的一种感觉。辛巴是动物界的哈姆雷特，只可惜刀疤的反派弱了，没有对抗的魅力。

像极了射雕，复仇的故事，个人成长的故事，掺杂了权力的游戏，责任的意义所在。

手工制品的淳朴。自然和音乐完美的配合几次三番令我头皮发麻。对于仅有须臾一生的人们来讲，生命循环总发散着神圣却不神秘的光芒。
",5,力荐,0,1.0
2022-01-03 11:32:37,破辐,第一次看，价值观确实陈旧了。,3,还行,3,0.5876612331999165
2022-01-24 01:48:51,肆食二,为了凑动画勋章看的，荒诞又怪异。小时候看可能还好，长大了看就觉得平庸且无聊。一代狮子不敌二代狮子，二代狮子不敌三代狮子，这样一个狮群内部首领交替的故事搭配上英国封建王朝王权更迭，非常怪异。在这里你会看到国王一家子（狮群）吃子民（羚羊/角鹿之类）的邪典故事。按狮子的习性，小狮子不应该再回到这个族群了。它妈必定和新狮王交配，正常只有后代的，它再回来乱了血统，偏偏非要插入一个子承父业的人类故事，哪哪儿都怪异。除了叔叔外，基本上都是血统论的拥趸🥱。,3,还行,1,0.999999999979843
2022-02-02 18:36:33,椿三十郎,"纯纯儿童作品，正邪两极。
非常失败的反派角色，Scar一出场就是一脸败相，堪称无聊。
Hakuna matata",3,还行,2,0.9980211655992668
2022-02-17 15:34:05,锁简,"父爱，成长，神圣责任与正邪对抗。想到小鹿斑比。
大反派叔叔刀疤为夺王位利用辛巴的好奇心理，说北部地区猎狗领域是大象的坟地使辛巴和娜拉甩掉了鹦鹉到了那里险些丢掉性命，多亏父亲及时赶到救了他，教育他勇敢不是乱惹麻烦。
刀疤引发角马群奔，爸救辛巴后爬上悬崖时被刀疤推下。刀疤利用辛巴的自责说他害死了他爸爸，说妈妈会怎么想，你做了什么？叫他离开不要回来，在他心里留下不堪提及的过去。他逃走后，结识了两个朋友，以no worries心态暂别痛苦，他在无忧无虑的情况下长大了，却忘记了自己的责任。
终于他的好朋友娜拉回来了，她的家园一片荒芜，猎狗和刀疤统治下，没有食物可吃。猴子叫他去看自己的倒影，因为他爸爸就住在心里，别忘记他自己才是真正的国王，他和母狮们携手对抗刀疤，刀疤为了自保说鬣狗是敌人而后被鬣狗杀。
",5,力荐,0,1.0
2022-04-16 13:43:06,小钻风,【6/10】挺老套的，说实话辛巴这个角色令人喜欢不起来，反倒是丁满跟彭彭这两个配角很讨人喜爱。影片没有呈现辛巴的成长过程，而且他的觉醒也仅仅是依靠外力。,3,还行,2,0.9999998307992968
2022-07-19 23:59:16,Kwan,童年回忆。剧情忘记了，年初发现漏标记，今天重温。真·《狮子王复仇记》。果然没记错！《狮子王》里是有丁满Timon和彭彭Pumbaa的！看到有不少微信好友个签曾经是Hakuna matata。原来是出自这里。无忧无虑！很多很赞的台词，“这个世界背叛你的时候你也背叛这个世界”。辛巴难得离开伤心之地，与丁满、彭彭快乐地生活多年才能忘记忧伤不再自责，却又被告知全村人等着你去救国。多次思想挣扎、自我怀疑，直到想起父王的话语才明白有些责任是自己必须承担的，毅然决然地回去。在不到90分钟的时长里把一个关于成长的故事讲得如此精妙，细节处又耐人寻味，很棒！配乐和画风在当年也相当优秀。真可谓是一部老少咸宜百看不厌的经典动画电影！10/10 PS：不知道为什么总觉得吴孟达像彭彭；老猴子最后那段竟然模仿了一把李小龙，美国佬对李小龙真的有特别的情怀。,5,力荐,1,1.0
2022-08-19 20:49:24,跳南湖,多年后，王二代“浪子回头”，打败篡位的王叔终成大统……只能说多么烂俗的剧本，全片透漏着成功主义的价值观，不成王就是失败的人生。如果不是给小孩子看一乐，2星都不会有,2,较差,5,0.7717637441712456
2023-01-07 10:35:22,宇宙打工人,补经典，过了看狮子王的年龄了，只觉得很幼稚。成年Nala看起来很有责任感，又强大，她更适合当国王。,3,还行,13,0.9973935647696556
2023-04-24 19:50:31,学术个体户,本片确实不错，但觉得并不值9分。本片前半部分，觉得辛巴就是一个坑爹的败家孩子，看得我替他着急。中间觉得他在森林里找到了真正的生活，换作是我，可能就不出来了。后半部分是传统的复仇桥段，可以理解。所以，本片倒是有些趣味，但真不至于这么高评分,4,推荐,5,0.9981574100889437
2023-05-05 05:48:47,还是那个废物,重看会觉得过于父权制,3,还行,15,0.2224573806150505
