2005-12-16 09:16:26,恶魔的步调,异形立方，限制空间，多对一，公司阴谋论，从某种程度说其实是一种回归。《THX 1138》印记明显，相仿地，我觉得另一方面又对后来的《Pitch Black》有比较深的影响。除去狗以外，第一受害者（30分钟时）大声唱着《In the Year 2525》：当上帝降世溜达时，也许他会说，审判日貌似该开始了。120902,4,推荐,12,0.9999574785435144
2006-07-18 14:53:46,大宸,芬奇把“异形”变成了说教话痨片...,2,较差,154,0.2177006682347393
2007-03-14 20:24:48,CATS,对一部电影进行严厉批评和热情称赞都是可以的，只是大家确定自己痛骂和歌颂的《ALIEN3》是同一个事物吗？是当年公映的原始剧场版（狗异形），还是被阉割改装得面目全非的所谓“特别版”（牛异形）？你真的看过《ALIEN3》吗？,5,力荐,3,0.5224021692316158
2007-05-10 06:14:37,slowsnow,异形续集里最难看的一部。,2,较差,301,0.5209201682331606
2007-12-31 17:03:58,没头脑又不高兴,David Fincher导演。 第三部，最后下去,3,还行,0,0.6110842255607887
2008-01-02 19:18:27,大v,"明显这部在对Alien的刻画上细致多了,出现了细节和整体身形~~飘逸得~DF的取景也很大气,并且具有艺术气质~捕捉人物心理也到位得很.好看好看~~想要个跟Alien等大的模型....~",2,较差,0,0.9999999978793046
2008-02-06 21:02:14,颢,传说当时好像也是一起租碟看了整个系列，总之，主角是永远不死的，且是永远能战胜异形的~,3,还行,0,0.976791890861976
2008-03-12 15:37:16,张小北,北京国际电影节科幻电影展映单元，114分钟公映版，20160412三里屯美嘉影城大银幕观影。这次看才认出来，里面那个男医生，竟然是小恶魔他爹泰温公爵大人……,5,力荐,193,0.9993274604028718
2008-07-02 17:50:01,,感觉很长很闷很说教……全是苦逼禁欲男的监狱行星，让我想起《基地前传》里的麦曲生啊……,2,较差,1,0.7078286454434726
2008-07-27 11:52:33,Onething,义乌电视台天天放异形，囧,3,还行,201,0.4032286028599464
2008-10-28 14:27:39,你绝对想不到因为这也出乎我意料,就知道异形不会消失，没完没了，果然不错，俺想不出它是怎么蹦出来的。囚犯死的很惨，蕾普利也是,3,还行,0,0.1842299434834445
2008-12-26 22:16:24,超cute侠,虽然导演是我喜欢的大卫·芬奇，但是此系列已经有些疲软了。,4,推荐,1,0.912108724237564
2009-07-22 00:13:31,梦工厂大爷,我和大卫芬奇一样不承认这部是他拍的！,3,还行,0,0.0359241056587635
2009-09-15 21:59:55,阿谬,开篇就显败象，上集好不容易救出的可爱女孩，一种希望或者说温暖的象征，还未露脸就被扼杀。还是困守在一个地方，没有到开放空间，完全不符合我的心理期待。而且，最雷的是，一下子回到冷兵器时代。最后结局是否抄袭终结者2？,2,较差,275,0.9999986098826544
2010-01-06 00:09:31,彩虹几度,最另类的一部，回归人性，充满了宿命感，芬奇想绕开前面的高山，独辟蹊径的想法是对的，可惜当年火候实在是不够,3,还行,6,0.9999900971633148
2010-01-21 17:17:02,袁牧,断断续续，形式感很强，大卫.芬奇不承认自己的这部处女作，悬念不够，恐怖不够，斯科特、卡梅隆珠玉在前，的前作已经无法超越了，大卫.芬奇的异形根本就是反异形，破坏了这个系列电影完整的世界观。,3,还行,34,0.9993946165046718
2010-02-10 22:57:05,stknight,这第三集是四部曲里最不搭调的一部，作为大卫.芬奇的处女作，他一直不愿承认这是自己的作品，原因是二十世纪福克斯的“横加干涉”，导致影片脱离了导演的意图。片名很有意思，异形的三次方，第二部的时候片名叫Aliens，表示异形不止一只，按道理这次异形应该更多，但实际上这一次异形就那么一只,3,还行,1,0.9910908985898306
2010-02-17 17:54:46,何生生,异形里最好的一集,4,推荐,349,0.7826441208517814
2010-02-21 16:06:29,易,完美的心理恐怖片，完美的反异形片，从芬奇这部处女作里面就可以看出七宗罪和12宫杀手的许多手法和灵性。,5,力荐,0,0.9979145868834258
2010-03-21 21:54:26,唐伯猫,觉得洒水让异形分崩离析的那段还是很酷的，不知为啥大卫芬奇怂的都不肯承认这部是自己拍的,4,推荐,0,0.0024260901934913
2010-06-03 22:13:36,MygawaTalk,原来大卫芬奇也有装13装歪掉的时候。。。那叫一个做作阿。。。。,3,还行,171,0.0015504182407782
2010-06-18 22:03:02,鱼进锅,20.4.21重温；再看还是觉得这部不伦不类 特效也差 真是没意思。。；这部居然让 大卫芬奇 来拍 又文艺了。。。,2,较差,1,0.0019673180852014
2010-06-22 20:19:25,🌊,大卫芬奇是装逼专业户,2,较差,95,0.0737531248560753
2010-08-13 17:20:43,香蕉屎⊙,很棒的是这次打怪是完全没有重型武器的情况下靠一众囚犯完成的。但奇怪的是异形数明明减少到只有一只，特效比第二部里千军万马的场面还差多了,4,推荐,0,0.1033050601772551
2010-12-10 20:04:25,somnambuleNRR6,"因为没有剪辑权，所以大卫-芬奇拒绝承认为自己的作品。Anyway，道行不深无法意会即使芬奇本人参与剪辑，影片是否有革命性地改变。""Bishop"" 原型客串算是个小惊喜吧~",3,还行,0,0.9731092556368064
2011-01-01 14:12:32,杯麵,异形系列中最不给力的，但还是要看看的~~蕾普莉抱着自己的亲身骨肉葬身'铅海'的一幕有点伤感哪~~~,3,还行,1,0.9848753101288996
2011-01-04 22:53:16,regainworld,拖沓、冗长，用力过猛的音乐，装逼过头的音效---差点儿睡着了；甭管什么大卫芬奇，这片导演就是个85,2,较差,0,0.0652901571606251
2011-01-04 22:53:16,regainworld,拖沓、冗长，用力过猛的音乐，装逼过头的音效---差点儿睡着了；甭管什么大卫芬奇，这片导演就是个85,2,较差,0,0.0652901571606251
2011-01-07 21:43:23,卡卡洛特,大卫芬奇的经典作品气氛拍的太棒了， 超个性，超喜欢,5,力荐,0,0.9872203892884353
2011-02-04 23:43:57,blacktea,special edition阅毕。芬奇制造的恐怖比2更胜一筹，画面剪辑配乐烘托都给观众以压迫的紧张感，而这座孤僻的监狱里都是XYY染色体的囚犯 芬奇借助此背景发挥了一场探讨人性、信仰、生存的战争。对女主Ripley的塑造也还原了她的母性和脆弱彷徨女性行为 更加真实动人。,3,还行,0,0.9999999966150664
2011-02-09 23:46:53,deus,从这个有点伤感的结局来看明显就是要为三部曲收尾，没想到后来又搞了了个四。如果把三和二的顺序调换一下或许评价会好上不少吧，芬奇更希望恢复到一代的风格，表现封闭空间内的恐怖，而非一场纯粹的火爆战斗，怪只怪卡神的底子打得太好，再就是当时他还太嫩。不过这部里的异形已经有点杀人犯的意思了。,3,还行,0,0.9989516218163628
2011-03-27 17:42:57,树木夕凉,完全芬奇式的异形，已经跟异形系列没什么关系了，基本上异形已经沦为活道具，难怪票房惨败舆论一边倒，我倒是很喜欢这部，火葬和异形从牛体钻出的那段平行剪辑很棒。,4,推荐,170,0.9983936411237436
2011-04-24 05:48:24,狐,"'For within each seed, there is a promise of a flower. And within each death, no matter how small, there's always a new life!'",4,推荐,0,0.1197675844830927
2011-05-14 14:45:21,阿Q,"虽然导演是大卫芬奇, 风格也较之前两部大不相同, 带有芬奇的黑色风格, 不过除了女主角, 竟然全片都是粗犷的大汉啊, 汗~ 剧情也无甚新鲜之处, 说实话, 这系列里面不太喜欢的就是这部了.",3,还行,0,0.2276243429540251
2011-06-05 22:18:30,荔枝超人,从上一部动作片又变成灾难片，看得下去吧。（145min特别版）,3,还行,8,0.9444203840757408
2011-06-27 18:34:37,大發,这个不是要绝后了么，，,3,还行,0,0.2134644030074963
2011-07-16 08:50:54,朋克布莱克,貌似这部得到很多差评，或许是因为恐怖没有了，变成文艺片的关系？但我觉得还是挺好看的，监狱星球的设定不错，结局跟终结者一样，一下子就主旋律了。,4,推荐,192,0.9998711341386136
2011-09-05 16:50:20,Marty McFly,只喜欢片头异形侵袭的部分，后面太玄幻了，而且还让第二集中的小女孩和Hicks都死了，实在太伤感情了！,3,还行,1,0.9344618056375744
2011-09-06 00:04:33,饿霸地煮,少有电影能像异形一样 把冰冷的器械工业拍出血肉肌理,3,还行,0,0.998729999264168
2011-09-06 00:04:33,饿霸地煮,少有电影能像异形一样 把冰冷的器械工业拍出血肉肌理,3,还行,0,0.998729999264168
2011-09-12 00:43:37,Obtson,【145min-Special 'Assembly Cut' Edition】上一次接力用了7年，这一晃又是6年。感觉芬奇这棒发挥得差强人意，重戏份的信仰说教和人物内省反而将冲击力削弱。另外我很好奇，西格妮韦弗这不都归西了吗，热内难道有回魂丹？,3,还行,2,0.5649247616916683
2011-10-09 14:25:25,欺霜傲雪,怪不得大卫芬奇甚至不承认这是他的作品，异形系列中的异类，没事牵扯宗教干毛，确实难得称得上好看，根本就没有半点大卫的风格。,3,还行,0,0.997419714249298
2011-12-23 21:28:15,boks,更省事，太空飞船的镜头开支也大幅节省，就找个废弃的钢铁厂之类的随便搭几个棚子拍吧。 进步是这兄台比以前跑动快了点，不再晃荡荡醉醺醺了,3,还行,0,0.2933968812695948
2012-01-08 14:37:07,.H,看到3早就不惊悚了，倒是故事的设定很有意思，前半部分大量的对白，每一部异形特点都不尽相同啊,4,推荐,0,0.8725476610801234
2012-01-30 10:29:22,刘建明,分为狗版和牛版。开场喷了，惊悚的感觉多点，大卫·芬奇被制片方牵着鼻子走，最后是当时流行的跳岩浆。有点灯光晃得厉害算是向1致敬吧。。,1,很差,0,0.1758309297137934
2012-02-06 15:33:38,你的芝士,大卫芬奇小试牛刀的处女作，对话太多，情节推进好慢，远没有第二部精彩。,3,还行,1,0.246187797386891
2012-02-12 23:49:45,眼圈,除了冗长我想不到别的词来形容了  怪不得芬奇童鞋不乐意承认介是他的片子呢。。。  ,2,较差,0,0.5513962319244937
2012-02-12 23:49:45,眼圈,除了冗长我想不到别的词来形容了  怪不得芬奇童鞋不乐意承认介是他的片子呢。。。  ,2,较差,0,0.5513962319244937
2012-02-14 14:21:20,451½°F™,异形系列在经过恐怖（第一部）、动作冒险（第二部）之后，，芬奇将第三部打造为「反上帝」的宗教讽刺+心理悬疑，似乎更加回归某种原始的「克苏鲁」设定——相信上帝归来的重刑犯们结果盼来了如同终极审判者的异形，本身即是对于信仰的讽刺，最后却以一种英雄主义对为了利益放弃一切良知的「公司」形成鲜明对比，韦弗的「女性主义」则以另外一种不同于第二部「动作明星」的姿态成就了真正的胜利。,4,推荐,4,0.999999999999998
2012-02-18 03:30:43,小鸟不白,不是烂，只是非常之不喜欢，大卫芬奇这不是明摆着糟蹋东西么，暴敛天物，这个2B！艹！大卫芬奇艹你大爷的！,1,很差,6,0.0004741080359306
2012-02-21 12:52:55,萌发奇想,A3是大卫芬奇这个导演的处女作（可听说他自己不承认也很抵触），后来他又拍了《搏击俱乐部》、《七宗罪》、《十二宫》等满有名气的电影！目前很火的美剧《纸牌屋》也是出自他手。PS.我只记得A3在我小学第一次看时，异形从狗肚子里爬出我就吓的不敢再继续看了，直到成人后才又完整的看完。,3,还行,0,0.995491950996169
2012-02-24 17:42:13,dodofish,原来这是大卫.芬奇正式导演的第一部电影 所以感官感受低于#七宗罪#、#搏击俱乐部#情有可原~最后一幕神似#终结者2#中州长的舍身取义~没有它 就没有#本杰明巴顿奇事#、就没有#社交网络#了~,3,还行,1,0.0017270321793898
2012-03-09 11:44:20,鬼腳七,这部换了大卫芬奇，一上来就把第二部救出来的人全部弄死了，这行为实在够2，剧情上花了大把时间磨嘴皮子，只有一只异形，场景过大，真是集合了前两部的所有瑕疵。新意在于，雷普利体内有虫母，但是最后又很有仪式感地自杀了，是想完结这个系列嘛？做人做事还是别太绝，给别人留条路。,3,还行,332,0.7797113743155634
2012-03-18 23:27:54,已注销,大卫芬奇的第三部真是太经典了，它抛弃了第二部那种温吞和缺乏创意的叙事，故事冲突令人激动。女主首先希望活下，害怕再次被异形袭击，在逃避中一步一步坚强起来，同时还改变了监狱里那些犯人的心态，最后坚强的一跃，其信念已经超越了对生活的渴望。影片展现了真正的人性冲突，精神层次超越第一部,4,推荐,0,0.9999999999997152
2012-04-04 02:49:12,mark,尽管因为福克斯公司的干预，芬奇甚至不愿意承认此片是自己的，尽管斯科特和卡梅隆的前两部已经在技术和感官高度达到了那个年代不可逾越的高峰，但这部异形在我眼里无疑是最好的。好就好在不管是主角还是监狱里的囚犯们人性中的忧郁，贪婪，彷徨和最后的英雄举动都写得很好，此外设置一个没有武器也很好,5,力荐,132,0.9999998986072964
2012-04-05 20:31:54,歪歪,我不管什么立意有多好，个性有多鲜明，好好的科幻怪物片不拍，搞的哪门子立意玩的哪门子个性啊~快进都快进得犯困了~,2,较差,2,0.7375068579970793
2012-04-10 16:08:08,每天洗手四十次,老实说，觉得最难看的一部...美女大战怪兽，监狱片，粗口...David Fincher?,3,还行,1,0.0022032031987491
2012-04-10 16:08:08,每天洗手四十次,老实说，觉得最难看的一部...美女大战怪兽，监狱片，粗口...David Fincher?,3,还行,1,0.0022032031987491
2012-04-14 19:16:42,托尼·王大拿,"也难怪芬奇一直不承认这部""处女作""，完全没有他后日所展现的凌厉的个人气质；从前作单纯的人与异形的斗争终于升华为人与人的斗争，幕后黑手——公司——的出现是高潮，但全片既无悬念也无激战，实在平庸；而且异形的出现只有在近景才使用模型，中远景都采用CG，那时的技术却是粗糙得令人眼晕。",2,较差,7,0.9994168529248878
2012-04-23 11:17:04,双一,这片子拍的神神叨叨的，既没有第一部的惊悚与壮丽，也没有第二部的血腥与畅快，只剩下一堆神经质的劳改犯在絮叨了,3,还行,3,0.7536675035493746
2012-04-23 11:17:04,双一,这片子拍的神神叨叨的，既没有第一部的惊悚与壮丽，也没有第二部的血腥与畅快，只剩下一堆神经质的劳改犯在絮叨了,2,较差,3,0.7536675035493746
2012-05-29 15:16:54,氟西汀,被制片方绑架的大卫·芬奇也只能拍出这样一部在深度方面浅尝辄止的灾难电影，不过话说回来，真要让导演按自己想法去颠覆整个故事内核说不定就成了《十二宫》一样的闷棍片。我在想如果换做诺兰接手，这个系列会不会变得不一样。,3,还行,1,0.999992018206062
2012-06-01 23:51:07,亵渎电影,异形系列中剪辑和摄影存在感最强的一部，也是大卫·芬奇后来最擅长的部分，可惜这个剧本太差了，基本上就是一团乱麻，连个清晰的故事都没讲出来，人物更是没有个性，所有角色做的基本上就是等于被异形干掉，为观众提供点视觉刺激。这一系列中最烂的一部！★★☆,3,还行,264,0.9999595124115056
2012-06-05 15:23:51,私房歌,抛开糟糕的剧情不说，作为大卫·芬奇的首部电影，能拍摄到<异形>这样重量级的影片，对他来说，已经是一个伟大的成就了。,3,还行,1,0.9895868679736206
2012-06-06 21:30:30,囧囧熊上线啦,小角色想要活到最后，也存在抱好主角大腿的问题，关系太closed不成，背叛也不行，胆小怕事自私自利也是炮灰，最重要就是唯猪脚之命是从，肯定活到最后,3,还行,0,0.8896639339194875
2012-06-09 13:36:43,ParasItE,可以看到大卫芬奇以后诸多名片的影子所在，虽然他自己诸多纠结，但是这部处女作的确会是他后来所有噩梦的根源。,4,推荐,0,0.9927504336117434
2012-06-18 04:50:53,米粒,大卫芬奇这方面其实也没有很大的问题，关键是这整个故事没有延续异形的精髓啊，没啥讨喜的角色，还弄个跟终结者似的结局⋯⋯,3,还行,50,0.9999758068998144
2012-06-28 14:09:06,Goodbye薇安,异形系列最难看的一部。剧情冗长拖沓，高潮部分混乱成一团，自以为是的哲学命题令观众昏昏欲睡，最后无法结尾只好安排女主角自杀.....虽然说挂的是大卫芬奇的名号，但是他从来不认为这片出自他手。烂片的原因据传导演几次易主，大卫进组偏晚，制片管理流程断链所导致的。,3,还行,1,0.9992445793891818
2012-07-03 15:07:31,啼幽,虽说是处女作，但是感觉导演的个人风格不太明显。倒是片子里一些拍摄角度和打光不错，至于女主有了恋人、女主崩溃求被杀以及宗教情结什么的感觉略微有点逊啊……层次不甚清楚，特效和声效不错,3,还行,2,0.9999988354959124
2012-07-04 19:38:49,七十三,为何萝莉一来就死了好桑心~~~Sigourney Weaver光头更有型啊！！！！！,3,还行,0,0.5656440958898696
2012-07-11 17:05:34,无所谓,"slow, predictable, the total opposite of the first two movies. and slow. SLOW! nothing happens. a lot of useless talking and useless plot twists. Disappointing Fincher (but the main blame goes to the studios). Almost ruined the franchise.",1,很差,2,0.0059188056359852
2012-07-14 18:35:31,农历腥臭牛年拜,这部片子的意义在于一个只拍过MTV的年轻导演第一部长篇拍得这么难看但是他熬了过来后来成了拍出七宗罪和搏击俱乐部这样的片子的大师。。。。。看到了冰与火里老奸巨猾的Tywin Lannister可惜没几分钟就挂了,2,较差,2,0.99812647808443
2012-07-22 22:21:03,jj73浅之,比第二集有点多了，引异形入室那段密室戏很有意思，但很多细节不到位，各种疑问都没有得到解答。竟然是芬奇的处女导啊震惊，他的镜头语言在这片里已经很有风格，各种冷峻,3,还行,1,0.9795127374123068
2012-08-10 10:48:17,Nortown,这部芬奇处女座他自己是不承认的，这都是导演制片厂最终剪辑权归属问题的纠纷。最后舆论票房一边倒也是情理之中。故事性确实比较弱，电影中异形形象都抛弃了模具，而用CGI替代，那个年代的技术确实不敢恭维，跑那样跟装个假肢似的。芬奇个人烙印还是比较强烈的，特别是排气扇那场戏，很Cult。,4,推荐,6,0.9999788472543868
2012-08-17 02:33:58,Kaili Uchis,除开女孩的开场夭折和医生中途毙命这些情感上无法接受的因素外还是不错看的。。剧本一般般 但芬奇牛逼的剪辑和摄影从处女作就开始大放异彩什么的简直太棒 配乐用的太多,3,还行,0,0.9938921709281284
2012-08-25 16:43:03,井戒,怨不得大卫芬奇不承认这部。八叔和狗爹越看越像，这次角色的劲儿也很类似。,3,还行,0,0.9970254279229832
2012-08-28 12:41:44,sheeparker,也没那么惨嘛   and we have Tywin Lannister here！,4,推荐,0,0.4184847948345016
2012-09-01 16:56:23,Judy,结尾不错呀，但是搞了很多含义符号又没具体用到，挺生硬。最可惜的是小女孩和Hicks一开场就挂了555~总之这部感觉更像灾难片了,3,还行,0,0.9979623658769078
2012-09-01 23:52:46,今 敏,作为鬼才大卫芬奇的处女座，我个人觉得这是我已经看过的前三部中zui9出色的一部，也许故事本身已经脱离了前两部的人异大战的视觉恐怖，但我觉得也正因为如此才得以超越了卡梅隆的科幻特效版本。犹以异形诞生的一段剧情为甚，他的英雄主义、宗教情结等都融入进来，诞生了一部关于人性救赎的科幻电影。,5,力荐,4,0.9999999999998324
2012-09-01 23:52:46,今 敏,作为鬼才大卫芬奇的处女座，我个人觉得这是我已经看过的前三部中zui9出色的一部，也许故事本身已经脱离了前两部的人异大战的视觉恐怖，但我觉得也正因为如此才得以超越了卡梅隆的科幻特效版本。犹以异形诞生的一段剧情为甚，他的英雄主义、宗教情结等都融入进来，诞生了一部关于人性救赎的科幻电影。,5,力荐,4,0.9999999999998324
2012-09-02 02:44:07,未命名搪瓷🌈,大难不死的女强人终于在第三部要死了（也许吧）…此系列就是要让人明白即便逃离怪物有了大团圆结局也别高兴太早，指不定还没上续集就要被钢架子砸死了。这一部和第一部一样比较注重心理层次的描写，看上去的确是没有第二部带劲儿…可临近结尾整个要崩掉的设置让人实在不明所以，就真是其硬伤了…,3,还行,0,0.5480731147332548
2012-09-03 03:28:17,X在被人道毁灭,大卫芬奇同学95年就拍出了七宗罪这样的片子，但这片是有点儿一般啊，而且特技比79年的1还要假，难道是因为还是早期电脑特特效的缘故么？而且监狱里的戏也不是太好看，但据说这作强调了宗教？主角到这作业时老阿姨了，最后终于了结了。。。,3,还行,0,0.8729883691168073
2012-09-04 00:13:43,樱木花卷,有点向1靠拢，但又缺点什么。最后西格妮韦弗跳入熔炉时很震撼。,4,推荐,1,0.9973228452089158
2012-09-04 09:59:30,天书奇谈,才发现，看异形是从这部开始的。我这观影点是有多奇怪阿。,4,推荐,0,0.4280123340582838
2012-09-04 22:49:15,Morgan,相比异形，最可怕的还是人心。女主最后选择的牺牲更符合命运的安排！不过异形还是依旧看不过。,4,推荐,1,0.9999816803928708
2012-09-05 23:24:36,absolutmilk,现在再看原来导演是大卫.芬奇....感觉不对 完了特效还假 挺失望的,3,还行,0,0.1258809073210537
2012-09-06 12:08:43,l.m.,異形系列果然大量充斥著女權主義。第三部重回人性的探討，作為大衛芬奇的處女作，作者痕跡已可初見一斑，3.5分吧。,3,还行,0,0.1660297694754265
2012-09-06 14:30:28,alan sister,我只想问一个问题，第二部拼死拼活救出来的小妹妹，第三部一上来就让他嗝屁，这算什么思维？自我否定？脸都不露个就死了！,3,还行,1,0.0884684942064238
2012-09-08 09:50:00,LF,芬奇叔果然是新世纪的黑暗大师，前两作的科幻气息在这部里被一扫而空，一夜回到解放前，扔下先进的枪械使用火把和冷兵器对付异形君。肮脏潮湿混乱昏暗的电影色调也显得和前两作大相径庭，虽然此作在主线剧情中没有什么发展，但这个格调的改变也算创新吧，可惜剧本太平淡了，三星半。,4,推荐,5,0.999999580865074
2012-09-08 12:23:40,bay135,我觉的这部大方向还是对的，把异形又放到相对密闭的空间内，重新竖立藏在暗处的恐惧。背景设定也很有趣，更加突出了女主人公并很有创意的把异形安排在了主角体内。。如此好的诸多设定，却最终因为节奏剧情等方面流于一般。。大卫芬奇对于商业电影的控制并不理想。,3,还行,1,0.9999993632285868
2012-09-08 23:36:59,UglY_MoNey,虽然故事情节是一集不如一集，居然连特技都在时代进步的同时越来越差。。。不过在james两人组之后让david fincher和elliot接棒除此之外我还真想不到有更好的组合了～在异形活动的时候有些镜头感还是能看出导演水准的,3,还行,0,0.973709719946971
2012-09-09 16:09:01,yrh,作为一部女超人大战怪兽的片子，怪兽的戏份不多。,2,较差,1,0.7053197790747003
2012-09-09 18:38:20,阿吉娃娃,芬奇有没有看过1、2就来导的啊，硬伤一堆，从狗里面出来的异形就那么大了？一个异形可以宿在女主里，另一个为何不找小女孩？用强酸腐蚀冷冻仓最后是完好的，女主自杀时不知道熔铅是干不掉异形的么？整个一监狱闪灵版的勇敢者游戏啊，还想挖囚犯人性啊，这货不是异形，这货是怪胎。导演智商也秀逗到85了,3,还行,7,2.731652090726122e-05
2012-09-10 00:05:34,黑骨精,大卫·芬奇这一版是最具有争议性质的一部，有人说大卫·芬奇毁了“异形”，有的人说他拯救了“异形”。不论何种说辞，这部“异形”都是最具有成熟体系的“异形”。整部影片充满了大卫·芬奇的美学特征，只不过在渲染科技层面上变得少之又少了，甚至在看的时候不会觉得这是部科幻电影了。,4,推荐,2,0.9999963374102538
2012-09-11 12:47:05,邹逊,"没有风评的差，这一次纠结于人物的心里部分多了点，同时转移了阵地少了太空那种特有的幽闭恐惧感，不过母体长在雷普利身体里这一点加的很出色,虽然变成了普通的怪兽血腥路线，但还是很刺激的",4,推荐,0,0.9999984657523546
2012-09-12 01:51:01,Merindigo,剧情不算差，只是和前两作相比悬疑惊悚感几乎不复存在，幽闭空间的恐惧气质也消失殆尽。开头女孩和希格斯上校的死也未免费解，毕竟上一部好容易才活下来。芬奇执导可能是想要跳脱出异形系列原本的惊悚路子用自己风格化的叙事来讲人性吧，较之斯科特和卡梅隆，这部不被承认的处女座失望也是难免。,3,还行,1,0.9999996496236075
2012-09-12 15:47:35,山上风下,也算补完芬奇叔所有片，处女作果然最弱，不可理解把上集的人物写死然后展开自己的故事，还想看Hicks和Ripley的感情戏呢，监狱设定似乎没有把人性的暴力和残忍发挥出来，装逼的功力还不够。。,3,还行,1,0.9999918836709674
2012-09-14 00:25:49,林和平,有失大卫芬奇的水准啊，不过看在是92年的片，谅解一下吧。,3,还行,0,0.1588625920904238
2012-09-14 14:57:54,P。P,虽然老早听过异形，但真正看还是要从普罗米修斯开始，看了普罗，才知道是异形的前传，然后就一发不可收拾地把异形全给下了，一部部看过来，虽然从1979的1到1986年的2在到1992年的3，时间跨度很大，但是好莱坞的特技不得不佩服，在3的炼炉里竟然看到了中文，瞬间提神！,3,还行,0,0.5247662052805785
2012-09-16 00:26:07,夏天西瓜,由詹姆斯卡梅隆导演的异形2似乎最受推崇，但其前半部分有点拖沓，看得让我昏昏欲睡。我倒更喜欢异形3，气氛诡谲，镜头眩目，一种另类的酷。,4,推荐,0,0.92899308447455
2012-09-17 22:37:22,"Printf(""紅"")","这一部完全没了前两部异形的感觉,平淡,毫无紧张恐惧感且剧情极其令人不爽.让那个战无不胜的女超人彻底变成了普通人.而且最后那个终结者式的结局有没有考虑这样人家怎么给你拍续集啊?",3,还行,1,0.999620492314814
2012-09-17 23:43:58,Miss Bee,这部一上来就让人郁闷，女主第二部拼了老命的成果全莫名完蛋⋯剧情走文艺路线，如果说第一部拼命躲，第二部尽力应战，这一部是女主带着一群罪大恶极的犯人舍身取义去抓异形，以及女主对人类的信任度也降到最低点，总结便是，遇上一家黑公司，确实坚持不下去了⋯没那么烂，芬奇导演别那么害羞啦,3,还行,0,0.9946520388579634
2012-09-18 23:37:43,刘小青,芬奇要闹哪样呢……违和感啊……异形是优秀完美的生物？那么丑那么具有攻击性，怎么看都不可爱……,3,还行,0,0.9993567894765036
2012-09-19 10:21:32,荞麦,据说大卫.芬奇根本不想拍这个，从电影也看出来了，一直游魂一样……但非常喜欢结尾：一个女人以最大的努力拒绝着“公司”（体制）的招安（你可以过上正常生活，生儿育女），而选择与异形同归于尽。,3,还行,169,0.9963244679530028
2012-09-21 23:26:49,Leito,最后一段好像在玩游戏 还玩的极度混乱,3,还行,107,0.5637519687658439
2012-09-22 01:09:03,AIRMAN,"1）中尉真苦逼，逃了三集最终还是怀上了2）目前三部中最喜欢这部3）有无聊的宗教成分，还好不算很多4）涂满汉字标语的墙面让我等倍感亲切，不过谁知道美国佬是不是也想把中国人关进监狱里去呢5）结尾的话避开雷人的科学官造型不说，不来句""i will be back""真的大丈夫？",4,推荐,10,0.9999978306399476
2012-09-22 23:52:45,泰尼,芬奇想讲宗教没问题，关键是没讲清啊。千方百计救出的希望就莫名其妙死了，上部留下的爱情萌芽也被掐灭。决战部分地道战的思路实在混乱不堪。意识很超前，可惜落实很凌乱。故事也实在太弱。,3,还行,2,0.9642106889229636
2012-09-23 22:35:33,最后的晚餐,前半段节奏太慢，后半段，老黑你是为什么要让ripley逃走啊？你安的什么心啊？还是脑子不好使了……杀了大怪不杀怪后有毛用……而且，这部的特效做得太烂了，都没前两部看起来舒服，违和感太明显了~这不应该是老美的水平啊,3,还行,0,0.0612494310896263
2012-09-23 23:15:44,momo,成本挺低呢？洛里啰嗦的还有点做作。不过还是有点意思的。,3,还行,0,0.922381323519278
2012-09-25 15:12:38,林||我们谈什么都像谈死！,三星半。异形系列里我比较喜欢的一部，最接近人类的一部，昏黄的色调，加入了大卫芬奇喜欢的宗教神秘色彩，最后还把永垂不朽的女主角给弄死了。,3,还行,0,0.9998642935526284
2012-09-26 22:05:52,大灰狼的兔,昏黄、仪式感、还有大卫·芬奇最喜欢的宗教神秘元素，但看完还是让我失望了。除了迷宫那段还比较有感以外，能死得都死了，还都死得特别快。唯一超越斯科特和卡神的前两部的是：女主的发型。,3,还行,2,0.9999999981149053
2012-09-26 23:23:54,瞳°不乖,打破了行文模式，遣词漂亮，抽象符号美妙，却人物模糊，情节松散，但系列片的美妙就在这里，三部下来，那年1992，导演们已经做好预热~~,4,推荐,2,0.999996383790114
2012-09-28 22:13:00,corrinne,大卫芬奇(⊙o⊙)......其实挺不错诶，三星半。。。调子很统一，木有烂俗的情节（好吧，结尾有点哈利路亚）~可能少了猎奇性，但是多了人文和伦理的探讨，大卫芬奇的一贯关注点~,3,还行,1,0.9975085224559552
2012-09-30 00:14:39,leonid,3-...第一部营造神秘气氛，第二部动作大戏...第三部真变成捉疯狗了，片尾飞船不冒个泡还真不知道是科幻，而且一点也不惊悚...,3,还行,1,0.9866944773600131
2012-10-02 13:26:06,pksky,秉承老雷的异形1风格...加入芬奇的人性信仰暗黑气质...不死女皇Weaver终于可以一死谢家臣了...看完3才觉得卡梅隆大神拍的2实在是太cult B了...老雷和芬奇抓住了重点就是异形不应该像2那样被批量虐杀的...人类才是批量虐杀的对象...,4,推荐,38,0.0177654695377098
2012-10-03 10:57:24,唔想郁本郁,3.5 其实个人觉得普罗米修斯很大程度是从这部获得启发，宗教信仰与生死存亡的矛盾和引导，就是这部还讲得浅，也讲不顺。长得有点像普京的医药官这么瞬死真让人失望了,4,推荐,0,0.9999911744781728
2012-10-08 16:36:50,蜜思❤咪®,比较喜欢大卫芬奇这版。叙事比较流畅，而立之年的导演镜头语言运用已是相当的娴熟，画面人物比例、转场、面部特写。。最后的隧道段落很惊心。蕾普莉形象过于美化，有些审美疲劳了。黑人老大哥总是这么好心肠= =。。,3,还行,0,0.9996542383480946
2012-10-09 12:54:19,Moss大妖,很羞愧地承认，异形3和4我都是好几年以前下载的，拖了一遍然后就删掉了…不过现在看来那次略看对重要情节的覆盖率还是挺高的= = 芬奇的处女作，啧啧，其实跟同类型恐怖片相比大概已经算是不错的了，但是跟同系列相比就比较夹生了。不过尽管情节和主题上稍弱，节奏还是控制得非常好，芬奇一贯的强项啊！,3,还行,0,0.9873391489120518
2012-10-12 18:10:53,慢点儿,199 大卫芬奇是不是以为 这是三部曲第三部啊 给结了个尾 女主真是10年都没咋老啊 ,3,还行,1,0.1606962313216948
2012-10-12 20:08:16,王小北,2.5。经别人提醒，异形3很诡异的原因是雷普利上来就跟初次见面的人睡了。女主角最后死了，莫非这一些列结束？可异形4是怎么回事……,2,较差,0,0.2935421994690702
2012-10-12 20:08:16,王小北,2.5。经别人提醒，异形3很诡异的原因是雷普利上来就跟初次见面的人睡了。女主角最后死了，莫非这一些列结束？可异形4是怎么回事……,2,较差,0,0.2935421994690702
2012-10-17 20:03:27,戴泰德,系列最差，竟然出自芬奇之手，异形需要的只是纯粹的恐怖，掺入了太多无用的因素，最后的追逐戏竟很有趣，把异形当什么了一群混蛋...已经开始脱离那个美好的科幻年代了。,2,较差,1,0.2531568320830882
2012-10-23 23:02:44,减肥减肥减肥,所以异形到底是怎么跟着女主角的，我觉得还是和上集的主教有关吧。这集感觉还行，但是总觉得有点偏离的大战异形的主线。而且想死还不自杀，又是在暗中换成宗教理念了么。,3,还行,0,0.9999571414229332
2012-10-30 01:05:46,小柒゜,"大家都好high,各类怪胎都出动了。",3,还行,0,0.9104711993545828
2012-10-30 13:56:29,###疼,大卫芬奇延续了 卡梅隆的风格，恐怖但不惊悚，但我感觉有比卡梅隆的好，起码没有那种弱智的人设，人物塑造比较成功，可惜上一集千辛万苦救的人都全挂掉了，第一人称镜算系惊喜之处，全篇尚算流畅，但感觉异形和上一集一样好屎，特效镜头很不协调，剧情 也有不太合理之处。,2,较差,0,0.9968695641185412
2012-11-07 13:13:58,恍惚可乐,Ripley纵身跃入火海拥抱炽热的死亡，那一刻真是太震撼了。许多人把这部说的很不堪，但作为大卫芬奇的处女作，哪怕干涉再多呈现出来的也不是什么低水准，个人觉得还值四星！情节的硬伤也有，比如刻画半天突然就领便当的医生。,4,推荐,7,0.9991122757383925
2012-11-17 16:15:56,失控芭乐,这个女主角简直是影史最倒霉的角色，第一集碰到一只异形并甩了它，睡了半个世纪后，第二部醒来又碰到了一群异形；好不容易把“queen”踹出了外太空以为可以稳稳睡一觉回地球，结果第三部又被藏起来的小异形搞得坠到外星监狱……然后又跟它搏斗，还成了培育异形胚胎的母体……哎，最后不自杀都不行了…,3,还行,19,0.0678110960099621
2012-11-19 20:06:24,安蓝·怪伯爵𓆝𓆟𓆜,可能大家都觉得科幻片就不该太考虑人性的问题吧，所以给分都比较低。但个人看来，虽然有点点长，有点点絮叨，有点点精神至上。BUT！最后的跑迷宫和绝杀还是挺好看的！,3,还行,0,0.9348950029730104
2012-12-06 19:48:01,沐夕,异形与生化危机最大的区别就是，一个在每部片尾的时候都会结束，一个在每部片尾的时候总是敬请期待。由此可证小沈阳定理：悲哀就是人死了，片儿还没出完。。,3,还行,1,0.9809635730221902
2012-12-12 08:30:13,伊苏林迪夜光蟲,小时候来看气氛营造的还不错，现在看就觉得好拖沓，这系列在雷德利面前，大卫芬奇和卡梅隆都完败,3,还行,0,0.9920505338206332
2012-12-22 10:20:02,水之仓月,为啥都说大卫芬奇这部是异形系列中最难看的一部呢，我觉得还算可以吧。不过结尾的说教成分确实多了点。,3,还行,0,0.5176767412638276
2013-02-07 00:50:54,啊思思。Hannah,这部里头把，异形清晰化了，变聪明了，有做父亲的榜样，然后监狱里头的人几乎都是傻逼= =我觉得能当罪犯没电头脑怎么有资格当？！！！全傻逼！！女主角也变得好弱，其实不如从前了= =里头的音乐神马的用的很不是感觉，没把恐怖的氛围营造起来，拍摄手法没爱。,3,还行,0,0.999879790053454
2013-04-13 08:31:30,Hephaestus,影片一开始，前一集的几个生还者就死光光，女主也是成寄主，导演你是有多讨厌前面那部的导演啊。,4,推荐,0,0.9471999633277336
2013-06-02 18:01:29,麻油,异形每部导演都挺不容易的，又要延续系列整体框架，又要保有自身执导风格。PS：小萝莉就这么酱油了啊。还真是铁打的蕾普利流水的龙套。,3,还行,0,0.999986159516586
2013-08-13 20:20:18,EVA_征服天堂,据说是芬奇的荧幕处女作，如果习惯了他现在电影手法的表达，看这部片就没什么好奇怪的了！异形系列比较压抑的一部。PS：初中VCD打码,3,还行,0,0.9972668044417374
2013-12-08 19:07:23,穆如初,总觉得这个比例很奇怪啊，异形袭击人时候的特写感觉很大很惊悚，但是独自跑来跑去的时候就觉得很小只像猴猴一样呆呆的....Orz/原来这是大卫芬奇的处女作啊，嘛，肯定是比不上第一二部的，不过其中也有自己的特点，但这个空间的存在是否太，不可信？见《王后之母》,3,还行,1,0.9965970645226868
2014-02-23 19:24:07,猫龟🐌,据说大卫.芬奇根本不想拍这个，从电影也看出来了，一直游魂一样……但非常喜欢结尾：一个女人以最大的努力拒绝着“公司”（体制）的招安（你可以过上正常生活，生儿育女），而选择与异形同归于尽。,3,还行,0,0.9963244679530028
2014-04-22 14:24:26,老罗Lazzaro,芬奇这版拍的有点冷冰冰，而且用各种对话来拖，监牢版异形。多好的医生死的太惨烈。,3,还行,1,0.0576988842517378
2014-12-02 09:47:47,掉线,【C+】前半部那幽闭清冷的氛围还看得出芬奇的影子，大量极端仰拍有一种诡异的仪式感。后半部俨然化为三流B级片，根本看不出导演是芬奇了。剧本差，配角众多但通通变成人肉布景，而且充满了故弄玄虚和廉价惊奇。,3,还行,8,0.8214502760669828
2016-04-12 22:59:46,嘟嘟熊之父,太壮烈了，每一次与异形的对峙都如同神启。女主从根本上丢掉了与异形抗争的斗志，成为某种意义上被恐惧拴住的幸存者，而直到她发现自己已成母体，才真正堕入殉道者的轮回。大量局部特写，头顶坠落的异形，主观视角的追杀，和雾气弥漫的密室，好的科幻片，当为神话。,5,力荐,16,0.9999775489465268
2016-04-12 23:02:06,木卫二,不太好看啊。不管是作为异形系列，还是纯粹的恐怖惊悚类型片。,2,较差,15,0.699254800229038
2016-05-31 13:37:06,琧婯,说实话，芬奇的这部框架上是很不错的，在思想境界上超出另外三部，而且把星球废弃矿井监狱的肮脏暗黑面拍出来了，最后的追逐戏真棒。但是，芬奇那种神叨叨的傻逼西方宗教情结，无论站在哪个角度看，都是让上帝发笑的那种。,3,还行,25,0.9999759755611484
2017-01-11 10:28:24,某四,异形儿系列太有趣了好么？铁打的女主角流水的大导演啊，而且大导演之间还互相拆台……詹姆斯卡梅隆好不容易救出个小女孩儿，大卫芬奇一上来就给解剖了；（以下为剧透）芬奇嗨翻全场地把女战士给烧成灰了，人皮埃尔热内顺手就克隆了一个（嗯第四部刚开了个头儿）……期待《异形：契约》的复仇【喂】,4,推荐,138,0.9850675769729016
2017-04-30 14:23:22,唐小万,相比第二部我更喜欢这部啊，一开头就很有惊悚的意味，后面的通道跑也很好看，结尾多么壮丽。但这样还怎么拍下去……,3,还行,2,0.9999891563351092
2017-05-04 00:33:03,R·WALKINGDEAD,我觉得没那么烂！说教气氛确实浓了些导致整体情节比较无聊，但是在导演技巧上完全没问题啊……就是在《蓝丝绒》里也会出现的那种沉默的不详感，用剪辑和光影制造恐怖氛围（尸检、大风扇、烛火这几幕拍得非常有个人特色），几乎没有直接拍的血腥画面但我还是被吓到好几次……,3,还行,1,0.9887184149814844
2017-05-29 22:03:32,康报虹,大卫·芬奇导演处女作，比前两部多了很多对话，但是并没有多多少内涵，反而少了那种密室中的恐惧和压抑，神秘感大大减少。,2,较差,4,0.9995497928683778
2017-05-30 09:11:03,蜉蝣,开场小女孩的死亡几乎就注定了这部的失败。回归到封闭空间，但故事几乎没有拎得起来的有趣主线，加入的宗教探讨也没有说清，异形的形象也是最弱的一部。据说拍摄不易，大卫·芬奇甚至公开表示这部不属于自己的作品之列。,3,还行,8,0.9999936567741496
2017-06-03 08:28:30,连城易脆,感觉当时就打算将这部作为系列的结局了，可能异形确实太受欢迎了吧，所以才会接着拍。芬奇确实太坏了，第二集好不容易救回来的小姑娘，第三集一开始就搞死并解剖，女主前两集的噩梦也成了现实。这部对我来说最大的遗憾是生化人的戏份太少。另外看多了以后果然对异形似乎有了些感情，想要尽早看到它。,3,还行,1,0.9960414224701571
2017-12-21 22:38:14,AAA二流观众,看的是145分钟特别版。一座监狱，数个派系，各怀鬼胎，却终将以身徇道。摄影、剪辑、宗教意味与对精神世界的些微探讨无不透着芬奇极具形式感的风格。太超前了……私以为这是系列三部作品中最有意思的一部。,4,推荐,2,0.99999999983475
2018-01-17 18:35:01,张苑希,每拍一部换一次导演给人的感觉就是画风和剧情越走越偏，已经完全脱离了异形的整体风貌了。人物杂乱，文戏冗长，结尾女主的自杀式死亡着实让我惊了一把，这命题作文终结的也太简单粗暴了。,3,还行,0,0.9999999202238308
2018-01-20 00:21:25,OreoOlymLee,从蕾普莉发现自己是异形母体之后坦然赴死的一系列对话和镜头设计都能看出芬奇在很努力的引入自己的某种宗教情结，这点来看是不是就比卡梅隆那部要强。结尾那段异形的主观镜头挺不错，以至于雷老爷子还在《异形：契约》里重新设计了一个视效加强版的。,3,还行,2,0.999999976499024
2018-03-19 15:18:51,Leon Winters W,原来换导演了，这部续集3彻底破坏2结尾，坚强的女战士雷普利和少女ash在最不可能的困境里。它让异形2那个来之不易的结尾，看起来就好像一个笑不出来的黑色幽默。前半段还在玩前两部不相信怪物存在到相信无聊冗长铺垫，前两部的科幻感也全部流失，剧情也不如2精彩反转，彻底沦为了低成本B级片！,3,还行,64,0.9999999825314664
2018-09-13 22:57:52,毒角兽,事实证明特别版加长版导剪版不一定能抬高口碑，反而会拖累，这部就是例子。145分钟废话连篇，前期的宗教氛围更像是伤口撒盐，让本就陷在沼泽里的电影更往下沉，当然最大的问题还是剧本跟人物，简直就是儿戏，怪不得芬奇不想承认拍过这片。。。5/10,3,还行,2,0.4721034160686621
2021-05-08 11:53:33,持人的摄影机,"基本上就是讲述了第二部的女主飞船最后还是进了异形，导致飞船坠落，她降落到了一个关押男性囚犯的星球。在这里上她与其他成员经过一番努力终于干掉了一个入侵的异形。结尾因为她怀有异形宝宝不愿被赶来的公司拿去做实验，于是跳入岩浆自杀。

作为传统情节剧，尽管电影部分形式上比较新颖（比如各种幽闭空间的运用各种烟雾各种平行蒙太奇各种框中框），但由于过于松散的节奏和出戏的CG（异形真的做的太假了），导致整体很dull。更别提大量的剧情漏洞（莫名死掉的第二部小女孩、莫名跑回去给异形开门的囚犯、女主莫名怀孕异形宝宝、超高温铅水杀不死异形、等）和无趣的表演。",2,较差,1,0.9999994046506844
2022-08-30 17:55:05,夏季的天空,终于看到了两个半小时的加长特别版，有些宗教+文艺片的意思（20年后的《普罗米修斯》也有营造这种氛围感），但没有了前两部那种紧凑、惊悚的感觉，整体风格差异比较大。剪掉了最后跳熔炉时女皇破腔而出的镜头。,3,还行,1,0.9999954946048736
2023-01-04 21:24:57,火娃,6/10。重温。囚犯们为飞船上溺死的女孩进行火葬时，频繁插入异形在狗的胸腔中活动与狱长致悼词的蒙太奇，悼词念到阿门那一刻异形诞生，狗爆裂而死，这象征繁衍的可怕欲望：雷普利被视为生育工具，狱长怕女人的到来会违反宗教的禁欲，迫使她剃光头和穿男装（成为父权体系的规训对象），但囚犯和异形还渴望占有女人的身体，企图侵犯雷普利的囚犯被黑人迪伦暴打，和她渐生暧昧的医生在互诉衷肠后不久就被异形杀死，被诱惑行淫乱的人皆受惩罚，而体内拥有异形卵的雷普利受到异形的保护，这再次说明父权对女性子宫的垂涎，她作为母亲孕育的将是邪恶的生物武器，为此公司派出救援队想控制她的身体，但雷普利和小异形一起坠入熔炉，拒绝沦为生育机器。镜头运动上异形眼中奔跑、吸附在管道上的翻转画面，和人类仓惶逃命、关闭铁门的镜头排列剪辑，紧凑富有张力。,3,还行,7,1.0
2023-09-18 21:12:35,мая,5.5，算是芬奇黑历史吧，宗教隐喻明显没有想好，雷普利如何作为圣母玛利亚都是语焉不详的，完全停留在概念层面。卡梅隆原来建立的一套简单美国白男式的女性主义叙事被芬奇完全推翻（卡梅隆确实有点土），且用一种更加刻板的方式延续，完成度实在太低了。氛围营造也非常的一般，给异形的特写非常多，完全没有幽闭空间恐怖片的意境，只有一些主观镜头的运镜还可以，确实比芬奇后来的作品差了很多。,3,还行,0,0.9999955212314722
2023-10-09 19:27:55,不飞过海的海洋,"这部是大卫芬奇接棒啦
父权母系宗教象征真的好多
找妈妈（双重含义）
码友邻评论：囚犯们为飞船上溺死的女孩进行火葬时，频繁插入异形在狗的胸腔中活动与狱长致悼词的蒙太奇，悼词念到阿门那一刻异形诞生，狗爆裂而死，这象征繁衍的可怕欲望
在管道的异形视角很像跑酷游戏哈哈哈哈
92年终于有点特效了w
信仰之跃
居然还是电波字幕组的源
噗原来是老泰温",3,还行,0,0.9999999976843827
